de_grid_id,city_name,population,avg_age,expected_parcels
1kmN3134E4101,"Düsseldorf, Stadt",47.0,41.34,761.22
1kmN3093E4118,"Köln, Stadt",,,
1kmN3376E4229,"Bremerhaven, Stadt",,,
1kmN3093E4119,"Köln, Stadt",,,
1kmN3135E4091,"Düsseldorf, Stadt",,,
1kmN3378E4222,"Bremerhaven, Stadt",,,
1kmN3145E4120,"Essen, Stadt",123.0,50.33,2513.01
1kmN3380E4225,"Bremerhaven, Stadt",,,
1kmN3161E4151,"Dortmund, Stadt",1978.0,33.06,43335.64
1kmN3161E4152,"Dortmund, Stadt",660.0,31.41,14304.95
1kmN3384E4230,"Bremerhaven, Stadt",,,
1kmN3161E4153,"Dortmund, Stadt",100.0,42.38,1406.1100000000001
1kmN3069E4051,"Aachen, Stadt",,,
1kmN3161E4154,"Dortmund, Stadt",1177.0,48.64,30797.1
1kmN3161E4155,"Dortmund, Stadt",4329.0,44.97,110693.38
1kmN3388E4225,"Bremerhaven, Stadt",3.0,57.53,1713.8187000000003
1kmN3389E4224,"Bremerhaven, Stadt",302.0,40.65,7022.599999999999
1kmN3161E4156,"Dortmund, Stadt",3607.0,42.82,87201.23000000001
1kmN3162E4113,"Essen, Stadt",425.0,42.28,10556.5
1kmN3162E4137,"Dortmund, Stadt",,,
1kmN3389E4232,"Bremerhaven, Stadt",,,
1kmN3066E4051,"Aachen, Stadt",113.0,44.27,3136.71
1kmN3067E4051,"Aachen, Stadt",61.0,40.54,1054.56
1kmN3068E4049,"Aachen, Stadt",,,
1kmN3068E4050,"Aachen, Stadt",,,
1kmN3069E4049,"Aachen, Stadt",,,
1kmN3069E4050,"Aachen, Stadt",,,
1kmN3069E4052,"Aachen, Stadt",,,
1kmN3323E4242,"Bremen, Stadt",,,
1kmN3070E4048,"Aachen, Stadt",12.0,57.38,259.65
1kmN3070E4049,"Aachen, Stadt",4.0,67.01,1901.7438000000002
1kmN3070E4050,"Aachen, Stadt",18.0,54.38,335.25
1kmN3070E4051,"Aachen, Stadt",3.0,25.75,0.0
1kmN3324E4245,"Bremen, Stadt",,,
1kmN3070E4052,"Aachen, Stadt",12.0,39.13,58.72
1kmN3071E4048,"Aachen, Stadt",117.0,45.94,2161.75
1kmN3071E4049,"Aachen, Stadt",187.0,50.95,4653.48
1kmN3071E4052,"Aachen, Stadt",4.0,52.96,1577.6784000000002
1kmN3325E4239,"Bremen, Stadt",,,
1kmN3071E4050,"Aachen, Stadt",702.0,49.26,16601.329999999998
1kmN3072E4051,"Aachen, Stadt",860.0,49.94,21454.32
1kmN3072E4052,"Aachen, Stadt",24.0,39.65,322.92
1kmN3161E4149,"Dortmund, Stadt",153.0,51.46,3770.38
1kmN3347E4219,"Bremen, Stadt",,,
1kmN3162E4138,"Dortmund, Stadt",5066.0,39.27,122242.93
1kmN3071E4051,"Aachen, Stadt",74.0,54.59,2024.88
1kmN3162E4139,"Dortmund, Stadt",2057.0,40.86,51174.689999999995
1kmN3071E4053,"Aachen, Stadt",,,
1kmN3073E4050,"Aachen, Stadt",357.0,48.14,9028.92
1kmN3073E4051,"Aachen, Stadt",2611.0,47.25,66464.59
1kmN3073E4052,"Aachen, Stadt",666.0,46.98,16702.420000000002
1kmN3146E4107,"Essen, Stadt",30.0,50.71,753.3499999999999
1kmN3075E4045,"Aachen, Stadt",71.0,40.99,1498.36
1kmN3075E4046,"Aachen, Stadt",65.0,48.06,1595.6399999999999
1kmN3075E4048,"Aachen, Stadt",529.0,49.84,14524.14
1kmN3075E4049,"Aachen, Stadt",454.0,50.23,11911.41
1kmN3075E4050,"Aachen, Stadt",1548.0,43.44,38589.659999999996
1kmN3075E4051,"Aachen, Stadt",1788.0,49.37,46166.729999999996
1kmN3075E4052,"Aachen, Stadt",62.0,48.78,1257.66
1kmN3076E4041,"Aachen, Stadt",113.0,45.35,3146.29
1kmN3072E4047,"Aachen, Stadt",3.0,64.1,1819.1579999999997
1kmN3076E4042,"Aachen, Stadt",13.0,39.45,89.37
1kmN3076E4045,"Aachen, Stadt",83.0,48.13,1663.77
1kmN3076E4047,"Aachen, Stadt",19.0,53.49,399.42
1kmN3076E4048,"Aachen, Stadt",142.0,47.96,3149.11
1kmN3076E4049,"Aachen, Stadt",215.0,42.39,5526.59
1kmN3076E4050,"Aachen, Stadt",204.0,45.65,4728.24
1kmN3076E4051,"Aachen, Stadt",275.0,49.53,6791.84
1kmN3072E4048,"Aachen, Stadt",63.0,41.91,1503.88
1kmN3162E4140,"Dortmund, Stadt",402.0,40.89,10014.08
1kmN3162E4141,"Dortmund, Stadt",695.0,37.29,17401.46
1kmN3377E4222,"Bremerhaven, Stadt",,,
1kmN3377E4223,"Bremerhaven, Stadt",,,
1kmN3162E4143,"Dortmund, Stadt",65.0,47.33,1674.44
1kmN3072E4049,"Aachen, Stadt",59.0,45.33,1075.8100000000002
1kmN3162E4144,"Dortmund, Stadt",1907.0,38.79,46097.579999999994
1kmN3076E4052,"Aachen, Stadt",17.0,29.29,413.02
1kmN3077E4041,"Aachen, Stadt",1123.0,41.09,27543.38
1kmN3077E4042,"Aachen, Stadt",557.0,43.49,13034.14
1kmN3077E4043,"Aachen, Stadt",26.0,58.83,502.35
1kmN3077E4044,"Aachen, Stadt",739.0,45.83,18179.760000000002
1kmN3077E4045,"Aachen, Stadt",616.0,49.54,15849.93
1kmN3077E4046,"Aachen, Stadt",48.0,40.49,770.51
1kmN3077E4047,"Aachen, Stadt",177.0,47.33,4033.73
1kmN3378E4225,"Bremerhaven, Stadt",,,
1kmN3072E4050,"Aachen, Stadt",1042.0,48.74,26618.07
1kmN3161E4150,"Dortmund, Stadt",428.0,49.28,11232.27
1kmN3077E4048,"Aachen, Stadt",76.0,53.27,2155.66
1kmN3077E4049,"Aachen, Stadt",3847.0,40.96,95899.69
1kmN3077E4050,"Aachen, Stadt",4640.0,48.19,119277.93000000001
1kmN3378E4230,"Bremerhaven, Stadt",,,
1kmN3162E4145,"Dortmund, Stadt",1564.0,38.9,38834.89
1kmN3162E4146,"Dortmund, Stadt",4515.0,37.66,111271.11
1kmN3072E4053,"Aachen, Stadt",,,
1kmN3077E4051,"Aachen, Stadt",768.0,48.22,21100.43
1kmN3077E4052,"Aachen, Stadt",133.0,46.65,3372.8599999999997
1kmN3078E4042,"Aachen, Stadt",274.0,48.1,6887.83
1kmN3078E4043,"Aachen, Stadt",939.0,50.29,23348.6
1kmN3073E4047,"Aachen, Stadt",495.0,39.2,11308.41
1kmN3162E4147,"Dortmund, Stadt",51.0,47.09,1373.2399999999998
1kmN3162E4148,"Dortmund, Stadt",1825.0,42.37,46309.920000000006
1kmN3078E4044,"Aachen, Stadt",2139.0,48.57,53609.92
1kmN3078E4045,"Aachen, Stadt",3061.0,46.45,78412.91
1kmN3078E4046,"Aachen, Stadt",1453.0,46.25,36582.55
1kmN3078E4047,"Aachen, Stadt",3.0,80.77,2292.2526
1kmN3078E4048,"Aachen, Stadt",5022.0,40.6,120408.76
1kmN3078E4049,"Aachen, Stadt",2967.0,43.72,76286.62
1kmN3078E4050,"Aachen, Stadt",4222.0,44.27,107943.90000000001
1kmN3162E4149,"Dortmund, Stadt",3464.0,47.25,89412.69
1kmN3078E4051,"Aachen, Stadt",1636.0,45.2,40425.12
1kmN3078E4052,"Aachen, Stadt",260.0,47.88,7037.79
1kmN3078E4053,"Aachen, Stadt",,,
1kmN3079E4040,"Aachen, Stadt",11.0,52.01,92.55000000000001
1kmN3146E4108,"Essen, Stadt",127.0,42.48,2522.09
1kmN3079E4042,"Aachen, Stadt",1052.0,46.1,25822.68
1kmN3079E4043,"Aachen, Stadt",1801.0,49.33,46819.229999999996
1kmN3079E4044,"Aachen, Stadt",5052.0,40.79,132586.09999999998
1kmN3079E4045,"Aachen, Stadt",9355.0,42.64,252889.44
1kmN3073E4048,"Aachen, Stadt",16.0,61.67,129.18
1kmN3073E4049,"Aachen, Stadt",3.0,58.61,89.37
1kmN3162E4150,"Dortmund, Stadt",4252.0,43.84,108140.41999999998
1kmN3388E4224,"Bremerhaven, Stadt",3.0,70.63,2004.4793999999997
1kmN3079E4046,"Aachen, Stadt",2896.0,45.34,73721.74
1kmN3079E4047,"Aachen, Stadt",2405.0,45.69,62832.619999999995
1kmN3079E4048,"Aachen, Stadt",5953.0,41.86,151234.72
1kmN3162E4151,"Dortmund, Stadt",1363.0,40.97,32284.7
1kmN3162E4155,"Dortmund, Stadt",13.0,34.2,300.88
1kmN3162E4156,"Dortmund, Stadt",5.0,73.43,170.28
1kmN3146E4109,"Essen, Stadt",11.0,28.26,136.59
1kmN3079E4049,"Aachen, Stadt",97.0,46.34,1867.92
1kmN3079E4050,"Aachen, Stadt",265.0,43.01,5831.09
1kmN3079E4052,"Aachen, Stadt",,,
1kmN3079E4053,"Aachen, Stadt",,,
1kmN3080E4040,"Aachen, Stadt",1116.0,45.53,29131.409999999996
1kmN3073E4053,"Aachen, Stadt",4.0,59.77,174.51
1kmN3074E4041,"Aachen, Stadt",7.0,58.14,1731.9906
1kmN3163E4137,"Dortmund, Stadt",162.0,39.33,3730.9500000000003
1kmN3074E4046,"Aachen, Stadt",,,
1kmN3163E4138,"Dortmund, Stadt",3127.0,45.27,83017.47
1kmN3080E4041,"Aachen, Stadt",3134.0,45.49,82290.91
1kmN3080E4042,"Aachen, Stadt",2665.0,42.06,68146.66
1kmN3080E4043,"Aachen, Stadt",7144.0,38.74,192652.97999999998
1kmN3338E4241,"Bremen, Stadt",,,
1kmN3383E4230,"Bremerhaven, Stadt",,,
1kmN3074E4047,"Aachen, Stadt",522.0,41.82,12116.1
1kmN3074E4048,"Aachen, Stadt",1443.0,46.84,37751.619999999995
1kmN3163E4139,"Dortmund, Stadt",2254.0,47.68,58337.03
1kmN3163E4140,"Dortmund, Stadt",2333.0,37.93,53344.91
1kmN3080E4044,"Aachen, Stadt",15650.0,36.37,439870.17
1kmN3080E4045,"Aachen, Stadt",12776.0,36.74,358349.2899999999
1kmN3080E4046,"Aachen, Stadt",15844.0,36.72,432914.01
1kmN3080E4047,"Aachen, Stadt",9773.0,39.31,256493.7
1kmN3080E4048,"Aachen, Stadt",629.0,45.72,16003.61
1kmN3080E4049,"Aachen, Stadt",1804.0,48.17,46610.119999999995
1kmN3080E4050,"Aachen, Stadt",2036.0,38.16,48748.62999999999
1kmN3117E4100,"Düsseldorf, Stadt",,,
1kmN3388E4226,"Bremerhaven, Stadt",166.0,40.55,4043.0699999999997
1kmN3074E4049,"Aachen, Stadt",1105.0,46.92,28795.660000000003
1kmN3080E4051,"Aachen, Stadt",89.0,45.38,2375.7000000000003
1kmN3080E4052,"Aachen, Stadt",45.0,45.81,954.69
1kmN3163E4141,"Dortmund, Stadt",61.0,51.14,898.83
1kmN3081E4040,"Aachen, Stadt",11.0,38.5,182.31
1kmN3081E4041,"Aachen, Stadt",1842.0,41.33,45474.19
1kmN3081E4042,"Aachen, Stadt",2614.0,37.2,70425.62
1kmN3081E4043,"Aachen, Stadt",4375.0,39.32,118050.84
1kmN3074E4050,"Aachen, Stadt",200.0,46.08,4512.09
1kmN3081E4044,"Aachen, Stadt",11416.0,34.54,326478.17
1kmN3163E4145,"Dortmund, Stadt",5298.0,43.38,135599.65
1kmN3163E4146,"Dortmund, Stadt",6382.0,42.31,163286.15
1kmN3074E4051,"Aachen, Stadt",34.0,47.31,716.61
1kmN3081E4045,"Aachen, Stadt",12376.0,35.66,347533.38
1kmN3163E4147,"Dortmund, Stadt",1558.0,46.79,40595.1
1kmN3331E4201,"Oldenburg (Oldenburg), Stadt",,,
1kmN3331E4202,"Oldenburg (Oldenburg), Stadt",9.0,31.75,318.3
1kmN3074E4052,"Aachen, Stadt",63.0,43.07,1170.78
1kmN3081E4046,"Aachen, Stadt",9882.0,36.77,262106.93
1kmN3163E4148,"Dortmund, Stadt",2438.0,40.57,61112.21000000001
1kmN3163E4149,"Dortmund, Stadt",878.0,47.82,22048.88
1kmN3388E4227,"Bremerhaven, Stadt",962.0,46.31,24049.739999999998
1kmN3081E4047,"Aachen, Stadt",2613.0,38.91,64276.72
1kmN3081E4048,"Aachen, Stadt",2153.0,42.12,54941.810000000005
1kmN3081E4049,"Aachen, Stadt",5944.0,44.29,154638.39
1kmN3075E4041,"Aachen, Stadt",68.0,45.4,1039.61
1kmN3075E4043,"Aachen, Stadt",,,
1kmN3163E4150,"Dortmund, Stadt",6305.0,36.09,141908.47
1kmN3163E4151,"Dortmund, Stadt",2014.0,41.58,48718.66
1kmN3081E4050,"Aachen, Stadt",3878.0,44.04,98776.77000000002
1kmN3081E4052,"Aachen, Stadt",,,
1kmN3082E4038,"Aachen, Stadt",45.0,46.61,974.1099999999999
1kmN3082E4039,"Aachen, Stadt",26.0,42.33,667.71
1kmN3163E4152,"Dortmund, Stadt",27.0,44.54,986.94
1kmN3163E4153,"Dortmund, Stadt",2047.0,45.36,49916.399999999994
1kmN3075E4044,"Aachen, Stadt",24.0,42.35,469.97
1kmN3082E4041,"Aachen, Stadt",118.0,39.95,2922.12
1kmN3082E4042,"Aachen, Stadt",1872.0,28.34,53238.53999999999
1kmN3082E4043,"Aachen, Stadt",2097.0,32.35,54593.76
1kmN3082E4044,"Aachen, Stadt",5470.0,33.51,153264.97000000003
1kmN3082E4045,"Aachen, Stadt",4364.0,42.87,113115.17000000001
1kmN3082E4046,"Aachen, Stadt",935.0,36.57,23371.85
1kmN3388E4228,"Bremerhaven, Stadt",2257.0,49.4,58676.0
1kmN3388E4229,"Bremerhaven, Stadt",3149.0,42.2,76713.27
1kmN3147E4109,"Essen, Stadt",442.0,31.58,8863.41
1kmN3388E4230,"Bremerhaven, Stadt",2572.0,43.91,63018.9
1kmN3164E4139,"Dortmund, Stadt",5192.0,41.62,131067.51
1kmN3164E4140,"Dortmund, Stadt",2645.0,43.46,66461.38
1kmN3389E4222,"Bremerhaven, Stadt",,,
1kmN3082E4047,"Aachen, Stadt",2658.0,38.61,65010.149999999994
1kmN3135E4092,"Düsseldorf, Stadt",952.0,36.17,22803.100000000002
1kmN3388E4231,"Bremerhaven, Stadt",213.0,46.27,5340.69
1kmN3389E4223,"Bremerhaven, Stadt",299.0,48.32,7178.73
1kmN3389E4225,"Bremerhaven, Stadt",,,
1kmN3068E4051,"Aachen, Stadt",,,
1kmN3068E4052,"Aachen, Stadt",,,
1kmN3082E4048,"Aachen, Stadt",1065.0,46.11,26326.98
1kmN3082E4050,"Aachen, Stadt",1651.0,41.71,42264.91
1kmN3082E4051,"Aachen, Stadt",8.0,28.37,873.2285999999999
1kmN3083E4037,"Aachen, Stadt",,,
1kmN3389E4228,"Bremerhaven, Stadt",,,
1kmN3083E4038,"Aachen, Stadt",195.0,50.13,5007.110000000001
1kmN3083E4039,"Aachen, Stadt",59.0,39.2,1014.9000000000001
1kmN3083E4041,"Aachen, Stadt",23.0,40.09,211.71000000000004
1kmN3083E4042,"Aachen, Stadt",516.0,43.01,12089.57
1kmN3083E4043,"Aachen, Stadt",4007.0,45.4,104862.41
1kmN3083E4044,"Aachen, Stadt",744.0,47.45,18235.1
1kmN3083E4045,"Aachen, Stadt",223.0,42.62,5208.12
1kmN3164E4141,"Dortmund, Stadt",13.0,42.43,538.0
1kmN3164E4142,"Dortmund, Stadt",,,
1kmN3083E4046,"Aachen, Stadt",646.0,40.63,19098.84
1kmN3083E4047,"Aachen, Stadt",2532.0,43.41,65844.64
1kmN3083E4048,"Aachen, Stadt",5247.0,41.71,136684.49
1kmN3083E4049,"Aachen, Stadt",618.0,44.62,15267.800000000001
1kmN3083E4050,"Aachen, Stadt",1700.0,42.64,43311.15
1kmN3083E4051,"Aachen, Stadt",,,
1kmN3083E4052,"Aachen, Stadt",5.0,18.71,44.04
1kmN3084E4037,"Aachen, Stadt",5.0,47.09,1452.7265000000002
1kmN3084E4038,"Aachen, Stadt",190.0,48.43,4558.32
1kmN3074E4053,"Aachen, Stadt",5.0,79.67,85.14
1kmN3084E4039,"Aachen, Stadt",6.0,54.44,85.14
1kmN3164E4143,"Dortmund, Stadt",180.0,44.25,4329.98
1kmN3084E4040,"Aachen, Stadt",19.0,37.62,85.14
1kmN3084E4041,"Aachen, Stadt",22.0,47.69,356.82000000000005
1kmN3084E4042,"Aachen, Stadt",530.0,49.28,13003.23
1kmN3084E4043,"Aachen, Stadt",2935.0,47.16,74345.3
1kmN3084E4044,"Aachen, Stadt",1002.0,44.34,25444.879999999997
1kmN3164E4144,"Dortmund, Stadt",3.0,67.0,1901.46
1kmN3084E4045,"Aachen, Stadt",55.0,39.21,945.25
1kmN3084E4046,"Aachen, Stadt",38.0,38.76,487.62
1kmN3084E4047,"Aachen, Stadt",101.0,44.29,2530.6099999999997
1kmN3084E4048,"Aachen, Stadt",,,
1kmN3084E4049,"Aachen, Stadt",,,
1kmN3084E4050,"Aachen, Stadt",,,
1kmN3084E4051,"Aachen, Stadt",,,
1kmN3084E4052,"Aachen, Stadt",,,
1kmN3084E4115,"Köln, Stadt",,,
1kmN3085E4040,"Aachen, Stadt",,,
1kmN3085E4041,"Aachen, Stadt",49.0,54.67,1183.8000000000002
1kmN3333E4252,"Bremen, Stadt",,,
1kmN3085E4042,"Aachen, Stadt",1576.0,44.74,39045.409999999996
1kmN3085E4043,"Aachen, Stadt",3140.0,45.27,81719.05
1kmN3085E4044,"Aachen, Stadt",904.0,48.69,23044.08
1kmN3164E4145,"Dortmund, Stadt",548.0,44.38,13837.029999999999
1kmN3085E4045,"Aachen, Stadt",118.0,45.7,2611.6200000000003
1kmN3085E4107,"Köln, Stadt",,,
1kmN3085E4108,"Köln, Stadt",,,
1kmN3085E4109,"Köln, Stadt",446.0,45.58,10361.34
1kmN3085E4110,"Köln, Stadt",1362.0,44.38,33473.44
1kmN3078E4041,"Aachen, Stadt",,,
1kmN3085E4111,"Köln, Stadt",,,
1kmN3085E4112,"Köln, Stadt",,,
1kmN3085E4113,"Köln, Stadt",,,
1kmN3085E4114,"Köln, Stadt",524.0,39.83,13473.66
1kmN3085E4115,"Köln, Stadt",7.0,51.51,89.37
1kmN3085E4116,"Köln, Stadt",626.0,39.34,15140.64
1kmN3086E4041,"Aachen, Stadt",10.0,50.46,291.21000000000004
1kmN3086E4042,"Aachen, Stadt",85.0,53.72,2096.41
1kmN3086E4043,"Aachen, Stadt",255.0,34.7,5492.72
1kmN3389E4229,"Bremerhaven, Stadt",256.0,47.23,5958.63
1kmN3086E4044,"Aachen, Stadt",159.0,40.28,3239.46
1kmN3086E4105,"Köln, Stadt",,,
1kmN3086E4106,"Köln, Stadt",,,
1kmN3086E4107,"Köln, Stadt",1584.0,40.53,38379.409999999996
1kmN3086E4108,"Köln, Stadt",717.0,40.96,18137.760000000002
1kmN3086E4109,"Köln, Stadt",7.0,42.53,92.55000000000001
1kmN3086E4110,"Köln, Stadt",1560.0,44.7,38947.0
1kmN3086E4111,"Köln, Stadt",40.0,43.94,895.53
1kmN3086E4112,"Köln, Stadt",,,
1kmN3086E4113,"Köln, Stadt",,,
1kmN3086E4114,"Köln, Stadt",,,
1kmN3086E4115,"Köln, Stadt",876.0,45.15,21889.079999999998
1kmN3086E4116,"Köln, Stadt",3225.0,43.58,82256.81
1kmN3086E4119,"Köln, Stadt",,,
1kmN3087E4040,"Aachen, Stadt",,,
1kmN3087E4041,"Aachen, Stadt",43.0,49.7,591.24
1kmN3087E4042,"Aachen, Stadt",946.0,45.56,24550.07
1kmN3087E4043,"Aachen, Stadt",50.0,51.01,786.75
1kmN3087E4104,"Köln, Stadt",3612.0,42.35,92258.63
1kmN3164E4146,"Dortmund, Stadt",99.0,43.15,2041.5100000000002
1kmN3389E4230,"Bremerhaven, Stadt",470.0,38.15,11171.15
1kmN3087E4105,"Köln, Stadt",351.0,43.9,8898.88
1kmN3109E4103,"Köln, Stadt",,,
1kmN3332E4232,"Bremen, Stadt",3.0,34.6,1120.694
1kmN3389E4231,"Bremerhaven, Stadt",34.0,44.65,842.97
1kmN3087E4106,"Köln, Stadt",986.0,42.64,24243.88
1kmN3087E4107,"Köln, Stadt",1042.0,41.46,24538.770000000004
1kmN3390E4231,"Bremerhaven, Stadt",,,
1kmN3087E4108,"Köln, Stadt",48.0,48.37,1114.97
1kmN3087E4109,"Köln, Stadt",1123.0,44.73,27348.809999999998
1kmN3087E4110,"Köln, Stadt",2083.0,44.08,53504.520000000004
1kmN3135E4093,"Düsseldorf, Stadt",1164.0,44.51,28995.510000000002
1kmN3087E4111,"Köln, Stadt",624.0,44.61,15041.47
1kmN3087E4112,"Köln, Stadt",3212.0,47.66,83004.61
1kmN3087E4113,"Köln, Stadt",1185.0,46.49,30523.95
1kmN3087E4114,"Köln, Stadt",,,
1kmN3135E4094,"Düsseldorf, Stadt",,,
1kmN3081E4039,"Aachen, Stadt",,,
1kmN3087E4115,"Köln, Stadt",2224.0,40.14,55040.33
1kmN3087E4116,"Köln, Stadt",2931.0,39.97,71214.78
1kmN3087E4118,"Köln, Stadt",,,
1kmN3087E4120,"Köln, Stadt",,,
1kmN3087E4121,"Köln, Stadt",,,
1kmN3088E4040,"Aachen, Stadt",,,
1kmN3088E4041,"Aachen, Stadt",,,
1kmN3088E4043,"Aachen, Stadt",128.0,43.41,2774.73
1kmN3088E4104,"Köln, Stadt",1978.0,30.67,43886.58
1kmN3088E4105,"Köln, Stadt",29.0,28.11,423.05999999999995
1kmN3088E4106,"Köln, Stadt",1813.0,47.81,45207.850000000006
1kmN3088E4107,"Köln, Stadt",458.0,47.32,12015.529999999999
1kmN3088E4108,"Köln, Stadt",780.0,45.08,18803.13
1kmN3088E4109,"Köln, Stadt",877.0,40.65,20331.94
1kmN3082E4040,"Aachen, Stadt",,,
1kmN3088E4110,"Köln, Stadt",3950.0,41.16,98932.95000000001
1kmN3088E4111,"Köln, Stadt",3893.0,47.12,98884.11
1kmN3340E4242,"Bremen, Stadt",,,
1kmN3341E4225,"Bremen, Stadt",,,
1kmN3164E4147,"Dortmund, Stadt",50.0,47.76,962.76
1kmN3382E4231,"Bremerhaven, Stadt",,,
1kmN3075E4047,"Aachen, Stadt",,,
1kmN3153E4108,"Essen, Stadt",1343.0,48.83,33917.08
1kmN3067E4050,"Aachen, Stadt",,,
1kmN3067E4052,"Aachen, Stadt",,,
1kmN3075E4042,"Aachen, Stadt",,,
1kmN3076E4043,"Aachen, Stadt",,,
1kmN3155E4119,"Essen, Stadt",1107.0,47.65,29010.65
1kmN3088E4112,"Köln, Stadt",862.0,47.26,22374.23
1kmN3078E4040,"Aachen, Stadt",3.0,38.28,1239.8892
1kmN3156E4120,"Essen, Stadt",,,
1kmN3135E4095,"Düsseldorf, Stadt",,,
1kmN3083E4114,"Köln, Stadt",,,
1kmN3164E4148,"Dortmund, Stadt",878.0,41.68,21460.84
1kmN3088E4113,"Köln, Stadt",4097.0,47.13,106578.14000000001
1kmN3088E4114,"Köln, Stadt",173.0,41.93,4241.75
1kmN3088E4115,"Köln, Stadt",1441.0,43.76,36826.88
1kmN3164E4149,"Dortmund, Stadt",1457.0,41.26,36534.92
1kmN3088E4116,"Köln, Stadt",1140.0,41.24,27861.19
1kmN3088E4117,"Köln, Stadt",1966.0,43.6,50219.090000000004
1kmN3088E4119,"Köln, Stadt",,,
1kmN3088E4120,"Köln, Stadt",,,
1kmN3088E4121,"Köln, Stadt",,,
1kmN3135E4096,"Düsseldorf, Stadt",,,
1kmN3089E4105,"Köln, Stadt",327.0,45.04,7286.59
1kmN3089E4106,"Köln, Stadt",2061.0,44.46,51392.9
1kmN3089E4107,"Köln, Stadt",3870.0,45.65,100366.91
1kmN3089E4108,"Köln, Stadt",799.0,47.28,18386.63
1kmN3089E4109,"Köln, Stadt",863.0,38.16,22406.87
1kmN3089E4110,"Köln, Stadt",2710.0,39.76,64954.020000000004
1kmN3089E4111,"Köln, Stadt",3562.0,45.31,86832.70000000001
1kmN3089E4112,"Köln, Stadt",1026.0,47.55,25311.6
1kmN3089E4113,"Köln, Stadt",3459.0,43.35,89201.9
1kmN3089E4114,"Köln, Stadt",2660.0,41.74,67514.04000000001
1kmN3089E4115,"Köln, Stadt",6856.0,44.13,175426.03999999998
1kmN3089E4116,"Köln, Stadt",5387.0,43.35,138687.81
1kmN3089E4117,"Köln, Stadt",1291.0,46.35,34395.58
1kmN3089E4118,"Köln, Stadt",,,
1kmN3090E4103,"Köln, Stadt",,,
1kmN3090E4104,"Köln, Stadt",25.0,46.65,587.04
1kmN3148E4113,"Essen, Stadt",144.0,40.64,3478.09
1kmN3090E4105,"Köln, Stadt",65.0,48.85,1785.75
1kmN3090E4106,"Köln, Stadt",,,
1kmN3090E4107,"Köln, Stadt",365.0,42.67,8725.69
1kmN3090E4108,"Köln, Stadt",144.0,46.36,3823.2200000000003
1kmN3084E4106,"Köln, Stadt",,,
1kmN3084E4109,"Köln, Stadt",,,
1kmN3084E4110,"Köln, Stadt",,,
1kmN3084E4114,"Köln, Stadt",552.0,43.66,14092.57
1kmN3164E4150,"Dortmund, Stadt",1098.0,47.19,26844.490000000005
1kmN3164E4151,"Dortmund, Stadt",429.0,44.66,10860.79
1kmN3084E4116,"Köln, Stadt",4.0,48.41,1493.4485
1kmN3084E4117,"Köln, Stadt",,,
1kmN3085E4037,"Aachen, Stadt",,,
1kmN3090E4109,"Köln, Stadt",5490.0,48.29,146483.88
1kmN3090E4110,"Köln, Stadt",2618.0,47.77,69775.65999999999
1kmN3164E4152,"Dortmund, Stadt",117.0,44.22,2529.49
1kmN3085E4104,"Köln, Stadt",,,
1kmN3085E4105,"Köln, Stadt",11.0,36.88,221.51999999999998
1kmN3164E4155,"Dortmund, Stadt",85.0,46.86,2371.89
1kmN3165E4136,"Dortmund, Stadt",5.0,44.8,221.73000000000002
1kmN3085E4106,"Köln, Stadt",,,
1kmN3165E4137,"Dortmund, Stadt",83.0,41.06,1748.8100000000002
1kmN3165E4138,"Dortmund, Stadt",3344.0,41.91,84222.49
1kmN3165E4139,"Dortmund, Stadt",4068.0,43.67,102711.94
1kmN3165E4140,"Dortmund, Stadt",1474.0,42.18,36521.68
1kmN3165E4141,"Dortmund, Stadt",18.0,48.28,252.57999999999998
1kmN3085E4117,"Köln, Stadt",454.0,45.7,10941.07
1kmN3086E4104,"Köln, Stadt",248.0,47.48,6437.32
1kmN3165E4142,"Dortmund, Stadt",6.0,55.65,85.14
1kmN3165E4144,"Dortmund, Stadt",2051.0,38.68,49162.56
1kmN3165E4145,"Dortmund, Stadt",2901.0,46.16,73919.23999999999
1kmN3165E4146,"Dortmund, Stadt",210.0,48.21,5597.71
1kmN3165E4147,"Dortmund, Stadt",52.0,43.8,1163.74
1kmN3165E4148,"Dortmund, Stadt",1946.0,41.32,48342.64
1kmN3165E4150,"Dortmund, Stadt",3.0,21.26,654.3828
1kmN3165E4151,"Dortmund, Stadt",472.0,43.16,11871.470000000001
1kmN3165E4152,"Dortmund, Stadt",1426.0,45.56,34128.64
1kmN3165E4153,"Dortmund, Stadt",110.0,48.75,3029.13
1kmN3166E4137,"Dortmund, Stadt",88.0,41.64,2072.44
1kmN3166E4138,"Dortmund, Stadt",32.0,52.54,534.51
1kmN3086E4117,"Köln, Stadt",3608.0,44.81,93784.61
1kmN3086E4118,"Köln, Stadt",,,
1kmN3087E4103,"Köln, Stadt",,,
1kmN3166E4139,"Dortmund, Stadt",1807.0,46.22,47834.229999999996
1kmN3166E4140,"Dortmund, Stadt",146.0,48.92,3449.46
1kmN3166E4141,"Dortmund, Stadt",52.0,46.73,818.0699999999999
1kmN3166E4142,"Dortmund, Stadt",128.0,44.48,2390.3900000000003
1kmN3166E4143,"Dortmund, Stadt",33.0,45.42,515.79
1kmN3166E4144,"Dortmund, Stadt",2533.0,45.64,64212.6
1kmN3166E4145,"Dortmund, Stadt",2287.0,48.03,59110.3
1kmN3166E4146,"Dortmund, Stadt",29.0,51.62,816.1800000000001
1kmN3166E4147,"Dortmund, Stadt",259.0,46.67,6787.59
1kmN3166E4148,"Dortmund, Stadt",481.0,37.1,11664.529999999999
1kmN3166E4150,"Dortmund, Stadt",,,
1kmN3166E4151,"Dortmund, Stadt",1049.0,39.49,25501.489999999998
1kmN3166E4153,"Dortmund, Stadt",4.0,68.74,1950.8411999999998
1kmN3166E4154,"Dortmund, Stadt",14.0,47.86,177.69
1kmN3167E4137,"Dortmund, Stadt",,,
1kmN3167E4138,"Dortmund, Stadt",38.0,48.57,1181.04
1kmN3087E4117,"Köln, Stadt",2192.0,41.39,54429.53
1kmN3087E4119,"Köln, Stadt",,,
1kmN3088E4103,"Köln, Stadt",,,
1kmN3167E4139,"Dortmund, Stadt",800.0,47.13,20843.29
1kmN3167E4140,"Dortmund, Stadt",446.0,43.77,10460.34
1kmN3167E4141,"Dortmund, Stadt",23.0,47.25,800.2500000000001
1kmN3167E4142,"Dortmund, Stadt",18.0,54.97,349.02
1kmN3167E4145,"Dortmund, Stadt",74.0,45.76,1731.46
1kmN3167E4146,"Dortmund, Stadt",62.0,45.25,1252.37
1kmN3167E4147,"Dortmund, Stadt",29.0,39.52,245.26
1kmN3323E4248,"Bremen, Stadt",10.0,36.92,283.71000000000004
1kmN3323E4249,"Bremen, Stadt",,,
1kmN3324E4241,"Bremen, Stadt",975.0,38.22,22194.65
1kmN3324E4242,"Bremen, Stadt",685.0,40.67,16864.68
1kmN3324E4243,"Bremen, Stadt",752.0,47.24,17994.4
1kmN3102E4100,"Köln, Stadt",,,
1kmN3324E4244,"Bremen, Stadt",351.0,47.2,9189.17
1kmN3324E4246,"Bremen, Stadt",,,
1kmN3157E4149,"Dortmund, Stadt",1526.0,40.56,37746.590000000004
1kmN3324E4247,"Bremen, Stadt",,,
1kmN3085E4046,"Aachen, Stadt",,,
1kmN3324E4249,"Bremen, Stadt",,,
1kmN3085E4118,"Köln, Stadt",,,
1kmN3158E4153,"Dortmund, Stadt",,,
1kmN3160E4111,"Essen, Stadt",,,
1kmN3339E4208,"Oldenburg (Oldenburg), Stadt",,,
1kmN3088E4118,"Köln, Stadt",,,
1kmN3160E4142,"Dortmund, Stadt",1057.0,40.64,26292.04
1kmN3089E4040,"Aachen, Stadt",7.0,59.83,119.16000000000001
1kmN3089E4103,"Köln, Stadt",,,
1kmN3160E4144,"Dortmund, Stadt",16355.0,35.71,403755.76
1kmN3089E4104,"Köln, Stadt",,,
1kmN3090E4042,"Aachen, Stadt",,,
1kmN3325E4235,"Bremen, Stadt",107.0,42.78,2876.76
1kmN3325E4236,"Bremen, Stadt",105.0,40.4,2810.98
1kmN3325E4241,"Bremen, Stadt",3380.0,44.76,87834.71
1kmN3325E4242,"Bremen, Stadt",7727.0,40.01,187785.49
1kmN3160E4153,"Dortmund, Stadt",4427.0,48.66,117046.31
1kmN3160E4157,"Dortmund, Stadt",,,
1kmN3161E4137,"Dortmund, Stadt",6.0,48.37,1492.2145
1kmN3325E4243,"Bremen, Stadt",4554.0,47.46,115336.77
1kmN3325E4244,"Bremen, Stadt",171.0,46.66,4163.49
1kmN3325E4245,"Bremen, Stadt",21.0,32.31,189.51
1kmN3325E4246,"Bremen, Stadt",,,
1kmN3325E4247,"Bremen, Stadt",,,
1kmN3161E4143,"Dortmund, Stadt",3.0,73.11,85.14
1kmN3148E4118,"Essen, Stadt",199.0,48.28,4894.93
1kmN3325E4248,"Bremen, Stadt",396.0,40.74,9181.130000000001
1kmN3325E4249,"Bremen, Stadt",211.0,39.16,4762.57
1kmN3325E4250,"Bremen, Stadt",1704.0,46.91,44046.55
1kmN3089E4119,"Köln, Stadt",,,
1kmN3089E4120,"Köln, Stadt",,,
1kmN3325E4251,"Bremen, Stadt",42.0,52.09,651.21
1kmN3326E4234,"Bremen, Stadt",271.0,48.51,6900.4400000000005
1kmN3326E4235,"Bremen, Stadt",5199.0,41.34,131702.82
1kmN3091E4119,"Köln, Stadt",,,
1kmN3162E4112,"Essen, Stadt",,,
1kmN3148E4145,"Dortmund, Stadt",29.0,41.38,189.72000000000003
1kmN3162E4142,"Dortmund, Stadt",713.0,40.18,17758.68
1kmN3326E4236,"Bremen, Stadt",3484.0,41.43,84582.11
1kmN3326E4238,"Bremen, Stadt",,,
1kmN3326E4239,"Bremen, Stadt",,,
1kmN3326E4240,"Bremen, Stadt",,,
1kmN3326E4241,"Bremen, Stadt",3947.0,45.5,103305.09999999999
1kmN3326E4242,"Bremen, Stadt",3969.0,40.9,96663.30000000002
1kmN3326E4243,"Bremen, Stadt",3300.0,47.85,82631.20000000001
1kmN3326E4244,"Bremen, Stadt",2298.0,45.66,57112.28
1kmN3326E4245,"Bremen, Stadt",,,
1kmN3326E4246,"Bremen, Stadt",1705.0,40.71,42540.990000000005
1kmN3162E4152,"Dortmund, Stadt",,,
1kmN3326E4247,"Bremen, Stadt",2521.0,40.56,60756.740000000005
1kmN3326E4248,"Bremen, Stadt",3705.0,47.77,96643.09999999999
1kmN3326E4249,"Bremen, Stadt",2795.0,41.31,69777.18
1kmN3326E4250,"Bremen, Stadt",2206.0,44.26,55487.630000000005
1kmN3326E4251,"Bremen, Stadt",91.0,44.6,2570.7400000000002
1kmN3326E4252,"Bremen, Stadt",,,
1kmN3327E4234,"Bremen, Stadt",2933.0,42.17,73387.98
1kmN3327E4235,"Bremen, Stadt",3379.0,40.83,82413.09
1kmN3162E4153,"Dortmund, Stadt",1667.0,48.88,43113.759999999995
1kmN3162E4154,"Dortmund, Stadt",240.0,48.28,6038.77
1kmN3163E4142,"Dortmund, Stadt",747.0,47.02,19241.43
1kmN3163E4143,"Dortmund, Stadt",1110.0,38.03,26283.5
1kmN3327E4236,"Bremen, Stadt",2937.0,40.95,70380.23
1kmN3327E4237,"Bremen, Stadt",243.0,53.1,6875.8
1kmN3327E4238,"Bremen, Stadt",449.0,47.54,10687.5
1kmN3327E4239,"Bremen, Stadt",19.0,33.22,520.29
1kmN3163E4144,"Dortmund, Stadt",4709.0,40.42,118443.44999999998
1kmN3327E4240,"Bremen, Stadt",25.0,23.26,474.19
1kmN3327E4241,"Bremen, Stadt",2818.0,39.35,71016.39
1kmN3327E4242,"Bremen, Stadt",1076.0,41.54,25261.539999999997
1kmN3327E4243,"Bremen, Stadt",1779.0,46.13,43668.850000000006
1kmN3327E4244,"Bremen, Stadt",1797.0,48.55,48596.740000000005
1kmN3327E4245,"Bremen, Stadt",7.0,27.76,854.4528
1kmN3327E4246,"Bremen, Stadt",3709.0,40.14,92320.53000000001
1kmN3327E4247,"Bremen, Stadt",3367.0,38.75,82203.39
1kmN3327E4248,"Bremen, Stadt",866.0,45.88,21469.989999999998
1kmN3327E4249,"Bremen, Stadt",8.0,71.29,255.42
1kmN3163E4154,"Dortmund, Stadt",2898.0,43.78,74302.56
1kmN3163E4155,"Dortmund, Stadt",,,
1kmN3164E4137,"Dortmund, Stadt",472.0,44.92,12152.39
1kmN3327E4250,"Bremen, Stadt",2338.0,42.65,57631.82000000001
1kmN3327E4251,"Bremen, Stadt",103.0,48.36,2550.89
1kmN3327E4252,"Bremen, Stadt",37.0,44.38,559.82
1kmN3328E4234,"Bremen, Stadt",1793.0,43.8,45020.45
1kmN3164E4138,"Dortmund, Stadt",2512.0,42.49,64676.33
1kmN3328E4235,"Bremen, Stadt",2874.0,39.21,69124.12
1kmN3328E4236,"Bremen, Stadt",4269.0,40.96,103081.34
1kmN3328E4237,"Bremen, Stadt",1112.0,49.39,28567.999999999996
1kmN3328E4238,"Bremen, Stadt",1116.0,46.82,27775.42
1kmN3328E4239,"Bremen, Stadt",1520.0,41.06,41489.15
1kmN3328E4240,"Bremen, Stadt",8381.0,41.57,221948.43
1kmN3090E4111,"Köln, Stadt",126.0,49.25,2377.0499999999997
1kmN3090E4112,"Köln, Stadt",,,
1kmN3164E4153,"Dortmund, Stadt",4.0,45.2,1394.42
1kmN3164E4154,"Dortmund, Stadt",565.0,44.92,14720.899999999998
1kmN3090E4113,"Köln, Stadt",3588.0,46.59,94391.55
1kmN3165E4143,"Dortmund, Stadt",182.0,45.3,4240.76
1kmN3119E4096,"Düsseldorf, Stadt",,,
1kmN3165E4149,"Dortmund, Stadt",3541.0,41.53,87026.84999999999
1kmN3119E4098,"Düsseldorf, Stadt",,,
1kmN3165E4154,"Dortmund, Stadt",,,
1kmN3166E4136,"Dortmund, Stadt",18.0,48.05,399.21000000000004
1kmN3119E4100,"Düsseldorf, Stadt",,,
1kmN3120E4096,"Düsseldorf, Stadt",,,
1kmN3166E4152,"Dortmund, Stadt",931.0,42.29,22206.34
1kmN3120E4097,"Düsseldorf, Stadt",,,
1kmN3168E4141,"Dortmund, Stadt",,,
1kmN3168E4142,"Dortmund, Stadt",25.0,42.4,274.86
1kmN3328E4241,"Bremen, Stadt",4744.0,41.43,123372.59
1kmN3328E4242,"Bremen, Stadt",136.0,35.26,3290.6100000000006
1kmN3328E4243,"Bremen, Stadt",316.0,47.82,7819.780000000001
1kmN3324E4248,"Bremen, Stadt",,,
1kmN3328E4244,"Bremen, Stadt",559.0,45.69,14762.24
1kmN3076E4044,"Aachen, Stadt",7.0,55.49,1653.0471000000002
1kmN3328E4245,"Bremen, Stadt",2075.0,42.82,54644.840000000004
1kmN3328E4246,"Bremen, Stadt",4251.0,40.26,107446.83
1kmN3324E4250,"Bremen, Stadt",,,
1kmN3328E4247,"Bremen, Stadt",668.0,44.31,18491.37
1kmN3328E4248,"Bremen, Stadt",2030.0,43.04,52961.94
1kmN3076E4046,"Aachen, Stadt",,,
1kmN3328E4249,"Bremen, Stadt",3118.0,43.5,77351.28
1kmN3328E4250,"Bremen, Stadt",5787.0,42.37,145174.5
1kmN3328E4251,"Bremen, Stadt",3034.0,39.25,72943.81
1kmN3329E4234,"Bremen, Stadt",30.0,39.93,994.17
1kmN3329E4236,"Bremen, Stadt",112.0,17.85,1655.2700000000002
1kmN3329E4237,"Bremen, Stadt",290.0,47.85,6567.66
1kmN3329E4238,"Bremen, Stadt",443.0,45.86,10842.32
1kmN3329E4239,"Bremen, Stadt",9969.0,39.21,268707.63999999996
1kmN3329E4240,"Bremen, Stadt",12719.0,40.08,349111.32
1kmN3329E4241,"Bremen, Stadt",3373.0,44.99,91986.16
1kmN3329E4242,"Bremen, Stadt",7120.0,42.22,194878.16999999998
1kmN3329E4243,"Bremen, Stadt",8733.0,45.36,231086.7
1kmN3329E4244,"Bremen, Stadt",6984.0,44.45,188011.02
1kmN3329E4245,"Bremen, Stadt",4673.0,41.89,118258.67
1kmN3329E4246,"Bremen, Stadt",3549.0,44.47,90352.22
1kmN3329E4247,"Bremen, Stadt",972.0,48.02,25649.980000000003
1kmN3329E4248,"Bremen, Stadt",1082.0,49.5,28491.910000000003
1kmN3329E4249,"Bremen, Stadt",4812.0,48.5,128639.98
1kmN3329E4250,"Bremen, Stadt",6077.0,41.89,150559.78999999998
1kmN3329E4251,"Bremen, Stadt",2427.0,34.8,53812.01000000001
1kmN3330E4234,"Bremen, Stadt",65.0,41.73,1190.0400000000002
1kmN3330E4235,"Bremen, Stadt",35.0,46.52,1049.48
1kmN3095E4117,"Köln, Stadt",,,
1kmN3330E4236,"Bremen, Stadt",8.0,59.31,221.73000000000002
1kmN3330E4237,"Bremen, Stadt",41.0,44.46,636.02
1kmN3095E4118,"Köln, Stadt",,,
1kmN3095E4119,"Köln, Stadt",,,
1kmN3330E4238,"Bremen, Stadt",3196.0,43.78,82883.94
1kmN3330E4239,"Bremen, Stadt",2141.0,38.28,56608.85999999999
1kmN3330E4240,"Bremen, Stadt",5198.0,40.21,145007.88
1kmN3120E4099,"Düsseldorf, Stadt",,,
1kmN3330E4241,"Bremen, Stadt",6624.0,41.99,181283.67999999996
1kmN3330E4242,"Bremen, Stadt",13046.0,41.71,355298.27
1kmN3330E4243,"Bremen, Stadt",6069.0,44.17,163312.31
1kmN3097E4096,"Köln, Stadt",,,
1kmN3120E4100,"Düsseldorf, Stadt",,,
1kmN3330E4244,"Bremen, Stadt",4073.0,44.12,106393.76999999999
1kmN3330E4245,"Bremen, Stadt",3936.0,47.13,103421.65
1kmN3330E4246,"Bremen, Stadt",5345.0,47.76,141171.15
1kmN3330E4247,"Bremen, Stadt",6526.0,41.15,162035.38999999998
1kmN3079E4041,"Aachen, Stadt",73.0,41.53,1741.83
1kmN3330E4248,"Bremen, Stadt",2704.0,44.59,68457.11
1kmN3330E4249,"Bremen, Stadt",3667.0,43.51,90647.26999999999
1kmN3330E4250,"Bremen, Stadt",3546.0,41.67,86051.15
1kmN3330E4251,"Bremen, Stadt",,,
1kmN3331E4231,"Bremen, Stadt",,,
1kmN3331E4232,"Bremen, Stadt",51.0,44.8,836.3100000000001
1kmN3331E4233,"Bremen, Stadt",83.0,44.72,1608.94
1kmN3331E4234,"Bremen, Stadt",37.0,48.3,541.71
1kmN3331E4235,"Bremen, Stadt",3.0,15.06,0.0
1kmN3331E4236,"Bremen, Stadt",,,
1kmN3331E4237,"Bremen, Stadt",2986.0,42.31,77763.22
1kmN3331E4238,"Bremen, Stadt",3999.0,40.98,105192.08
1kmN3079E4051,"Aachen, Stadt",,,
1kmN3331E4239,"Bremen, Stadt",1839.0,37.71,46318.49
1kmN3331E4240,"Bremen, Stadt",5095.0,41.01,137205.35
1kmN3331E4241,"Bremen, Stadt",4128.0,37.74,109137.01000000001
1kmN3331E4242,"Bremen, Stadt",6237.0,45.1,166620.21
1kmN3331E4243,"Bremen, Stadt",7058.0,44.31,183653.14
1kmN3331E4244,"Bremen, Stadt",6562.0,44.28,170554.76
1kmN3331E4245,"Bremen, Stadt",4454.0,45.27,115155.18
1kmN3331E4246,"Bremen, Stadt",5466.0,40.4,134664.39
1kmN3331E4247,"Bremen, Stadt",3962.0,40.01,95568.66
1kmN3331E4248,"Bremen, Stadt",444.0,48.14,10598.400000000001
1kmN3331E4249,"Bremen, Stadt",1139.0,53.88,28739.75
1kmN3331E4250,"Bremen, Stadt",1518.0,45.97,37218.45
1kmN3332E4200,"Oldenburg (Oldenburg), Stadt",6.0,58.73,1749.5667
1kmN3332E4201,"Oldenburg (Oldenburg), Stadt",563.0,46.12,13441.8
1kmN3332E4202,"Oldenburg (Oldenburg), Stadt",1078.0,45.15,28037.27
1kmN3332E4203,"Oldenburg (Oldenburg), Stadt",989.0,43.24,23428.04
1kmN3332E4204,"Oldenburg (Oldenburg), Stadt",99.0,38.52,2407.16
1kmN3332E4231,"Bremen, Stadt",118.0,47.52,2324.48
1kmN3332E4233,"Bremen, Stadt",,,
1kmN3332E4234,"Bremen, Stadt",,,
1kmN3329E4235,"Bremen, Stadt",,,
1kmN3332E4235,"Bremen, Stadt",,,
1kmN3332E4236,"Bremen, Stadt",204.0,47.83,5351.610000000001
1kmN3332E4237,"Bremen, Stadt",2503.0,46.09,67349.78
1kmN3332E4238,"Bremen, Stadt",2150.0,34.26,50817.61
1kmN3332E4239,"Bremen, Stadt",11292.0,40.85,296923.87
1kmN3332E4240,"Bremen, Stadt",8916.0,41.37,240940.64999999997
1kmN3332E4241,"Bremen, Stadt",10426.0,44.34,277282.26
1kmN3081E4051,"Aachen, Stadt",1652.0,44.36,42253.65
1kmN3332E4242,"Bremen, Stadt",1565.0,48.11,42155.2
1kmN3332E4243,"Bremen, Stadt",6258.0,44.43,167229.63
1kmN3332E4244,"Bremen, Stadt",2843.0,45.8,73233.55
1kmN3332E4245,"Bremen, Stadt",3246.0,50.38,85372.88999999998
1kmN3332E4246,"Bremen, Stadt",3027.0,41.67,76813.39000000001
1kmN3332E4247,"Bremen, Stadt",2740.0,46.13,67702.48999999999
1kmN3332E4248,"Bremen, Stadt",1462.0,48.63,34625.82
1kmN3332E4249,"Bremen, Stadt",823.0,52.37,19325.42
1kmN3082E4049,"Aachen, Stadt",334.0,51.58,8931.71
1kmN3332E4250,"Bremen, Stadt",389.0,48.8,8117.030000000001
1kmN3332E4251,"Bremen, Stadt",9.0,30.0,923.4
1kmN3082E4052,"Aachen, Stadt",,,
1kmN3332E4253,"Bremen, Stadt",,,
1kmN3333E4200,"Oldenburg (Oldenburg), Stadt",164.0,46.33,4168.04
1kmN3333E4201,"Oldenburg (Oldenburg), Stadt",3100.0,42.92,78598.68
1kmN3333E4202,"Oldenburg (Oldenburg), Stadt",4379.0,41.94,110104.67
1kmN3333E4203,"Oldenburg (Oldenburg), Stadt",2426.0,41.67,61621.05
1kmN3083E4040,"Aachen, Stadt",,,
1kmN3333E4204,"Oldenburg (Oldenburg), Stadt",664.0,39.5,16097.25
1kmN3333E4205,"Oldenburg (Oldenburg), Stadt",49.0,43.98,855.9799999999999
1kmN3333E4231,"Bremen, Stadt",12.0,48.66,424.59
1kmN3333E4232,"Bremen, Stadt",3.0,57.68,85.14
1kmN3333E4233,"Bremen, Stadt",,,
1kmN3333E4234,"Bremen, Stadt",,,
1kmN3333E4235,"Bremen, Stadt",,,
1kmN3333E4236,"Bremen, Stadt",,,
1kmN3333E4237,"Bremen, Stadt",1955.0,36.49,53726.55
1kmN3333E4238,"Bremen, Stadt",339.0,42.44,8452.75
1kmN3333E4239,"Bremen, Stadt",7916.0,41.68,206738.06
1kmN3333E4240,"Bremen, Stadt",3806.0,40.76,97558.76000000001
1kmN3333E4241,"Bremen, Stadt",3561.0,48.39,93274.35
1kmN3333E4242,"Bremen, Stadt",1199.0,48.4,31285.95
1kmN3333E4243,"Bremen, Stadt",380.0,36.0,10982.79
1kmN3333E4244,"Bremen, Stadt",2724.0,31.38,75807.08
1kmN3333E4245,"Bremen, Stadt",4196.0,45.78,111459.93000000001
1kmN3333E4246,"Bremen, Stadt",3724.0,44.86,94484.95
1kmN3333E4247,"Bremen, Stadt",2540.0,45.73,61992.36
1kmN3333E4248,"Bremen, Stadt",661.0,50.95,15331.68
1kmN3333E4249,"Bremen, Stadt",9.0,43.57,85.14
1kmN3333E4250,"Bremen, Stadt",33.0,42.78,760.86
1kmN3333E4251,"Bremen, Stadt",18.0,46.48,449.37
1kmN3334E4195,"Oldenburg (Oldenburg), Stadt",42.0,39.99,830.77
1kmN3334E4196,"Oldenburg (Oldenburg), Stadt",50.0,43.93,1027.89
1kmN3334E4197,"Oldenburg (Oldenburg), Stadt",51.0,43.15,1104.57
1kmN3334E4198,"Oldenburg (Oldenburg), Stadt",14.0,33.02,58.72
1kmN3085E4038,"Aachen, Stadt",,,
1kmN3331E4251,"Bremen, Stadt",,,
1kmN3086E4040,"Aachen, Stadt",,,
1kmN3334E4200,"Oldenburg (Oldenburg), Stadt",834.0,40.66,22467.32
1kmN3334E4201,"Oldenburg (Oldenburg), Stadt",3178.0,42.97,81093.64
1kmN3334E4202,"Oldenburg (Oldenburg), Stadt",2981.0,44.99,76345.19
1kmN3334E4203,"Oldenburg (Oldenburg), Stadt",533.0,32.69,12835.34
1kmN3334E4204,"Oldenburg (Oldenburg), Stadt",45.0,42.57,515.3000000000001
1kmN3334E4205,"Oldenburg (Oldenburg), Stadt",64.0,41.14,1012.83
1kmN3334E4231,"Bremen, Stadt",,,
1kmN3334E4232,"Bremen, Stadt",,,
1kmN3334E4233,"Bremen, Stadt",15.0,52.51,85.14
1kmN3334E4234,"Bremen, Stadt",457.0,40.74,9967.43
1kmN3334E4235,"Bremen, Stadt",165.0,44.71,4060.5
1kmN3334E4236,"Bremen, Stadt",9.0,46.89,97.17
1kmN3087E4044,"Aachen, Stadt",,,
1kmN3334E4237,"Bremen, Stadt",4825.0,38.93,119531.19
1kmN3088E4042,"Aachen, Stadt",405.0,45.59,10504.61
1kmN3088E4044,"Aachen, Stadt",,,
1kmN3089E4041,"Aachen, Stadt",,,
1kmN3334E4238,"Bremen, Stadt",9356.0,39.74,234196.76999999996
1kmN3089E4042,"Aachen, Stadt",25.0,38.53,603.15
1kmN3089E4043,"Aachen, Stadt",,,
1kmN3090E4043,"Aachen, Stadt",3.0,56.13,1672.1127000000001
1kmN3090E4114,"Köln, Stadt",6563.0,43.15,167685.91999999998
1kmN3334E4239,"Bremen, Stadt",928.0,37.93,21365.699999999997
1kmN3323E4243,"Bremen, Stadt",,,
1kmN3323E4246,"Bremen, Stadt",,,
1kmN3323E4247,"Bremen, Stadt",,,
1kmN3149E4148,"Dortmund, Stadt",17.0,59.17,182.31
1kmN3152E4108,"Essen, Stadt",,,
1kmN3325E4240,"Bremen, Stadt",,,
1kmN3326E4237,"Bremen, Stadt",9.0,59.32,85.14
1kmN3334E4230,"Bremen, Stadt",,,
1kmN3090E4115,"Köln, Stadt",6635.0,42.06,166581.58
1kmN3090E4116,"Köln, Stadt",188.0,22.44,3381.51
1kmN3335E4243,"Bremen, Stadt",,,
1kmN3108E4106,"Köln, Stadt",,,
1kmN3090E4117,"Köln, Stadt",,,
1kmN3090E4118,"Köln, Stadt",,,
1kmN3090E4119,"Köln, Stadt",,,
1kmN3091E4103,"Köln, Stadt",348.0,37.22,9917.55
1kmN3336E4241,"Bremen, Stadt",,,
1kmN3152E4121,"Essen, Stadt",24.0,52.5,881.9599999999999
1kmN3154E4152,"Dortmund, Stadt",27.0,37.01,623.8
1kmN3132E4091,"Düsseldorf, Stadt",,,
1kmN3159E4110,"Essen, Stadt",,,
1kmN3159E4111,"Essen, Stadt",,,
1kmN3331E4252,"Bremen, Stadt",,,
1kmN3135E4097,"Düsseldorf, Stadt",3686.0,42.42,92971.61
1kmN3135E4098,"Düsseldorf, Stadt",,,
1kmN3161E4112,"Essen, Stadt",,,
1kmN3129E4103,"Düsseldorf, Stadt",,,
1kmN3129E4104,"Düsseldorf, Stadt",,,
1kmN3334E4240,"Bremen, Stadt",92.0,51.95,1033.95
1kmN3334E4250,"Bremen, Stadt",,,
1kmN3136E4096,"Düsseldorf, Stadt",,,
1kmN3136E4097,"Düsseldorf, Stadt",,,
1kmN3136E4098,"Düsseldorf, Stadt",,,
1kmN3133E4090,"Düsseldorf, Stadt",,,
1kmN3337E4231,"Bremen, Stadt",,,
1kmN3337E4238,"Bremen, Stadt",3.0,23.38,92.33999999999999
1kmN3344E4205,"Oldenburg (Oldenburg), Stadt",,,
1kmN3134E4105,"Düsseldorf, Stadt",19.0,48.24,186.54000000000002
1kmN3344E4220,"Bremen, Stadt",,,
1kmN3338E4240,"Bremen, Stadt",,,
1kmN3137E4097,"Düsseldorf, Stadt",,,
1kmN3339E4237,"Bremen, Stadt",,,
1kmN3091E4104,"Köln, Stadt",33.0,39.4,1086.7
1kmN3346E4222,"Bremen, Stadt",,,
1kmN3138E4099,"Düsseldorf, Stadt",,,
1kmN3376E4223,"Bremerhaven, Stadt",,,
1kmN3091E4105,"Köln, Stadt",,,
1kmN3378E4231,"Bremerhaven, Stadt",,,
1kmN3389E4226,"Bremerhaven, Stadt",,,
1kmN3091E4106,"Köln, Stadt",978.0,42.59,24570.219999999998
1kmN3091E4107,"Köln, Stadt",3232.0,40.64,81466.58
1kmN3091E4108,"Köln, Stadt",1150.0,46.95,29494.56
1kmN3091E4109,"Köln, Stadt",3176.0,51.33,87085.99
1kmN3091E4110,"Köln, Stadt",176.0,51.92,4563.32
1kmN3091E4111,"Köln, Stadt",3296.0,46.25,86562.8
1kmN3091E4112,"Köln, Stadt",3670.0,44.89,94094.63
1kmN3091E4113,"Köln, Stadt",2001.0,39.41,47812.81
1kmN3091E4114,"Köln, Stadt",7367.0,40.16,176272.9
1kmN3091E4115,"Köln, Stadt",2921.0,45.78,75476.11
1kmN3091E4116,"Köln, Stadt",8.0,42.0,218.93
1kmN3091E4117,"Köln, Stadt",4.0,37.8,211.5
1kmN3091E4118,"Köln, Stadt",,,
1kmN3092E4099,"Köln, Stadt",,,
1kmN3092E4100,"Köln, Stadt",,,
1kmN3092E4101,"Köln, Stadt",,,
1kmN3092E4102,"Köln, Stadt",108.0,45.66,2257.5
1kmN3092E4103,"Köln, Stadt",531.0,41.34,13670.82
1kmN3092E4104,"Köln, Stadt",2952.0,45.27,76824.89
1kmN3092E4105,"Köln, Stadt",4527.0,43.34,117065.79999999999
1kmN3092E4106,"Köln, Stadt",9064.0,42.82,234245.61000000002
1kmN3092E4107,"Köln, Stadt",6667.0,42.45,177215.10000000003
1kmN3092E4108,"Köln, Stadt",2665.0,48.15,69114.21
1kmN3092E4109,"Köln, Stadt",1085.0,46.28,27810.53
1kmN3092E4110,"Köln, Stadt",37.0,37.17,737.53
1kmN3092E4111,"Köln, Stadt",1497.0,44.14,39776.62
1kmN3092E4112,"Köln, Stadt",1752.0,42.68,44642.78999999999
1kmN3092E4113,"Köln, Stadt",550.0,39.77,13433.75
1kmN3092E4114,"Köln, Stadt",1132.0,34.9,25607.22
1kmN3092E4115,"Köln, Stadt",117.0,41.69,2999.28
1kmN3092E4116,"Köln, Stadt",,,
1kmN3092E4117,"Köln, Stadt",5.0,34.36,1112.9204
1kmN3092E4118,"Köln, Stadt",,,
1kmN3092E4119,"Köln, Stadt",,,
1kmN3093E4098,"Köln, Stadt",,,
1kmN3093E4099,"Köln, Stadt",,,
1kmN3093E4100,"Köln, Stadt",26.0,41.77,685.96
1kmN3093E4101,"Köln, Stadt",,,
1kmN3093E4102,"Köln, Stadt",4.0,52.07,1551.1653000000001
1kmN3093E4103,"Köln, Stadt",1419.0,43.69,35120.26
1kmN3093E4104,"Köln, Stadt",12255.0,41.41,323080.29
1kmN3093E4105,"Köln, Stadt",10109.0,40.72,273823.25
1kmN3093E4106,"Köln, Stadt",7180.0,44.3,196783.54
1kmN3093E4107,"Köln, Stadt",8393.0,38.52,224371.27000000002
1kmN3093E4108,"Köln, Stadt",1766.0,40.15,44862.33
1kmN3093E4109,"Köln, Stadt",5768.0,44.06,149448.94
1kmN3093E4110,"Köln, Stadt",1676.0,43.49,43173.58
1kmN3093E4111,"Köln, Stadt",399.0,35.45,9586.99
1kmN3093E4112,"Köln, Stadt",,,
1kmN3093E4113,"Köln, Stadt",30.0,43.67,461.4
1kmN3093E4114,"Köln, Stadt",11.0,38.89,236.41000000000003
1kmN3093E4115,"Köln, Stadt",2084.0,43.84,53898.149999999994
1kmN3093E4116,"Köln, Stadt",2219.0,45.18,56324.28999999999
1kmN3094E4098,"Köln, Stadt",3.0,49.21,1518.1285
1kmN3094E4099,"Köln, Stadt",72.0,46.66,1446.5
1kmN3094E4100,"Köln, Stadt",,,
1kmN3137E4093,"Düsseldorf, Stadt",2432.0,48.78,63354.23999999999
1kmN3094E4101,"Köln, Stadt",130.0,39.58,3533.36
1kmN3094E4102,"Köln, Stadt",1086.0,48.1,27632.97
1kmN3094E4103,"Köln, Stadt",9415.0,42.88,249406.36
1kmN3094E4104,"Köln, Stadt",14977.0,40.67,408551.64999999997
1kmN3094E4105,"Köln, Stadt",8528.0,36.57,241653.07
1kmN3094E4106,"Köln, Stadt",8153.0,40.82,223613.23
1kmN3094E4107,"Köln, Stadt",15244.0,42.44,415236.70999999996
1kmN3094E4108,"Köln, Stadt",231.0,40.95,6238.78
1kmN3094E4109,"Köln, Stadt",2460.0,42.6,65656.68
1kmN3094E4110,"Köln, Stadt",1779.0,39.5,45212.799999999996
1kmN3094E4111,"Köln, Stadt",1196.0,42.74,30307.409999999996
1kmN3094E4112,"Köln, Stadt",2544.0,35.15,58378.9
1kmN3094E4113,"Köln, Stadt",1753.0,39.8,43819.43
1kmN3094E4114,"Köln, Stadt",532.0,38.35,12671.220000000001
1kmN3094E4115,"Köln, Stadt",2530.0,46.08,67507.01000000001
1kmN3094E4116,"Köln, Stadt",3374.0,43.76,86871.94
1kmN3094E4117,"Köln, Stadt",849.0,46.16,21382.84
1kmN3094E4118,"Köln, Stadt",,,
1kmN3094E4119,"Köln, Stadt",,,
1kmN3095E4097,"Köln, Stadt",,,
1kmN3138E4097,"Düsseldorf, Stadt",27.0,42.15,348.26
1kmN3095E4098,"Köln, Stadt",369.0,46.21,9851.41
1kmN3095E4099,"Köln, Stadt",3215.0,42.68,84416.61
1kmN3095E4100,"Köln, Stadt",4734.0,41.97,123337.3
1kmN3095E4101,"Köln, Stadt",1604.0,36.29,37235.520000000004
1kmN3095E4102,"Köln, Stadt",826.0,42.82,21905.67
1kmN3095E4103,"Köln, Stadt",5170.0,43.55,138834.94
1kmN3095E4104,"Köln, Stadt",9260.0,40.51,258366.19
1kmN3095E4105,"Köln, Stadt",11702.0,36.71,333271.08
1kmN3095E4106,"Köln, Stadt",13699.0,40.05,392023.95
1kmN3141E4109,"Essen, Stadt",19.0,42.35,497.81000000000006
1kmN3095E4107,"Köln, Stadt",7367.0,40.99,206446.27000000002
1kmN3095E4108,"Köln, Stadt",8520.0,41.59,231651.71000000002
1kmN3095E4109,"Köln, Stadt",7580.0,38.99,200457.81
1kmN3095E4110,"Köln, Stadt",6919.0,39.51,182401.66999999998
1kmN3095E4111,"Köln, Stadt",9593.0,40.46,242173.68
1kmN3095E4112,"Köln, Stadt",6460.0,38.11,157063.61
1kmN3095E4113,"Köln, Stadt",5092.0,40.77,128200.51
1kmN3095E4114,"Köln, Stadt",6404.0,41.89,154150.13
1kmN3095E4115,"Köln, Stadt",56.0,53.11,1321.42
1kmN3095E4116,"Köln, Stadt",46.0,45.03,1259.36
1kmN3095E4120,"Köln, Stadt",,,
1kmN3096E4097,"Köln, Stadt",1949.0,44.11,50983.310000000005
1kmN3096E4098,"Köln, Stadt",6579.0,44.87,173402.95
1kmN3096E4099,"Köln, Stadt",5913.0,44.12,155180.0
1kmN3341E4234,"Bremen, Stadt",3295.0,43.66,83730.52
1kmN3096E4100,"Köln, Stadt",3946.0,44.5,101861.91
1kmN3096E4101,"Köln, Stadt",1564.0,42.28,42876.83
1kmN3096E4102,"Köln, Stadt",6428.0,42.92,168535.27
1kmN3338E4231,"Bremen, Stadt",,,
1kmN3096E4103,"Köln, Stadt",7611.0,39.61,202802.49000000002
1kmN3096E4104,"Köln, Stadt",4184.0,39.82,113294.92000000001
1kmN3096E4105,"Köln, Stadt",10301.0,39.85,290455.1
1kmN3153E4152,"Dortmund, Stadt",,,
1kmN3096E4106,"Köln, Stadt",6409.0,41.55,185254.64
1kmN3338E4251,"Bremen, Stadt",,,
1kmN3096E4107,"Köln, Stadt",2258.0,47.36,64185.259999999995
1kmN3096E4108,"Köln, Stadt",3751.0,41.38,103607.32
1kmN3339E4207,"Oldenburg (Oldenburg), Stadt",,,
1kmN3096E4109,"Köln, Stadt",2849.0,34.83,72252.4
1kmN3096E4110,"Köln, Stadt",15507.0,38.26,409336.39
1kmN3096E4111,"Köln, Stadt",9130.0,39.76,241582.56999999998
1kmN3096E4112,"Köln, Stadt",2670.0,42.37,68817.04999999999
1kmN3096E4113,"Köln, Stadt",4631.0,40.63,116252.25
1kmN3096E4114,"Köln, Stadt",6246.0,39.54,151390.87
1kmN3096E4115,"Köln, Stadt",4011.0,46.78,104273.56
1kmN3142E4093,"Düsseldorf, Stadt",10.0,31.81,233.76000000000002
1kmN3096E4116,"Köln, Stadt",2305.0,44.06,59656.05
1kmN3142E4094,"Düsseldorf, Stadt",26.0,32.75,327.75
1kmN3096E4117,"Köln, Stadt",66.0,53.47,2088.25
1kmN3096E4118,"Köln, Stadt",,,
1kmN3096E4120,"Köln, Stadt",,,
1kmN3340E4206,"Oldenburg (Oldenburg), Stadt",,,
1kmN3097E4097,"Köln, Stadt",2864.0,47.41,71775.48999999999
1kmN3097E4098,"Köln, Stadt",4835.0,44.39,124304.41
1kmN3097E4099,"Köln, Stadt",2143.0,41.62,52871.86
1kmN3097E4100,"Köln, Stadt",1312.0,47.92,33809.88
1kmN3097E4101,"Köln, Stadt",1266.0,54.23,33648.37
1kmN3097E4102,"Köln, Stadt",1976.0,37.02,50405.16
1kmN3097E4103,"Köln, Stadt",2440.0,34.33,66215.79000000001
1kmN3097E4104,"Köln, Stadt",14284.0,39.06,395582.77
1kmN3097E4105,"Köln, Stadt",8248.0,40.34,225287.08
1kmN3142E4095,"Düsseldorf, Stadt",7.0,40.66,44.04
1kmN3142E4096,"Düsseldorf, Stadt",,,
1kmN3142E4097,"Düsseldorf, Stadt",4.0,78.73,2234.3574
1kmN3142E4098,"Düsseldorf, Stadt",,,
1kmN3341E4204,"Oldenburg (Oldenburg), Stadt",365.0,47.86,8101.87
1kmN3097E4106,"Köln, Stadt",7420.0,38.69,208207.01
1kmN3097E4107,"Köln, Stadt",11226.0,41.14,311596.32
1kmN3097E4108,"Köln, Stadt",129.0,53.75,3610.67
1kmN3097E4109,"Köln, Stadt",4025.0,36.81,100506.66
1kmN3097E4110,"Köln, Stadt",8255.0,40.96,213283.83000000002
1kmN3097E4111,"Köln, Stadt",3699.0,39.69,91259.63
1kmN3097E4112,"Köln, Stadt",161.0,46.56,3858.2799999999997
1kmN3097E4113,"Köln, Stadt",2670.0,43.85,68083.11
1kmN3097E4114,"Köln, Stadt",,,
1kmN3097E4115,"Köln, Stadt",625.0,42.63,15298.43
1kmN3097E4116,"Köln, Stadt",915.0,47.06,24052.13
1kmN3342E4206,"Oldenburg (Oldenburg), Stadt",,,
1kmN3097E4117,"Köln, Stadt",611.0,45.2,15986.43
1kmN3098E4097,"Köln, Stadt",294.0,48.48,6304.75
1kmN3098E4098,"Köln, Stadt",1579.0,38.96,37571.79
1kmN3098E4099,"Köln, Stadt",496.0,29.14,10499.329999999998
1kmN3098E4100,"Köln, Stadt",359.0,46.75,9165.34
1kmN3098E4101,"Köln, Stadt",2405.0,45.39,62706.479999999996
1kmN3098E4102,"Köln, Stadt",2691.0,44.36,68740.2
1kmN3098E4103,"Köln, Stadt",11549.0,39.61,308792.73000000004
1kmN3342E4232,"Bremen, Stadt",,,
1kmN3098E4104,"Köln, Stadt",14096.0,41.7,378566.54999999993
1kmN3098E4105,"Köln, Stadt",6044.0,39.73,160786.36
1kmN3098E4106,"Köln, Stadt",9546.0,41.5,261722.3
1kmN3098E4107,"Köln, Stadt",11357.0,42.27,309072.81
1kmN3098E4108,"Köln, Stadt",2888.0,45.67,76591.23000000001
1kmN3343E4207,"Oldenburg (Oldenburg), Stadt",,,
1kmN3098E4109,"Köln, Stadt",1151.0,43.68,31287.79
1kmN3098E4110,"Köln, Stadt",10955.0,40.11,292755.97
1kmN3098E4111,"Köln, Stadt",9902.0,40.24,261404.14
1kmN3098E4112,"Köln, Stadt",1784.0,43.11,45517.91
1kmN3098E4113,"Köln, Stadt",1523.0,41.26,35685.14
1kmN3098E4114,"Köln, Stadt",951.0,41.45,23739.47
1kmN3098E4115,"Köln, Stadt",196.0,37.86,4881.55
1kmN3098E4116,"Köln, Stadt",189.0,43.31,4910.93
1kmN3098E4117,"Köln, Stadt",214.0,44.79,5035.85
1kmN3099E4097,"Köln, Stadt",165.0,44.68,4353.93
1kmN3099E4098,"Köln, Stadt",5326.0,41.43,130050.31
1kmN3099E4099,"Köln, Stadt",2585.0,34.05,57452.07000000001
1kmN3099E4100,"Köln, Stadt",3.0,51.9,1546.101
1kmN3099E4101,"Köln, Stadt",3451.0,41.59,86751.58
1kmN3099E4102,"Köln, Stadt",6378.0,40.4,160368.91999999998
1kmN3099E4103,"Köln, Stadt",7489.0,42.14,191295.85
1kmN3099E4104,"Köln, Stadt",7004.0,41.77,179020.21
1kmN3099E4105,"Köln, Stadt",6161.0,40.96,152304.96
1kmN3099E4106,"Köln, Stadt",11890.0,40.04,306094.55
1kmN3099E4107,"Köln, Stadt",12372.0,40.02,326361.77
1kmN3099E4108,"Köln, Stadt",8020.0,46.54,212791.89
1kmN3099E4109,"Köln, Stadt",786.0,37.67,17889.670000000002
1kmN3142E4112,"Essen, Stadt",8.0,64.12,174.51
1kmN3099E4110,"Köln, Stadt",8283.0,39.3,217200.61000000002
1kmN3099E4111,"Köln, Stadt",2593.0,36.23,64974.6
1kmN3099E4112,"Köln, Stadt",4085.0,39.8,103148.45000000001
1kmN3143E4105,"Essen, Stadt",5.0,52.03,266.84999999999997
1kmN3384E4224,"Bremen, Stadt",,,
1kmN3099E4113,"Köln, Stadt",7282.0,42.18,189170.55
1kmN3099E4114,"Köln, Stadt",4832.0,43.07,124383.17000000001
1kmN3099E4115,"Köln, Stadt",3336.0,45.32,84336.01
1kmN3099E4116,"Köln, Stadt",2162.0,47.2,55285.68
1kmN3144E4120,"Essen, Stadt",37.0,46.58,305.71
1kmN3344E4221,"Bremen, Stadt",,,
1kmN3159E4133,"Dortmund, Stadt",,,
1kmN3344E4229,"Bremen, Stadt",,,
1kmN3345E4220,"Bremen, Stadt",,,
1kmN3345E4224,"Bremen, Stadt",,,
1kmN3346E4219,"Bremen, Stadt",,,
1kmN3099E4117,"Köln, Stadt",315.0,47.85,8130.8
1kmN3100E4098,"Köln, Stadt",2489.0,42.54,60762.229999999996
1kmN3100E4099,"Köln, Stadt",697.0,39.52,16209.550000000001
1kmN3100E4100,"Köln, Stadt",1541.0,46.01,41488.79
1kmN3100E4101,"Köln, Stadt",1340.0,43.91,35269.97
1kmN3100E4102,"Köln, Stadt",734.0,34.37,17366.510000000002
1kmN3100E4103,"Köln, Stadt",2149.0,41.46,57222.12999999999
1kmN3100E4104,"Köln, Stadt",1602.0,37.87,40115.700000000004
1kmN3100E4105,"Köln, Stadt",5423.0,39.57,132314.66
1kmN3100E4106,"Köln, Stadt",8371.0,44.29,224587.25000000003
1kmN3100E4107,"Köln, Stadt",7928.0,42.63,207942.13999999998
1kmN3100E4108,"Köln, Stadt",4145.0,42.05,106751.81
1kmN3100E4109,"Köln, Stadt",,,
1kmN3100E4110,"Köln, Stadt",4111.0,40.53,104324.99
1kmN3100E4111,"Köln, Stadt",3390.0,39.76,87438.15000000001
1kmN3100E4112,"Köln, Stadt",3813.0,43.47,98040.73
1kmN3100E4113,"Köln, Stadt",4990.0,43.15,125343.13
1kmN3100E4114,"Köln, Stadt",2853.0,41.11,72690.18
1kmN3100E4115,"Köln, Stadt",6100.0,45.04,161604.80000000002
1kmN3100E4116,"Köln, Stadt",2075.0,47.39,53941.240000000005
1kmN3100E4117,"Köln, Stadt",248.0,40.72,5721.0
1kmN3101E4098,"Köln, Stadt",,,
1kmN3101E4099,"Köln, Stadt",11.0,39.04,274.65
1kmN3101E4100,"Köln, Stadt",4180.0,40.61,101757.73
1kmN3101E4101,"Köln, Stadt",2732.0,43.06,66610.05
1kmN3101E4102,"Köln, Stadt",141.0,35.43,3040.5199999999995
1kmN3101E4103,"Köln, Stadt",1953.0,32.1,47232.920000000006
1kmN3101E4104,"Köln, Stadt",203.0,38.04,3619.7900000000004
1kmN3101E4105,"Köln, Stadt",169.0,40.41,3787.88
1kmN3101E4106,"Köln, Stadt",7410.0,43.38,195291.63
1kmN3101E4107,"Köln, Stadt",3882.0,42.7,99963.45999999999
1kmN3101E4108,"Köln, Stadt",951.0,42.11,25420.41
1kmN3101E4109,"Köln, Stadt",3828.0,43.33,98452.21
1kmN3101E4110,"Köln, Stadt",3528.0,42.67,90208.45
1kmN3101E4111,"Köln, Stadt",2612.0,41.41,63256.19
1kmN3101E4112,"Köln, Stadt",4168.0,41.24,102661.81
1kmN3101E4113,"Köln, Stadt",1800.0,41.35,44764.33
1kmN3101E4114,"Köln, Stadt",552.0,36.7,12229.390000000001
1kmN3101E4115,"Köln, Stadt",1208.0,41.63,30048.089999999997
1kmN3101E4116,"Köln, Stadt",103.0,48.79,2772.77
1kmN3101E4117,"Köln, Stadt",70.0,36.92,1662.5800000000002
1kmN3102E4099,"Köln, Stadt",60.0,41.0,1734.7
1kmN3102E4101,"Köln, Stadt",1693.0,51.06,43543.380000000005
1kmN3102E4102,"Köln, Stadt",14.0,39.15,433.23
1kmN3102E4103,"Köln, Stadt",2125.0,39.3,51533.810000000005
1kmN3102E4104,"Köln, Stadt",3739.0,44.25,94838.09
1kmN3145E4106,"Essen, Stadt",543.0,44.71,13033.550000000001
1kmN3102E4105,"Köln, Stadt",3150.0,46.68,81686.11
1kmN3102E4106,"Köln, Stadt",1975.0,42.28,50746.770000000004
1kmN3102E4107,"Köln, Stadt",2407.0,42.39,61679.01
1kmN3102E4108,"Köln, Stadt",220.0,40.7,5413.5
1kmN3102E4109,"Köln, Stadt",3420.0,41.45,83430.82
1kmN3102E4110,"Köln, Stadt",788.0,42.53,19471.11
1kmN3102E4111,"Köln, Stadt",,,
1kmN3102E4112,"Köln, Stadt",2497.0,43.64,63478.39
1kmN3102E4113,"Köln, Stadt",3829.0,44.46,98695.1
1kmN3102E4114,"Köln, Stadt",661.0,50.6,17199.440000000002
1kmN3102E4115,"Köln, Stadt",13.0,39.61,239.07
1kmN3103E4098,"Köln, Stadt",,,
1kmN3103E4099,"Köln, Stadt",74.0,37.06,1431.65
1kmN3103E4100,"Köln, Stadt",1378.0,44.21,34658.28
1kmN3103E4101,"Köln, Stadt",3767.0,46.9,97648.39
1kmN3103E4102,"Köln, Stadt",3986.0,45.08,100096.20999999999
1kmN3103E4103,"Köln, Stadt",1742.0,43.29,44788.91
1kmN3103E4104,"Köln, Stadt",1534.0,44.32,38939.009999999995
1kmN3103E4105,"Köln, Stadt",147.0,47.44,3764.17
1kmN3103E4106,"Köln, Stadt",17.0,46.25,506.94
1kmN3103E4107,"Köln, Stadt",95.0,37.89,2211.46
1kmN3103E4108,"Köln, Stadt",1576.0,46.39,42443.44
1kmN3103E4109,"Köln, Stadt",2017.0,42.04,50776.880000000005
1kmN3103E4110,"Köln, Stadt",161.0,51.37,3833.69
1kmN3103E4111,"Köln, Stadt",17.0,37.73,228.93
1kmN3103E4112,"Köln, Stadt",4331.0,39.92,104067.17000000001
1kmN3103E4113,"Köln, Stadt",1002.0,42.65,25364.41
1kmN3103E4114,"Köln, Stadt",94.0,43.99,2533.34
1kmN3103E4115,"Köln, Stadt",171.0,45.99,4656.67
1kmN3104E4099,"Köln, Stadt",151.0,47.35,3596.31
1kmN3104E4100,"Köln, Stadt",3148.0,45.05,78976.68
1kmN3104E4101,"Köln, Stadt",94.0,37.76,2501.2400000000002
1kmN3104E4102,"Köln, Stadt",1113.0,38.95,26761.4
1kmN3104E4103,"Köln, Stadt",4159.0,46.84,106293.81
1kmN3104E4104,"Köln, Stadt",1119.0,45.06,27273.89
1kmN3104E4105,"Köln, Stadt",,,
1kmN3104E4106,"Köln, Stadt",,,
1kmN3104E4107,"Köln, Stadt",,,
1kmN3104E4108,"Köln, Stadt",,,
1kmN3104E4109,"Köln, Stadt",,,
1kmN3104E4110,"Köln, Stadt",21.0,47.86,478.2
1kmN3104E4111,"Köln, Stadt",,,
1kmN3104E4112,"Köln, Stadt",11.0,49.9,181.92000000000002
1kmN3104E4113,"Köln, Stadt",62.0,50.92,1605.2400000000002
1kmN3104E4114,"Köln, Stadt",22.0,47.68,503.27
1kmN3104E4115,"Köln, Stadt",3.0,36.14,133.41
1kmN3105E4099,"Köln, Stadt",612.0,46.3,15918.099999999999
1kmN3105E4100,"Köln, Stadt",1200.0,42.02,29959.63
1kmN3105E4101,"Köln, Stadt",94.0,40.82,2467.2200000000003
1kmN3105E4102,"Köln, Stadt",4286.0,40.28,109646.31
1kmN3105E4103,"Köln, Stadt",9919.0,42.21,248548.38
1kmN3105E4104,"Köln, Stadt",3348.0,41.73,83508.13
1kmN3105E4105,"Köln, Stadt",4.0,52.4,177.48
1kmN3105E4106,"Köln, Stadt",,,
1kmN3105E4107,"Köln, Stadt",1603.0,41.33,40197.03
1kmN3105E4108,"Köln, Stadt",,,
1kmN3105E4110,"Köln, Stadt",,,
1kmN3332E4252,"Bremen, Stadt",,,
1kmN3105E4111,"Köln, Stadt",68.0,47.06,2197.86
1kmN3105E4113,"Köln, Stadt",47.0,51.56,934.3399999999999
1kmN3105E4114,"Köln, Stadt",70.0,47.65,1275.83
1kmN3105E4115,"Köln, Stadt",,,
1kmN3106E4099,"Köln, Stadt",,,
1kmN3106E4100,"Köln, Stadt",,,
1kmN3106E4101,"Köln, Stadt",29.0,47.8,529.65
1kmN3106E4102,"Köln, Stadt",3563.0,39.82,85348.38
1kmN3106E4103,"Köln, Stadt",5649.0,40.44,134433.72
1kmN3106E4104,"Köln, Stadt",66.0,23.37,1413.81
1kmN3106E4105,"Köln, Stadt",,,
1kmN3106E4106,"Köln, Stadt",34.0,48.23,997.81
1kmN3106E4107,"Köln, Stadt",1588.0,40.53,41252.97
1kmN3106E4108,"Köln, Stadt",,,
1kmN3107E4096,"Köln, Stadt",,,
1kmN3107E4097,"Köln, Stadt",,,
1kmN3107E4098,"Köln, Stadt",,,
1kmN3107E4099,"Köln, Stadt",,,
1kmN3107E4100,"Köln, Stadt",,,
1kmN3107E4101,"Köln, Stadt",,,
1kmN3107E4102,"Köln, Stadt",4845.0,40.55,122901.62
1kmN3107E4103,"Köln, Stadt",1434.0,46.67,36856.130000000005
1kmN3107E4104,"Köln, Stadt",454.0,44.65,10733.94
1kmN3107E4105,"Köln, Stadt",629.0,42.94,14814.45
1kmN3107E4106,"Köln, Stadt",486.0,45.83,13079.3
1kmN3107E4107,"Köln, Stadt",,,
1kmN3108E4095,"Köln, Stadt",,,
1kmN3108E4096,"Köln, Stadt",,,
1kmN3108E4097,"Köln, Stadt",8.0,47.48,186.54000000000002
1kmN3108E4098,"Köln, Stadt",,,
1kmN3108E4099,"Köln, Stadt",1287.0,37.34,29855.59
1kmN3108E4100,"Köln, Stadt",1641.0,45.11,43064.51
1kmN3108E4101,"Köln, Stadt",,,
1kmN3108E4102,"Köln, Stadt",261.0,40.35,6635.08
1kmN3108E4103,"Köln, Stadt",285.0,28.83,5591.99
1kmN3108E4104,"Köln, Stadt",453.0,43.85,12076.36
1kmN3108E4105,"Köln, Stadt",499.0,46.65,12194.18
1kmN3109E4095,"Köln, Stadt",,,
1kmN3109E4097,"Köln, Stadt",75.0,51.24,2018.76
1kmN3109E4098,"Köln, Stadt",7.0,37.29,92.55000000000001
1kmN3109E4099,"Köln, Stadt",76.0,28.99,1257.2900000000002
1kmN3109E4100,"Köln, Stadt",2214.0,34.88,51148.18000000001
1kmN3109E4101,"Köln, Stadt",12.0,55.69,174.51
1kmN3336E4229,"Bremen, Stadt",,,
1kmN3109E4102,"Köln, Stadt",5.0,62.9,174.51
1kmN3109E4104,"Köln, Stadt",122.0,46.6,3281.37
1kmN3109E4105,"Köln, Stadt",,,
1kmN3110E4094,"Köln, Stadt",,,
1kmN3110E4095,"Köln, Stadt",,,
1kmN3110E4096,"Köln, Stadt",12.0,61.95,113.52
1kmN3110E4098,"Köln, Stadt",,,
1kmN3110E4099,"Köln, Stadt",,,
1kmN3110E4100,"Köln, Stadt",4766.0,43.29,120709.05000000002
1kmN3110E4101,"Köln, Stadt",3060.0,44.07,78863.86000000002
1kmN3110E4102,"Köln, Stadt",9.0,31.0,220.57
1kmN3110E4103,"Köln, Stadt",,,
1kmN3110E4104,"Köln, Stadt",,,
1kmN3111E4095,"Köln, Stadt",,,
1kmN3111E4096,"Köln, Stadt",,,
1kmN3111E4098,"Köln, Stadt",5.0,40.91,182.31
1kmN3111E4099,"Köln, Stadt",,,
1kmN3111E4100,"Köln, Stadt",817.0,40.45,19702.82
1kmN3111E4101,"Köln, Stadt",114.0,45.78,3348.52
1kmN3111E4102,"Köln, Stadt",,,
1kmN3112E4098,"Köln, Stadt",,,
1kmN3112E4099,"Köln, Stadt",,,
1kmN3112E4100,"Köln, Stadt",,,
1kmN3117E4101,"Düsseldorf, Stadt",,,
1kmN3117E4102,"Düsseldorf, Stadt",15.0,30.39,455.49
1kmN3117E4103,"Düsseldorf, Stadt",94.0,46.89,2299.67
1kmN3117E4104,"Düsseldorf, Stadt",2605.0,47.18,66548.45
1kmN3117E4105,"Düsseldorf, Stadt",131.0,26.8,2957.63
1kmN3118E4100,"Düsseldorf, Stadt",,,
1kmN3118E4101,"Düsseldorf, Stadt",3.0,49.04,1512.884
1kmN3118E4102,"Düsseldorf, Stadt",,,
1kmN3118E4103,"Düsseldorf, Stadt",1525.0,45.74,37862.78
1kmN3118E4104,"Düsseldorf, Stadt",3994.0,45.53,100797.12
1kmN3119E4101,"Düsseldorf, Stadt",1429.0,47.17,37352.0
1kmN3119E4102,"Düsseldorf, Stadt",2534.0,47.26,65762.38
1kmN3119E4103,"Düsseldorf, Stadt",5480.0,43.45,135997.14
1kmN3119E4104,"Düsseldorf, Stadt",5938.0,40.58,142742.73
1kmN3119E4105,"Düsseldorf, Stadt",,,
1kmN3120E4098,"Düsseldorf, Stadt",3.0,37.92,1228.2288
1kmN3120E4101,"Düsseldorf, Stadt",2438.0,48.69,61004.979999999996
1kmN3120E4102,"Düsseldorf, Stadt",3833.0,47.82,98255.56999999999
1kmN3120E4103,"Düsseldorf, Stadt",4000.0,41.91,98668.47
1kmN3335E4242,"Bremen, Stadt",,,
1kmN3120E4104,"Düsseldorf, Stadt",758.0,39.32,18115.6
1kmN3121E4096,"Düsseldorf, Stadt",,,
1kmN3121E4097,"Düsseldorf, Stadt",,,
1kmN3121E4098,"Düsseldorf, Stadt",163.0,46.92,4414.68
1kmN3121E4099,"Düsseldorf, Stadt",101.0,39.6,2397.16
1kmN3335E4251,"Bremen, Stadt",,,
1kmN3121E4100,"Düsseldorf, Stadt",24.0,38.37,518.58
1kmN3121E4101,"Düsseldorf, Stadt",5518.0,44.42,142472.35
1kmN3121E4102,"Düsseldorf, Stadt",4546.0,41.31,117140.45000000001
1kmN3121E4103,"Düsseldorf, Stadt",3275.0,44.05,85687.22
1kmN3121E4104,"Düsseldorf, Stadt",,,
1kmN3122E4097,"Düsseldorf, Stadt",1900.0,39.62,46023.240000000005
1kmN3122E4098,"Düsseldorf, Stadt",3154.0,44.37,77427.87
1kmN3122E4099,"Düsseldorf, Stadt",6135.0,39.78,150974.47
1kmN3145E4115,"Essen, Stadt",480.0,31.42,10484.759999999998
1kmN3122E4100,"Düsseldorf, Stadt",231.0,40.68,5874.1
1kmN3122E4101,"Düsseldorf, Stadt",1396.0,42.41,38041.21
1kmN3122E4102,"Düsseldorf, Stadt",3601.0,41.05,90361.89000000001
1kmN3122E4103,"Düsseldorf, Stadt",546.0,44.15,14313.810000000001
1kmN3122E4104,"Düsseldorf, Stadt",22.0,40.82,456.57
1kmN3123E4093,"Düsseldorf, Stadt",,,
1kmN3123E4094,"Düsseldorf, Stadt",,,
1kmN3123E4096,"Düsseldorf, Stadt",,,
1kmN3123E4097,"Düsseldorf, Stadt",1716.0,41.25,44767.28
1kmN3123E4098,"Düsseldorf, Stadt",4387.0,44.84,113996.29
1kmN3123E4099,"Düsseldorf, Stadt",7155.0,42.39,183191.55
1kmN3123E4100,"Düsseldorf, Stadt",71.0,35.1,1697.6100000000001
1kmN3123E4101,"Düsseldorf, Stadt",6508.0,38.51,157874.98
1kmN3123E4102,"Düsseldorf, Stadt",6212.0,46.1,160990.65000000002
1kmN3123E4103,"Düsseldorf, Stadt",75.0,54.42,1951.04
1kmN3123E4104,"Düsseldorf, Stadt",,,
1kmN3123E4105,"Düsseldorf, Stadt",,,
1kmN3124E4092,"Düsseldorf, Stadt",,,
1kmN3124E4093,"Düsseldorf, Stadt",33.0,50.45,787.9100000000001
1kmN3124E4094,"Düsseldorf, Stadt",1987.0,46.27,53158.23
1kmN3124E4095,"Düsseldorf, Stadt",1357.0,45.31,34889.95
1kmN3124E4096,"Düsseldorf, Stadt",588.0,31.45,17239.32
1kmN3124E4097,"Düsseldorf, Stadt",2048.0,41.14,51815.01
1kmN3124E4098,"Düsseldorf, Stadt",7670.0,43.58,201695.36
1kmN3124E4099,"Düsseldorf, Stadt",4907.0,43.19,126001.47
1kmN3124E4100,"Düsseldorf, Stadt",885.0,40.78,21630.850000000002
1kmN3124E4101,"Düsseldorf, Stadt",5936.0,41.65,148301.21
1kmN3124E4102,"Düsseldorf, Stadt",424.0,39.84,9788.119999999999
1kmN3124E4103,"Düsseldorf, Stadt",,,
1kmN3124E4104,"Düsseldorf, Stadt",,,
1kmN3124E4105,"Düsseldorf, Stadt",60.0,45.61,1629.35
1kmN3125E4092,"Düsseldorf, Stadt",,,
1kmN3125E4093,"Düsseldorf, Stadt",131.0,37.93,3607.0200000000004
1kmN3337E4240,"Bremen, Stadt",,,
1kmN3125E4094,"Düsseldorf, Stadt",2147.0,47.62,56279.84
1kmN3125E4095,"Düsseldorf, Stadt",5297.0,44.87,140554.69
1kmN3125E4096,"Düsseldorf, Stadt",4675.0,42.41,125851.11
1kmN3125E4097,"Düsseldorf, Stadt",1399.0,36.3,36731.01
1kmN3125E4098,"Düsseldorf, Stadt",4520.0,43.79,116169.66
1kmN3125E4099,"Düsseldorf, Stadt",5407.0,45.04,139892.38999999998
1kmN3125E4100,"Düsseldorf, Stadt",6510.0,44.51,173326.14
1kmN3125E4101,"Düsseldorf, Stadt",1104.0,43.37,28020.9
1kmN3125E4102,"Düsseldorf, Stadt",4.0,53.0,119.16000000000001
1kmN3125E4103,"Düsseldorf, Stadt",1325.0,46.07,35016.8
1kmN3125E4104,"Düsseldorf, Stadt",2755.0,46.76,71223.24
1kmN3125E4105,"Düsseldorf, Stadt",11.0,50.21,1548.9785000000002
1kmN3338E4206,"Oldenburg (Oldenburg), Stadt",3.0,64.5,1830.51
1kmN3126E4092,"Düsseldorf, Stadt",505.0,43.77,12675.13
1kmN3126E4093,"Düsseldorf, Stadt",2746.0,40.98,69346.57
1kmN3126E4094,"Düsseldorf, Stadt",3823.0,41.68,100725.48999999999
1kmN3126E4095,"Düsseldorf, Stadt",12334.0,41.86,335966.52
1kmN3126E4096,"Düsseldorf, Stadt",9548.0,38.61,255232.20999999996
1kmN3126E4097,"Düsseldorf, Stadt",920.0,40.09,25602.520000000004
1kmN3126E4098,"Düsseldorf, Stadt",4305.0,40.63,109242.63
1kmN3126E4099,"Düsseldorf, Stadt",10238.0,41.47,262626.79
1kmN3126E4100,"Düsseldorf, Stadt",6695.0,43.39,173067.18
1kmN3126E4101,"Düsseldorf, Stadt",4487.0,46.49,114469.44
1kmN3126E4102,"Düsseldorf, Stadt",316.0,44.87,7913.18
1kmN3126E4103,"Düsseldorf, Stadt",3022.0,45.79,77376.39
1kmN3126E4104,"Düsseldorf, Stadt",324.0,47.91,8615.130000000001
1kmN3127E4092,"Düsseldorf, Stadt",85.0,39.39,1943.0100000000002
1kmN3127E4093,"Düsseldorf, Stadt",1085.0,41.98,29206.219999999998
1kmN3127E4094,"Düsseldorf, Stadt",5421.0,42.15,150673.88999999998
1kmN3127E4095,"Düsseldorf, Stadt",14034.0,41.58,382829.41
1kmN3127E4096,"Düsseldorf, Stadt",19301.0,39.25,527104.72
1kmN3127E4097,"Düsseldorf, Stadt",16386.0,39.65,438590.64
1kmN3127E4098,"Düsseldorf, Stadt",4018.0,37.6,107021.11
1kmN3127E4099,"Düsseldorf, Stadt",2594.0,45.32,67558.03
1kmN3127E4100,"Düsseldorf, Stadt",3379.0,43.68,85191.25
1kmN3127E4101,"Düsseldorf, Stadt",4962.0,43.75,124468.62000000001
1kmN3127E4102,"Düsseldorf, Stadt",1052.0,40.87,26590.0
1kmN3127E4103,"Düsseldorf, Stadt",,,
1kmN3127E4104,"Düsseldorf, Stadt",,,
1kmN3128E4090,"Düsseldorf, Stadt",48.0,35.3,1235.2799999999997
1kmN3128E4091,"Düsseldorf, Stadt",26.0,37.9,707.5
1kmN3128E4092,"Düsseldorf, Stadt",,,
1kmN3128E4093,"Düsseldorf, Stadt",6.0,63.0,1787.9399999999998
1kmN3128E4094,"Düsseldorf, Stadt",102.0,47.12,2264.24
1kmN3128E4095,"Düsseldorf, Stadt",3503.0,44.64,97613.04
1kmN3128E4096,"Düsseldorf, Stadt",7967.0,39.89,220579.46999999997
1kmN3128E4097,"Düsseldorf, Stadt",12919.0,39.81,349765.99
1kmN3128E4098,"Düsseldorf, Stadt",6791.0,40.8,184656.7
1kmN3128E4099,"Düsseldorf, Stadt",3029.0,40.7,74858.38
1kmN3128E4100,"Düsseldorf, Stadt",2116.0,44.13,52883.09
1kmN3128E4101,"Düsseldorf, Stadt",3661.0,42.52,92956.01999999999
1kmN3128E4102,"Düsseldorf, Stadt",1980.0,43.12,51596.94
1kmN3128E4103,"Düsseldorf, Stadt",,,
1kmN3129E4089,"Düsseldorf, Stadt",,,
1kmN3129E4090,"Düsseldorf, Stadt",3140.0,41.66,80067.57
1kmN3129E4091,"Düsseldorf, Stadt",3021.0,44.34,77951.54000000001
1kmN3129E4092,"Düsseldorf, Stadt",1972.0,45.29,51671.42
1kmN3129E4093,"Düsseldorf, Stadt",6266.0,43.33,163861.34
1kmN3129E4094,"Düsseldorf, Stadt",10249.0,45.8,270681.8
1kmN3129E4095,"Düsseldorf, Stadt",1774.0,44.36,47858.799999999996
1kmN3129E4096,"Düsseldorf, Stadt",10187.0,42.2,275287.80999999994
1kmN3129E4097,"Düsseldorf, Stadt",14612.0,41.43,393602.44
1kmN3129E4098,"Düsseldorf, Stadt",11981.0,41.39,316801.29000000004
1kmN3341E4206,"Oldenburg (Oldenburg), Stadt",,,
1kmN3129E4099,"Düsseldorf, Stadt",5570.0,39.33,138022.05000000002
1kmN3129E4100,"Düsseldorf, Stadt",4314.0,48.02,115666.78
1kmN3129E4101,"Düsseldorf, Stadt",9227.0,45.47,241052.35
1kmN3129E4102,"Düsseldorf, Stadt",603.0,50.05,16448.510000000002
1kmN3129E4106,"Düsseldorf, Stadt",,,
1kmN3130E4090,"Düsseldorf, Stadt",1186.0,38.99,28559.090000000004
1kmN3130E4091,"Düsseldorf, Stadt",2520.0,35.69,59025.88
1kmN3130E4092,"Düsseldorf, Stadt",4392.0,42.75,113620.79999999999
1kmN3130E4093,"Düsseldorf, Stadt",4700.0,41.98,120299.13
1kmN3130E4094,"Düsseldorf, Stadt",2895.0,45.45,73277.94
1kmN3130E4095,"Düsseldorf, Stadt",3534.0,44.3,92414.69
1kmN3130E4096,"Düsseldorf, Stadt",18103.0,41.92,499063.11000000004
1kmN3130E4097,"Düsseldorf, Stadt",13540.0,41.21,361865.7
1kmN3130E4098,"Düsseldorf, Stadt",5942.0,43.28,151569.64
1kmN3130E4099,"Düsseldorf, Stadt",6491.0,43.73,165344.26
1kmN3130E4100,"Düsseldorf, Stadt",1632.0,43.38,42686.6
1kmN3130E4101,"Düsseldorf, Stadt",6127.0,47.08,158899.29
1kmN3130E4102,"Düsseldorf, Stadt",292.0,44.27,7237.939999999999
1kmN3130E4103,"Düsseldorf, Stadt",7.0,48.62,119.16000000000001
1kmN3130E4104,"Düsseldorf, Stadt",108.0,40.61,2553.01
1kmN3130E4105,"Düsseldorf, Stadt",31.0,32.01,682.99
1kmN3130E4106,"Düsseldorf, Stadt",48.0,41.09,1221.77
1kmN3131E4091,"Düsseldorf, Stadt",38.0,39.62,750.44
1kmN3131E4092,"Düsseldorf, Stadt",3527.0,50.25,90357.69
1kmN3131E4093,"Düsseldorf, Stadt",310.0,44.46,7649.85
1kmN3334E4241,"Bremen, Stadt",65.0,55.93,783.6899999999999
1kmN3131E4094,"Düsseldorf, Stadt",817.0,43.93,20117.3
1kmN3131E4095,"Düsseldorf, Stadt",4155.0,41.32,107778.82
1kmN3131E4096,"Düsseldorf, Stadt",11720.0,42.32,315634.80999999994
1kmN3131E4097,"Düsseldorf, Stadt",5025.0,38.81,129250.45999999999
1kmN3131E4098,"Düsseldorf, Stadt",8061.0,41.25,198239.93
1kmN3131E4099,"Düsseldorf, Stadt",3226.0,43.67,79591.64
1kmN3131E4100,"Düsseldorf, Stadt",73.0,42.69,1724.4899999999998
1kmN3131E4101,"Düsseldorf, Stadt",465.0,44.22,12255.21
1kmN3131E4102,"Düsseldorf, Stadt",779.0,47.65,18868.699999999997
1kmN3131E4103,"Düsseldorf, Stadt",280.0,47.87,8141.54
1kmN3131E4104,"Düsseldorf, Stadt",30.0,42.89,545.19
1kmN3142E4106,"Essen, Stadt",16.0,47.88,1477.0980000000002
1kmN3131E4105,"Düsseldorf, Stadt",197.0,41.14,4738.93
1kmN3131E4106,"Düsseldorf, Stadt",47.0,44.66,712.34
1kmN3132E4092,"Düsseldorf, Stadt",,,
1kmN3132E4093,"Düsseldorf, Stadt",37.0,37.14,706.04
1kmN3132E4094,"Düsseldorf, Stadt",3492.0,48.34,91825.73000000001
1kmN3132E4095,"Düsseldorf, Stadt",1931.0,44.57,50575.37
1kmN3132E4096,"Düsseldorf, Stadt",1676.0,45.45,44539.69
1kmN3132E4097,"Düsseldorf, Stadt",1876.0,42.55,49123.520000000004
1kmN3118E4105,"Düsseldorf, Stadt",475.0,51.67,13271.3
1kmN3132E4098,"Düsseldorf, Stadt",10525.0,41.62,268765.28
1kmN3132E4099,"Düsseldorf, Stadt",2783.0,37.84,69749.88
1kmN3132E4100,"Düsseldorf, Stadt",3.0,37.93,1228.5527
1kmN3132E4101,"Düsseldorf, Stadt",237.0,42.33,5678.32
1kmN3132E4102,"Düsseldorf, Stadt",1534.0,42.65,37714.05
1kmN3132E4103,"Düsseldorf, Stadt",586.0,48.39,14493.07
1kmN3132E4104,"Düsseldorf, Stadt",47.0,46.06,1443.99
1kmN3119E4097,"Düsseldorf, Stadt",,,
1kmN3132E4105,"Düsseldorf, Stadt",217.0,46.6,5346.669999999999
1kmN3132E4106,"Düsseldorf, Stadt",41.0,42.52,538.14
1kmN3133E4091,"Düsseldorf, Stadt",,,
1kmN3133E4092,"Düsseldorf, Stadt",,,
1kmN3093E4117,"Köln, Stadt",103.0,44.63,2912.81
1kmN3133E4093,"Düsseldorf, Stadt",585.0,46.78,15600.65
1kmN3133E4094,"Düsseldorf, Stadt",2532.0,45.79,63858.520000000004
1kmN3334E4242,"Bremen, Stadt",18.0,54.06,471.01
1kmN3334E4243,"Bremen, Stadt",51.0,45.44,1371.28
1kmN3334E4244,"Bremen, Stadt",9.0,39.37,89.37
1kmN3334E4245,"Bremen, Stadt",,,
1kmN3334E4246,"Bremen, Stadt",3463.0,43.76,91848.92
1kmN3334E4247,"Bremen, Stadt",3478.0,45.36,87957.01999999999
1kmN3334E4248,"Bremen, Stadt",504.0,45.48,12393.96
1kmN3334E4249,"Bremen, Stadt",9.0,36.63,221.73000000000002
1kmN3334E4251,"Bremen, Stadt",,,
1kmN3335E4195,"Oldenburg (Oldenburg), Stadt",48.0,46.33,1144.44
1kmN3335E4196,"Oldenburg (Oldenburg), Stadt",,,
1kmN3335E4197,"Oldenburg (Oldenburg), Stadt",6.0,50.0,1542.5
1kmN3335E4198,"Oldenburg (Oldenburg), Stadt",16.0,61.97,182.31
1kmN3335E4199,"Oldenburg (Oldenburg), Stadt",1209.0,46.38,31870.42
1kmN3335E4200,"Oldenburg (Oldenburg), Stadt",515.0,45.48,12782.0
1kmN3335E4201,"Oldenburg (Oldenburg), Stadt",4395.0,39.4,110742.69
1kmN3335E4202,"Oldenburg (Oldenburg), Stadt",1074.0,51.01,28411.1
1kmN3335E4203,"Oldenburg (Oldenburg), Stadt",1510.0,38.63,34991.08
1kmN3335E4204,"Oldenburg (Oldenburg), Stadt",446.0,45.82,10875.79
1kmN3335E4205,"Oldenburg (Oldenburg), Stadt",38.0,46.88,444.53999999999996
1kmN3335E4206,"Oldenburg (Oldenburg), Stadt",7.0,31.17,1009.5963
1kmN3335E4230,"Bremen, Stadt",,,
1kmN3335E4231,"Bremen, Stadt",,,
1kmN3335E4232,"Bremen, Stadt",110.0,46.14,2123.4500000000003
1kmN3335E4233,"Bremen, Stadt",220.0,42.77,5937.340000000001
1kmN3335E4234,"Bremen, Stadt",69.0,37.89,1674.69
1kmN3335E4235,"Bremen, Stadt",,,
1kmN3335E4236,"Bremen, Stadt",59.0,38.37,1614.69
1kmN3335E4237,"Bremen, Stadt",6842.0,39.77,173125.64
1kmN3335E4238,"Bremen, Stadt",4509.0,38.88,111153.71000000002
1kmN3335E4239,"Bremen, Stadt",,,
1kmN3335E4240,"Bremen, Stadt",3.0,70.0,1986.6
1kmN3335E4241,"Bremen, Stadt",9.0,46.7,1440.6950000000002
1kmN3335E4244,"Bremen, Stadt",,,
1kmN3335E4245,"Bremen, Stadt",64.0,46.76,1456.37
1kmN3335E4246,"Bremen, Stadt",1615.0,38.15,37386.09
1kmN3335E4247,"Bremen, Stadt",3394.0,45.25,87282.08
1kmN3335E4248,"Bremen, Stadt",1092.0,47.31,27588.08
1kmN3335E4249,"Bremen, Stadt",9.0,34.95,271.68
1kmN3335E4250,"Bremen, Stadt",,,
1kmN3335E4252,"Bremen, Stadt",20.0,56.92,465.51
1kmN3336E4195,"Oldenburg (Oldenburg), Stadt",15.0,31.95,362.34000000000003
1kmN3336E4196,"Oldenburg (Oldenburg), Stadt",74.0,44.97,2030.85
1kmN3336E4197,"Oldenburg (Oldenburg), Stadt",140.0,37.73,3544.64
1kmN3336E4198,"Oldenburg (Oldenburg), Stadt",1306.0,42.96,32369.809999999998
1kmN3336E4199,"Oldenburg (Oldenburg), Stadt",2655.0,44.28,67694.76000000001
1kmN3336E4200,"Oldenburg (Oldenburg), Stadt",3058.0,48.48,79726.01000000001
1kmN3336E4201,"Oldenburg (Oldenburg), Stadt",2157.0,39.9,56313.369999999995
1kmN3336E4202,"Oldenburg (Oldenburg), Stadt",3058.0,42.04,81944.88
1kmN3336E4203,"Oldenburg (Oldenburg), Stadt",2966.0,40.61,75480.57
1kmN3096E4119,"Köln, Stadt",,,
1kmN3336E4204,"Oldenburg (Oldenburg), Stadt",1534.0,39.16,37986.98
1kmN3336E4205,"Oldenburg (Oldenburg), Stadt",63.0,46.01,719.79
1kmN3336E4206,"Oldenburg (Oldenburg), Stadt",9.0,54.21,174.51
1kmN3336E4230,"Bremen, Stadt",3.0,47.01,1450.2585
1kmN3336E4231,"Bremen, Stadt",5.0,38.61,1250.5779
1kmN3336E4232,"Bremen, Stadt",,,
1kmN3336E4233,"Bremen, Stadt",,,
1kmN3336E4234,"Bremen, Stadt",,,
1kmN3336E4235,"Bremen, Stadt",1351.0,31.85,29094.42
1kmN3336E4236,"Bremen, Stadt",5094.0,42.36,127953.10999999999
1kmN3336E4237,"Bremen, Stadt",3105.0,39.26,80972.35
1kmN3336E4238,"Bremen, Stadt",,,
1kmN3336E4239,"Bremen, Stadt",,,
1kmN3336E4240,"Bremen, Stadt",,,
1kmN3336E4242,"Bremen, Stadt",,,
1kmN3336E4243,"Bremen, Stadt",,,
1kmN3336E4244,"Bremen, Stadt",34.0,45.39,1140.09
1kmN3336E4245,"Bremen, Stadt",20.0,56.7,441.57000000000005
1kmN3336E4246,"Bremen, Stadt",524.0,39.1,11119.15
1kmN3336E4247,"Bremen, Stadt",780.0,43.78,17928.48
1kmN3336E4248,"Bremen, Stadt",254.0,45.2,6229.630000000001
1kmN3336E4249,"Bremen, Stadt",27.0,44.38,751.98
1kmN3336E4250,"Bremen, Stadt",24.0,35.38,501.0
1kmN3336E4251,"Bremen, Stadt",21.0,40.94,496.20000000000005
1kmN3336E4252,"Bremen, Stadt",95.0,51.17,2126.47
1kmN3337E4195,"Oldenburg (Oldenburg), Stadt",24.0,38.89,518.99
1kmN3337E4196,"Oldenburg (Oldenburg), Stadt",372.0,43.17,9018.81
1kmN3337E4197,"Oldenburg (Oldenburg), Stadt",2061.0,42.67,52013.57
1kmN3337E4198,"Oldenburg (Oldenburg), Stadt",5085.0,40.38,130058.78
1kmN3337E4199,"Oldenburg (Oldenburg), Stadt",4341.0,43.62,117840.47
1kmN3337E4200,"Oldenburg (Oldenburg), Stadt",2688.0,43.8,70146.05
1kmN3337E4201,"Oldenburg (Oldenburg), Stadt",2228.0,47.32,59868.91
1kmN3337E4202,"Oldenburg (Oldenburg), Stadt",4003.0,42.32,107334.9
1kmN3337E4203,"Oldenburg (Oldenburg), Stadt",2918.0,44.41,74609.13
1kmN3337E4204,"Oldenburg (Oldenburg), Stadt",6.0,59.42,1770.1218000000001
1kmN3337E4205,"Oldenburg (Oldenburg), Stadt",106.0,49.08,2239.01
1kmN3337E4206,"Oldenburg (Oldenburg), Stadt",8.0,27.66,0.0
1kmN3337E4207,"Oldenburg (Oldenburg), Stadt",,,
1kmN3337E4229,"Bremen, Stadt",17.0,58.66,332.07
1kmN3337E4230,"Bremen, Stadt",4.0,31.25,136.59
1kmN3337E4232,"Bremen, Stadt",,,
1kmN3337E4233,"Bremen, Stadt",,,
1kmN3337E4234,"Bremen, Stadt",263.0,36.43,6047.610000000001
1kmN3337E4235,"Bremen, Stadt",753.0,43.16,18387.29
1kmN3337E4236,"Bremen, Stadt",1552.0,42.02,38004.18
1kmN3337E4237,"Bremen, Stadt",40.0,48.05,914.0699999999999
1kmN3337E4239,"Bremen, Stadt",,,
1kmN3337E4241,"Bremen, Stadt",,,
1kmN3337E4242,"Bremen, Stadt",,,
1kmN3337E4243,"Bremen, Stadt",14.0,50.35,174.51
1kmN3337E4244,"Bremen, Stadt",34.0,39.84,1017.39
1kmN3337E4247,"Bremen, Stadt",86.0,44.38,2114.7
1kmN3337E4248,"Bremen, Stadt",66.0,53.6,1982.21
1kmN3337E4249,"Bremen, Stadt",72.0,44.06,1696.94
1kmN3337E4250,"Bremen, Stadt",51.0,42.66,1004.0999999999999
1kmN3337E4251,"Bremen, Stadt",25.0,57.9,255.42
1kmN3338E4196,"Oldenburg (Oldenburg), Stadt",446.0,44.15,11888.289999999999
1kmN3338E4197,"Oldenburg (Oldenburg), Stadt",3059.0,44.66,79295.18000000001
1kmN3338E4198,"Oldenburg (Oldenburg), Stadt",4116.0,40.64,105657.75
1kmN3338E4199,"Oldenburg (Oldenburg), Stadt",4814.0,43.24,131816.38
1kmN3338E4200,"Oldenburg (Oldenburg), Stadt",3919.0,43.96,105764.06999999999
1kmN3100E4097,"Köln, Stadt",,,
1kmN3338E4201,"Oldenburg (Oldenburg), Stadt",3063.0,41.17,84615.92
1kmN3338E4202,"Oldenburg (Oldenburg), Stadt",1360.0,40.12,39294.47
1kmN3338E4203,"Oldenburg (Oldenburg), Stadt",116.0,46.48,2987.3
1kmN3338E4204,"Oldenburg (Oldenburg), Stadt",10.0,31.91,129.56
1kmN3338E4205,"Oldenburg (Oldenburg), Stadt",47.0,49.08,968.4000000000001
1kmN3338E4207,"Oldenburg (Oldenburg), Stadt",,,
1kmN3338E4229,"Bremen, Stadt",18.0,49.29,174.51
1kmN3338E4230,"Bremen, Stadt",,,
1kmN3338E4232,"Bremen, Stadt",,,
1kmN3338E4233,"Bremen, Stadt",,,
1kmN3338E4234,"Bremen, Stadt",1766.0,39.4,41375.56
1kmN3338E4235,"Bremen, Stadt",2025.0,46.54,52569.58
1kmN3338E4236,"Bremen, Stadt",,,
1kmN3338E4237,"Bremen, Stadt",,,
1kmN3338E4238,"Bremen, Stadt",,,
1kmN3105E4098,"Köln, Stadt",,,
1kmN3338E4239,"Bremen, Stadt",8.0,34.19,85.14
1kmN3338E4242,"Bremen, Stadt",,,
1kmN3338E4243,"Bremen, Stadt",33.0,46.56,838.81
1kmN3338E4248,"Bremen, Stadt",,,
1kmN3338E4249,"Bremen, Stadt",,,
1kmN3338E4250,"Bremen, Stadt",38.0,35.48,651.12
1kmN3339E4196,"Oldenburg (Oldenburg), Stadt",44.0,33.6,1082.91
1kmN3339E4197,"Oldenburg (Oldenburg), Stadt",1127.0,42.19,27673.71
1kmN3339E4198,"Oldenburg (Oldenburg), Stadt",1379.0,41.34,36384.84
1kmN3339E4199,"Oldenburg (Oldenburg), Stadt",3130.0,39.27,89845.27
1kmN3339E4200,"Oldenburg (Oldenburg), Stadt",2992.0,42.05,80760.37
1kmN3339E4201,"Oldenburg (Oldenburg), Stadt",6063.0,41.21,164477.78
1kmN3339E4202,"Oldenburg (Oldenburg), Stadt",4970.0,42.79,132176.25
1kmN3339E4203,"Oldenburg (Oldenburg), Stadt",2715.0,40.82,69813.43
1kmN3339E4204,"Oldenburg (Oldenburg), Stadt",,,
1kmN3339E4205,"Oldenburg (Oldenburg), Stadt",,,
1kmN3339E4206,"Oldenburg (Oldenburg), Stadt",363.0,25.85,8395.03
1kmN3339E4228,"Bremen, Stadt",,,
1kmN3339E4229,"Bremen, Stadt",30.0,47.64,385.99
1kmN3339E4230,"Bremen, Stadt",64.0,48.74,1455.8400000000001
1kmN3339E4231,"Bremen, Stadt",59.0,47.81,1221.8700000000001
1kmN3339E4232,"Bremen, Stadt",42.0,64.01,938.64
1kmN3339E4233,"Bremen, Stadt",200.0,49.11,5238.87
1kmN3339E4234,"Bremen, Stadt",1757.0,47.63,45569.2
1kmN3339E4235,"Bremen, Stadt",753.0,46.08,19284.62
1kmN3339E4236,"Bremen, Stadt",,,
1kmN3339E4238,"Bremen, Stadt",28.0,42.97,314.07
1kmN3339E4239,"Bremen, Stadt",21.0,46.07,406.83000000000004
1kmN3339E4240,"Bremen, Stadt",22.0,50.65,367.86
1kmN3339E4241,"Bremen, Stadt",13.0,51.31,182.31
1kmN3339E4242,"Bremen, Stadt",56.0,44.25,541.9200000000001
1kmN3339E4243,"Bremen, Stadt",48.0,37.69,906.3
1kmN3340E4197,"Oldenburg (Oldenburg), Stadt",25.0,40.41,182.31
1kmN3340E4198,"Oldenburg (Oldenburg), Stadt",263.0,42.06,7293.19
1kmN3340E4199,"Oldenburg (Oldenburg), Stadt",1844.0,43.09,46873.619999999995
1kmN3340E4200,"Oldenburg (Oldenburg), Stadt",4262.0,41.11,112573.32999999999
1kmN3134E4090,"Düsseldorf, Stadt",,,
1kmN3340E4201,"Oldenburg (Oldenburg), Stadt",5271.0,42.74,140791.19
1kmN3340E4202,"Oldenburg (Oldenburg), Stadt",4931.0,39.84,133124.44999999998
1kmN3340E4203,"Oldenburg (Oldenburg), Stadt",3829.0,43.58,97963.08
1kmN3340E4204,"Oldenburg (Oldenburg), Stadt",175.0,42.72,4226.16
1kmN3134E4091,"Düsseldorf, Stadt",,,
1kmN3340E4205,"Oldenburg (Oldenburg), Stadt",,,
1kmN3340E4207,"Oldenburg (Oldenburg), Stadt",,,
1kmN3340E4228,"Bremen, Stadt",81.0,45.32,2059.25
1kmN3340E4229,"Bremen, Stadt",3552.0,37.11,79517.07
1kmN3340E4230,"Bremen, Stadt",2547.0,42.83,66056.73999999999
1kmN3340E4231,"Bremen, Stadt",3147.0,42.46,80929.29999999999
1kmN3340E4232,"Bremen, Stadt",897.0,50.25,23494.4
1kmN3340E4233,"Bremen, Stadt",1309.0,48.96,33622.479999999996
1kmN3340E4234,"Bremen, Stadt",1632.0,46.46,42811.46
1kmN3340E4235,"Bremen, Stadt",122.0,39.62,3052.14
1kmN3340E4236,"Bremen, Stadt",82.0,41.43,1835.7599999999998
1kmN3340E4237,"Bremen, Stadt",26.0,45.15,318.90000000000003
1kmN3340E4238,"Bremen, Stadt",21.0,35.61,277.8
1kmN3340E4239,"Bremen, Stadt",5.0,26.42,189.51
1kmN3340E4240,"Bremen, Stadt",4.0,54.6,1626.534
1kmN3340E4241,"Bremen, Stadt",3.0,46.31,1428.6635
1kmN3341E4197,"Oldenburg (Oldenburg), Stadt",110.0,31.68,2858.0499999999997
1kmN3341E4198,"Oldenburg (Oldenburg), Stadt",56.0,33.96,1122.44
1kmN3341E4199,"Oldenburg (Oldenburg), Stadt",2171.0,43.36,56064.14
1kmN3341E4200,"Oldenburg (Oldenburg), Stadt",4820.0,41.86,127122.39000000001
1kmN3341E4201,"Oldenburg (Oldenburg), Stadt",2661.0,44.85,65630.73
1kmN3341E4202,"Oldenburg (Oldenburg), Stadt",3059.0,44.45,79677.78
1kmN3341E4203,"Oldenburg (Oldenburg), Stadt",3044.0,42.93,76519.36
1kmN3341E4205,"Oldenburg (Oldenburg), Stadt",188.0,42.3,3116.62
1kmN3341E4207,"Oldenburg (Oldenburg), Stadt",5.0,32.98,233.76000000000002
1kmN3341E4226,"Bremen, Stadt",113.0,23.07,2123.4
1kmN3341E4227,"Bremen, Stadt",1586.0,41.19,42057.58
1kmN3341E4228,"Bremen, Stadt",4317.0,45.58,112302.6
1kmN3341E4229,"Bremen, Stadt",2628.0,45.17,67649.1
1kmN3341E4230,"Bremen, Stadt",2811.0,40.86,68646.45000000001
1kmN3341E4231,"Bremen, Stadt",2582.0,46.89,66839.72
1kmN3341E4232,"Bremen, Stadt",2347.0,47.32,62172.85
1kmN3106E4098,"Köln, Stadt",,,
1kmN3341E4233,"Bremen, Stadt",3456.0,46.15,89521.13
1kmN3341E4235,"Bremen, Stadt",5391.0,40.73,132352.56
1kmN3341E4236,"Bremen, Stadt",162.0,51.14,3920.2
1kmN3342E4197,"Oldenburg (Oldenburg), Stadt",58.0,37.27,1261.95
1kmN3342E4198,"Oldenburg (Oldenburg), Stadt",435.0,37.9,10182.67
1kmN3342E4199,"Oldenburg (Oldenburg), Stadt",400.0,39.41,9719.18
1kmN3342E4200,"Oldenburg (Oldenburg), Stadt",2666.0,42.32,64116.740000000005
1kmN3342E4201,"Oldenburg (Oldenburg), Stadt",1167.0,45.7,29575.11
1kmN3342E4202,"Oldenburg (Oldenburg), Stadt",1165.0,43.64,29932.170000000006
1kmN3342E4203,"Oldenburg (Oldenburg), Stadt",422.0,49.27,11306.39
1kmN3342E4204,"Oldenburg (Oldenburg), Stadt",92.0,46.11,2073.18
1kmN3342E4205,"Oldenburg (Oldenburg), Stadt",,,
1kmN3342E4207,"Oldenburg (Oldenburg), Stadt",,,
1kmN3342E4223,"Bremen, Stadt",,,
1kmN3342E4224,"Bremen, Stadt",1293.0,43.19,33390.130000000005
1kmN3342E4225,"Bremen, Stadt",3545.0,37.05,82708.92
1kmN3342E4226,"Bremen, Stadt",610.0,43.19,14729.939999999999
1kmN3342E4227,"Bremen, Stadt",4032.0,47.51,103497.6
1kmN3342E4228,"Bremen, Stadt",3872.0,45.83,99518.31
1kmN3342E4229,"Bremen, Stadt",4248.0,41.63,105033.95999999999
1kmN3342E4230,"Bremen, Stadt",1508.0,48.83,36636.39
1kmN3342E4231,"Bremen, Stadt",85.0,73.41,2151.42
1kmN3342E4233,"Bremen, Stadt",977.0,47.86,25619.699999999997
1kmN3342E4234,"Bremen, Stadt",564.0,45.79,14319.259999999998
1kmN3342E4235,"Bremen, Stadt",1112.0,47.2,28389.93
1kmN3342E4236,"Bremen, Stadt",26.0,34.82,763.2099999999999
1kmN3109E4096,"Köln, Stadt",,,
1kmN3343E4198,"Oldenburg (Oldenburg), Stadt",87.0,35.58,2011.56
1kmN3343E4199,"Oldenburg (Oldenburg), Stadt",1306.0,44.33,31575.46
1kmN3343E4200,"Oldenburg (Oldenburg), Stadt",2978.0,45.0,74795.04999999999
1kmN3343E4201,"Oldenburg (Oldenburg), Stadt",2312.0,47.87,58756.86
1kmN3343E4202,"Oldenburg (Oldenburg), Stadt",943.0,38.25,22355.710000000003
1kmN3343E4203,"Oldenburg (Oldenburg), Stadt",1586.0,47.3,40173.34
1kmN3343E4204,"Oldenburg (Oldenburg), Stadt",,,
1kmN3343E4205,"Oldenburg (Oldenburg), Stadt",,,
1kmN3343E4206,"Oldenburg (Oldenburg), Stadt",,,
1kmN3343E4222,"Bremen, Stadt",146.0,50.73,3986.1800000000003
1kmN3343E4223,"Bremen, Stadt",2426.0,48.74,59431.42
1kmN3343E4224,"Bremen, Stadt",3138.0,40.64,77908.72
1kmN3343E4225,"Bremen, Stadt",4346.0,38.77,103809.87999999999
1kmN3343E4226,"Bremen, Stadt",42.0,51.62,951.9100000000001
1kmN3343E4227,"Bremen, Stadt",20.0,58.52,293.68
1kmN3343E4228,"Bremen, Stadt",952.0,41.74,22293.5
1kmN3343E4229,"Bremen, Stadt",1984.0,45.82,49172.26
1kmN3343E4230,"Bremen, Stadt",732.0,41.55,18190.96
1kmN3344E4200,"Oldenburg (Oldenburg), Stadt",1883.0,44.82,48298.33
1kmN3344E4201,"Oldenburg (Oldenburg), Stadt",2651.0,44.72,66485.2
1kmN3344E4202,"Oldenburg (Oldenburg), Stadt",65.0,49.02,797.53
1kmN3344E4203,"Oldenburg (Oldenburg), Stadt",77.0,39.4,1487.27
1kmN3344E4204,"Oldenburg (Oldenburg), Stadt",,,
1kmN3344E4222,"Bremen, Stadt",1215.0,45.04,30861.120000000003
1kmN3344E4223,"Bremen, Stadt",1169.0,45.63,29348.14
1kmN3344E4224,"Bremen, Stadt",2761.0,35.19,61770.130000000005
1kmN3344E4225,"Bremen, Stadt",5126.0,42.32,129093.33
1kmN3344E4226,"Bremen, Stadt",584.0,49.16,14901.640000000001
1kmN3344E4228,"Bremen, Stadt",90.0,39.63,1821.9
1kmN3345E4200,"Oldenburg (Oldenburg), Stadt",287.0,42.35,7398.1
1kmN3345E4201,"Oldenburg (Oldenburg), Stadt",762.0,42.25,17947.33
1kmN3345E4202,"Oldenburg (Oldenburg), Stadt",,,
1kmN3345E4203,"Oldenburg (Oldenburg), Stadt",8.0,35.39,182.31
1kmN3345E4221,"Bremen, Stadt",963.0,46.54,25374.989999999998
1kmN3345E4222,"Bremen, Stadt",781.0,42.8,19215.14
1kmN3345E4223,"Bremen, Stadt",197.0,42.88,4422.31
1kmN3345E4225,"Bremen, Stadt",1043.0,45.89,26079.690000000002
1kmN3345E4226,"Bremen, Stadt",1735.0,42.56,41961.04
1kmN3345E4227,"Bremen, Stadt",8.0,44.45,85.14
1kmN3346E4220,"Bremen, Stadt",,,
1kmN3346E4221,"Bremen, Stadt",700.0,43.72,18028.01
1kmN3346E4223,"Bremen, Stadt",,,
1kmN3346E4225,"Bremen, Stadt",,,
1kmN3346E4226,"Bremen, Stadt",593.0,46.39,15138.2
1kmN3346E4227,"Bremen, Stadt",35.0,45.63,922.88
1kmN3347E4220,"Bremen, Stadt",,,
1kmN3347E4221,"Bremen, Stadt",698.0,50.49,18166.07
1kmN3347E4222,"Bremen, Stadt",,,
1kmN3374E4220,"Bremerhaven, Stadt",,,
1kmN3374E4221,"Bremerhaven, Stadt",,,
1kmN3375E4220,"Bremerhaven, Stadt",,,
1kmN3375E4221,"Bremerhaven, Stadt",,,
1kmN3375E4222,"Bremerhaven, Stadt",,,
1kmN3375E4223,"Bremerhaven, Stadt",,,
1kmN3375E4224,"Bremerhaven, Stadt",,,
1kmN3376E4221,"Bremerhaven, Stadt",,,
1kmN3376E4222,"Bremerhaven, Stadt",,,
1kmN3376E4224,"Bremerhaven, Stadt",,,
1kmN3376E4225,"Bremerhaven, Stadt",,,
1kmN3376E4226,"Bremerhaven, Stadt",,,
1kmN3376E4227,"Bremerhaven, Stadt",11.0,45.16,1393.186
1kmN3376E4228,"Bremerhaven, Stadt",15.0,39.35,360.0
1kmN3377E4221,"Bremerhaven, Stadt",,,
1kmN3377E4224,"Bremerhaven, Stadt",,,
1kmN3377E4225,"Bremerhaven, Stadt",,,
1kmN3377E4226,"Bremerhaven, Stadt",,,
1kmN3377E4227,"Bremerhaven, Stadt",372.0,45.62,9562.54
1kmN3377E4228,"Bremerhaven, Stadt",2384.0,47.39,62717.03999999999
1kmN3377E4229,"Bremerhaven, Stadt",51.0,38.93,1086.25
1kmN3377E4230,"Bremerhaven, Stadt",,,
1kmN3378E4223,"Bremerhaven, Stadt",,,
1kmN3378E4224,"Bremerhaven, Stadt",,,
1kmN3378E4226,"Bremerhaven, Stadt",3.0,79.17,85.14
1kmN3378E4227,"Bremerhaven, Stadt",1106.0,45.17,29255.93
1kmN3378E4228,"Bremerhaven, Stadt",4302.0,44.52,109035.85999999999
1kmN3378E4229,"Bremerhaven, Stadt",696.0,48.12,16446.64
1kmN3379E4223,"Bremerhaven, Stadt",,,
1kmN3379E4224,"Bremerhaven, Stadt",,,
1kmN3379E4225,"Bremerhaven, Stadt",,,
1kmN3379E4226,"Bremerhaven, Stadt",,,
1kmN3379E4227,"Bremerhaven, Stadt",2105.0,39.04,50512.2
1kmN3379E4228,"Bremerhaven, Stadt",3447.0,41.57,85305.63
1kmN3379E4229,"Bremerhaven, Stadt",212.0,44.36,4744.85
1kmN3379E4230,"Bremerhaven, Stadt",1665.0,47.0,42666.82
1kmN3379E4231,"Bremerhaven, Stadt",88.0,46.3,1760.16
1kmN3380E4226,"Bremerhaven, Stadt",48.0,50.42,1334.58
1kmN3380E4227,"Bremerhaven, Stadt",3553.0,41.29,88587.92
1kmN3380E4228,"Bremerhaven, Stadt",4704.0,41.12,116338.84
1kmN3380E4229,"Bremerhaven, Stadt",1020.0,46.99,27555.67
1kmN3380E4230,"Bremerhaven, Stadt",1802.0,46.21,44260.200000000004
1kmN3380E4231,"Bremerhaven, Stadt",51.0,40.86,1323.21
1kmN3381E4226,"Bremerhaven, Stadt",99.0,57.53,3046.67
1kmN3381E4227,"Bremerhaven, Stadt",10376.0,41.6,270973.99
1kmN3381E4228,"Bremerhaven, Stadt",3265.0,44.75,85184.16
1kmN3381E4229,"Bremerhaven, Stadt",2134.0,37.16,48774.09999999999
1kmN3381E4230,"Bremerhaven, Stadt",1336.0,44.66,33965.3
1kmN3382E4226,"Bremerhaven, Stadt",2054.0,50.82,57012.21000000001
1kmN3382E4227,"Bremerhaven, Stadt",5065.0,48.7,137173.87
1kmN3126E4105,"Düsseldorf, Stadt",,,
1kmN3382E4228,"Bremerhaven, Stadt",841.0,48.39,20748.79
1kmN3382E4229,"Bremerhaven, Stadt",,,
1kmN3382E4230,"Bremerhaven, Stadt",405.0,40.07,8837.57
1kmN3383E4225,"Bremerhaven, Stadt",204.0,53.84,5706.6
1kmN3383E4226,"Bremerhaven, Stadt",9101.0,40.94,236058.96000000002
1kmN3383E4227,"Bremerhaven, Stadt",1204.0,38.37,28950.47
1kmN3383E4228,"Bremerhaven, Stadt",530.0,48.53,13698.35
1kmN3383E4229,"Bremerhaven, Stadt",,,
1kmN3383E4231,"Bremerhaven, Stadt",,,
1kmN3384E4225,"Bremerhaven, Stadt",96.0,23.35,1581.5900000000001
1kmN3384E4226,"Bremerhaven, Stadt",8241.0,40.59,207140.09
1kmN3384E4227,"Bremerhaven, Stadt",8406.0,38.41,207627.97
1kmN3384E4228,"Bremerhaven, Stadt",912.0,44.24,23198.63
1kmN3385E4224,"Bremen, Stadt",,,
1kmN3385E4225,"Bremen, Stadt",,,
1kmN3385E4226,"Bremerhaven, Stadt",302.0,47.79,7385.2699999999995
1kmN3385E4227,"Bremerhaven, Stadt",4848.0,41.27,121270.62
1kmN3385E4228,"Bremerhaven, Stadt",2789.0,40.79,69737.78
1kmN3385E4229,"Bremerhaven, Stadt",380.0,46.76,9948.91
1kmN3386E4223,"Bremen, Stadt",,,
1kmN3386E4224,"Bremen, Stadt",,,
1kmN3386E4225,"Bremen, Stadt",,,
1kmN3386E4226,"Bremerhaven, Stadt",328.0,52.82,8656.310000000001
1kmN3386E4227,"Bremerhaven, Stadt",3295.0,47.89,82243.5
1kmN3386E4228,"Bremerhaven, Stadt",3512.0,40.5,85615.20000000001
1kmN3386E4229,"Bremerhaven, Stadt",843.0,41.01,19369.760000000002
1kmN3386E4230,"Bremerhaven, Stadt",13.0,54.18,113.52
1kmN3387E4223,"Bremen, Stadt",,,
1kmN3387E4224,"Bremerhaven, Stadt",67.0,27.55,1315.07
1kmN3387E4225,"Bremerhaven, Stadt",3.0,43.16,92.55000000000001
1kmN3387E4226,"Bremerhaven, Stadt",568.0,49.8,14519.48
1kmN3387E4227,"Bremerhaven, Stadt",1626.0,50.03,41430.840000000004
1kmN3387E4228,"Bremerhaven, Stadt",2353.0,45.39,59821.899999999994
1kmN3387E4229,"Bremerhaven, Stadt",4792.0,40.67,114341.88
1kmN3387E4230,"Bremerhaven, Stadt",410.0,37.44,9243.47
1kmN3387E4231,"Bremerhaven, Stadt",,,
1kmN3388E4222,"Bremerhaven, Stadt",,,
1kmN3388E4223,"Bremerhaven, Stadt",64.0,45.27,934.27
1kmN3129E4105,"Düsseldorf, Stadt",,,
1kmN3132E4107,"Düsseldorf, Stadt",,,
1kmN3137E4092,"Düsseldorf, Stadt",,,
1kmN3138E4098,"Düsseldorf, Stadt",,,
1kmN3140E4098,"Düsseldorf, Stadt",,,
1kmN3143E4116,"Essen, Stadt",11.0,48.15,301.09000000000003
1kmN3143E4118,"Essen, Stadt",,,
1kmN3144E4105,"Essen, Stadt",6.0,57.26,174.51
1kmN3145E4105,"Essen, Stadt",,,
1kmN3150E4141,"Dortmund, Stadt",21.0,51.11,0.0
1kmN3152E4139,"Dortmund, Stadt",,,
1kmN3133E4095,"Düsseldorf, Stadt",4405.0,45.0,109969.58
1kmN3133E4096,"Düsseldorf, Stadt",7140.0,45.03,191425.47999999998
1kmN3133E4097,"Düsseldorf, Stadt",3816.0,41.24,93624.64
1kmN3133E4098,"Düsseldorf, Stadt",1902.0,38.85,47066.520000000004
1kmN3133E4099,"Düsseldorf, Stadt",2490.0,42.83,64792.04
1kmN3384E4229,"Bremerhaven, Stadt",,,
1kmN3133E4100,"Düsseldorf, Stadt",54.0,50.97,1330.92
1kmN3133E4101,"Düsseldorf, Stadt",,,
1kmN3133E4102,"Düsseldorf, Stadt",1937.0,42.49,48443.18000000001
1kmN3133E4103,"Düsseldorf, Stadt",8.0,56.6,177.48
1kmN3133E4104,"Düsseldorf, Stadt",,,
1kmN3133E4105,"Düsseldorf, Stadt",47.0,45.03,873.5699999999999
1kmN3133E4106,"Düsseldorf, Stadt",36.0,35.86,452.69000000000005
1kmN3133E4107,"Düsseldorf, Stadt",13.0,43.36,136.59
1kmN3134E4092,"Düsseldorf, Stadt",563.0,45.78,13674.25
1kmN3134E4093,"Düsseldorf, Stadt",1524.0,46.28,39430.58
1kmN3134E4094,"Düsseldorf, Stadt",250.0,46.51,6784.29
1kmN3134E4095,"Düsseldorf, Stadt",535.0,46.8,14719.23
1kmN3134E4096,"Düsseldorf, Stadt",4306.0,45.57,111420.18
1kmN3134E4097,"Düsseldorf, Stadt",4440.0,40.62,110727.35000000002
1kmN3134E4098,"Düsseldorf, Stadt",10.0,44.98,215.74
1kmN3134E4099,"Düsseldorf, Stadt",1108.0,40.61,32047.96
1kmN3134E4100,"Düsseldorf, Stadt",612.0,45.28,15004.580000000002
1kmN3136E4092,"Düsseldorf, Stadt",117.0,47.86,2463.54
1kmN3136E4093,"Düsseldorf, Stadt",2465.0,44.19,62202.48999999999
1kmN3136E4094,"Düsseldorf, Stadt",843.0,45.85,22514.59
1kmN3136E4095,"Düsseldorf, Stadt",163.0,47.13,4574.59
1kmN3137E4094,"Düsseldorf, Stadt",1803.0,46.77,43880.89
1kmN3137E4095,"Düsseldorf, Stadt",406.0,46.34,9661.76
1kmN3137E4096,"Düsseldorf, Stadt",35.0,37.55,1005.88
1kmN3137E4098,"Düsseldorf, Stadt",7.0,60.26,113.52
1kmN3138E4093,"Düsseldorf, Stadt",192.0,47.98,5022.54
1kmN3138E4094,"Düsseldorf, Stadt",2443.0,41.7,57832.69
1kmN3138E4095,"Düsseldorf, Stadt",256.0,42.87,6312.240000000001
1kmN3138E4096,"Düsseldorf, Stadt",11.0,43.15,333.84000000000003
1kmN3139E4093,"Düsseldorf, Stadt",888.0,45.27,21137.09
1kmN3139E4094,"Düsseldorf, Stadt",3059.0,38.98,72630.26999999999
1kmN3139E4095,"Düsseldorf, Stadt",76.0,28.99,1305.3700000000001
1kmN3139E4096,"Düsseldorf, Stadt",1530.0,41.98,36888.21
1kmN3139E4097,"Düsseldorf, Stadt",179.0,45.88,3951.74
1kmN3139E4098,"Düsseldorf, Stadt",,,
1kmN3139E4099,"Düsseldorf, Stadt",,,
1kmN3140E4092,"Düsseldorf, Stadt",399.0,49.49,10877.16
1kmN3140E4093,"Düsseldorf, Stadt",1134.0,47.33,28730.13
1kmN3140E4094,"Düsseldorf, Stadt",16.0,47.77,1473.7045
1kmN3140E4095,"Düsseldorf, Stadt",28.0,48.44,727.47
1kmN3140E4096,"Düsseldorf, Stadt",1668.0,42.04,39821.880000000005
1kmN3140E4097,"Düsseldorf, Stadt",1897.0,45.72,45877.96
1kmN3141E4092,"Düsseldorf, Stadt",189.0,46.5,4305.6
1kmN3141E4093,"Düsseldorf, Stadt",54.0,49.83,1022.23
1kmN3141E4094,"Düsseldorf, Stadt",87.0,42.25,926.94
1kmN3141E4095,"Düsseldorf, Stadt",25.0,42.24,300.06
1kmN3141E4096,"Düsseldorf, Stadt",296.0,48.79,6753.84
1kmN3141E4097,"Düsseldorf, Stadt",997.0,49.11,24456.82
1kmN3141E4098,"Düsseldorf, Stadt",,,
1kmN3141E4106,"Essen, Stadt",,,
1kmN3141E4107,"Essen, Stadt",4.0,62.81,1782.5478
1kmN3141E4108,"Essen, Stadt",25.0,53.12,706.86
1kmN3142E4107,"Essen, Stadt",1021.0,51.46,26102.03
1kmN3142E4108,"Essen, Stadt",305.0,46.73,7075.11
1kmN3142E4109,"Essen, Stadt",7.0,64.5,89.37
1kmN3142E4110,"Essen, Stadt",15.0,52.66,311.49
1kmN3142E4111,"Essen, Stadt",6.0,66.35,89.37
1kmN3143E4106,"Essen, Stadt",30.0,45.23,353.25
1kmN3143E4107,"Essen, Stadt",3489.0,50.33,92375.07
1kmN3143E4108,"Essen, Stadt",4243.0,46.8,110500.5
1kmN3143E4109,"Essen, Stadt",25.0,48.97,297.63
1kmN3143E4110,"Essen, Stadt",31.0,44.07,374.05
1kmN3143E4111,"Essen, Stadt",62.0,42.43,938.1999999999999
1kmN3143E4112,"Essen, Stadt",41.0,36.66,336.24
1kmN3143E4113,"Essen, Stadt",159.0,49.14,3332.72
1kmN3143E4114,"Essen, Stadt",33.0,51.13,708.81
1kmN3143E4115,"Essen, Stadt",18.0,50.86,182.31
1kmN3143E4119,"Essen, Stadt",,,
1kmN3144E4106,"Essen, Stadt",64.0,53.81,1689.49
1kmN3144E4107,"Essen, Stadt",3011.0,50.5,77955.59
1kmN3144E4108,"Essen, Stadt",3725.0,48.94,93583.59
1kmN3144E4109,"Essen, Stadt",108.0,48.97,3135.54
1kmN3144E4110,"Essen, Stadt",25.0,43.26,589.98
1kmN3144E4111,"Essen, Stadt",83.0,45.67,1248.8700000000001
1kmN3144E4112,"Essen, Stadt",134.0,47.28,3321.2
1kmN3144E4113,"Essen, Stadt",1767.0,48.99,44686.53
1kmN3144E4114,"Essen, Stadt",113.0,49.04,1867.9699999999998
1kmN3144E4115,"Essen, Stadt",61.0,48.04,794.28
1kmN3144E4116,"Essen, Stadt",113.0,44.18,2541.5600000000004
1kmN3144E4117,"Essen, Stadt",82.0,49.6,1395.93
1kmN3144E4118,"Essen, Stadt",203.0,53.84,4583.16
1kmN3144E4119,"Essen, Stadt",37.0,45.1,316.40999999999997
1kmN3145E4107,"Essen, Stadt",192.0,46.44,3752.23
1kmN3145E4108,"Essen, Stadt",831.0,49.13,22564.36
1kmN3145E4109,"Essen, Stadt",94.0,46.23,1304.97
1kmN3145E4110,"Essen, Stadt",443.0,48.31,11171.02
1kmN3145E4111,"Essen, Stadt",1071.0,43.98,25961.03
1kmN3145E4112,"Essen, Stadt",1857.0,46.42,46582.420000000006
1kmN3145E4113,"Essen, Stadt",2647.0,47.98,66492.23
1kmN3145E4114,"Essen, Stadt",800.0,47.66,19925.35
1kmN3145E4116,"Essen, Stadt",136.0,47.5,2203.82
1kmN3145E4117,"Essen, Stadt",2224.0,41.08,54186.74
1kmN3145E4118,"Essen, Stadt",1565.0,45.2,41430.899999999994
1kmN3145E4119,"Essen, Stadt",145.0,45.21,2752.96
1kmN3146E4110,"Essen, Stadt",53.0,37.4,880.4399999999999
1kmN3146E4111,"Essen, Stadt",474.0,48.17,10529.58
1kmN3146E4112,"Essen, Stadt",4666.0,49.85,123256.55000000002
1kmN3146E4113,"Essen, Stadt",2990.0,47.3,74799.53
1kmN3146E4114,"Essen, Stadt",1805.0,47.12,46478.09
1kmN3146E4115,"Essen, Stadt",93.0,36.32,1893.6899999999998
1kmN3146E4116,"Essen, Stadt",1066.0,46.88,26466.370000000003
1kmN3146E4117,"Essen, Stadt",1539.0,45.1,37803.37
1kmN3146E4118,"Essen, Stadt",4501.0,47.15,116658.54999999999
1kmN3146E4119,"Essen, Stadt",956.0,47.3,22506.5
1kmN3146E4120,"Essen, Stadt",184.0,51.24,4494.55
1kmN3147E4108,"Essen, Stadt",8.0,66.0,1873.08
1kmN3147E4110,"Essen, Stadt",133.0,47.8,2865.45
1kmN3147E4111,"Essen, Stadt",1242.0,46.55,32075.11
1kmN3147E4112,"Essen, Stadt",707.0,48.32,17661.54
1kmN3147E4113,"Essen, Stadt",168.0,43.83,3801.0499999999997
1kmN3147E4114,"Essen, Stadt",67.0,43.08,1381.96
1kmN3147E4115,"Essen, Stadt",3.0,68.5,1944.03
1kmN3147E4116,"Essen, Stadt",4617.0,51.42,121287.56000000001
1kmN3147E4117,"Essen, Stadt",2072.0,47.43,52822.369999999995
1kmN3147E4118,"Essen, Stadt",1555.0,51.35,40118.03
1kmN3147E4119,"Essen, Stadt",645.0,47.36,15727.97
1kmN3147E4120,"Essen, Stadt",51.0,42.93,543.35
1kmN3147E4146,"Dortmund, Stadt",,,
1kmN3148E4108,"Essen, Stadt",226.0,44.8,5447.51
1kmN3148E4109,"Essen, Stadt",117.0,48.65,2420.2
1kmN3148E4110,"Essen, Stadt",918.0,48.7,22710.33
1kmN3148E4111,"Essen, Stadt",2341.0,46.54,60636.57
1kmN3148E4112,"Essen, Stadt",570.0,51.47,14672.59
1kmN3148E4114,"Essen, Stadt",173.0,46.75,3665.37
1kmN3148E4115,"Essen, Stadt",263.0,36.08,5858.2
1kmN3148E4116,"Essen, Stadt",3026.0,49.27,80607.84
1kmN3148E4117,"Essen, Stadt",857.0,48.79,21207.44
1kmN3148E4119,"Essen, Stadt",2059.0,47.6,54330.229999999996
1kmN3148E4120,"Essen, Stadt",1995.0,50.87,51162.33
1kmN3148E4121,"Essen, Stadt",511.0,48.2,12758.279999999999
1kmN3148E4144,"Dortmund, Stadt",48.0,42.66,935.3199999999999
1kmN3148E4146,"Dortmund, Stadt",160.0,41.2,3837.13
1kmN3148E4147,"Dortmund, Stadt",4.0,54.5,1623.555
1kmN3149E4108,"Essen, Stadt",430.0,45.97,11112.27
1kmN3149E4109,"Essen, Stadt",3056.0,50.08,78881.82
1kmN3149E4110,"Essen, Stadt",1958.0,48.32,49245.009999999995
1kmN3149E4111,"Essen, Stadt",2652.0,46.96,67544.97
1kmN3149E4112,"Essen, Stadt",3704.0,47.59,96199.8
1kmN3149E4113,"Essen, Stadt",606.0,47.37,14425.04
1kmN3149E4114,"Essen, Stadt",4228.0,49.37,109530.01000000001
1kmN3149E4115,"Essen, Stadt",1147.0,55.75,29917.92
1kmN3149E4116,"Essen, Stadt",242.0,42.48,6425.66
1kmN3149E4117,"Essen, Stadt",4005.0,49.46,103105.84
1kmN3149E4118,"Essen, Stadt",3705.0,46.67,95069.20999999999
1kmN3149E4119,"Essen, Stadt",2762.0,47.04,69764.24
1kmN3149E4120,"Essen, Stadt",1437.0,47.47,35127.55
1kmN3149E4121,"Essen, Stadt",753.0,48.39,19210.440000000002
1kmN3149E4144,"Dortmund, Stadt",53.0,44.96,1240.8600000000001
1kmN3149E4145,"Dortmund, Stadt",26.0,62.95,496.71000000000004
1kmN3149E4146,"Dortmund, Stadt",568.0,47.65,15084.84
1kmN3149E4147,"Dortmund, Stadt",357.0,47.97,8867.74
1kmN3150E4108,"Essen, Stadt",78.0,39.84,1864.5100000000002
1kmN3150E4109,"Essen, Stadt",2640.0,50.46,70159.34
1kmN3150E4110,"Essen, Stadt",3666.0,48.13,96141.25
1kmN3150E4111,"Essen, Stadt",945.0,46.04,23770.050000000003
1kmN3150E4112,"Essen, Stadt",5937.0,46.52,160128.86
1kmN3150E4113,"Essen, Stadt",3130.0,45.6,82481.75
1kmN3150E4114,"Essen, Stadt",2540.0,47.91,65345.8
1kmN3150E4115,"Essen, Stadt",4109.0,49.78,109293.75
1kmN3150E4116,"Essen, Stadt",769.0,47.99,20269.92
1kmN3150E4117,"Essen, Stadt",5014.0,48.76,129354.2
1kmN3150E4118,"Essen, Stadt",894.0,47.47,22163.280000000002
1kmN3150E4119,"Essen, Stadt",1693.0,43.47,43054.84
1kmN3150E4120,"Essen, Stadt",818.0,41.37,18670.98
1kmN3150E4121,"Essen, Stadt",8.0,34.75,1125.5525
1kmN3150E4142,"Dortmund, Stadt",322.0,49.38,6541.16
1kmN3150E4143,"Dortmund, Stadt",311.0,46.37,7472.6
1kmN3150E4144,"Dortmund, Stadt",76.0,48.09,917.98
1kmN3150E4145,"Dortmund, Stadt",24.0,40.77,506.84000000000003
1kmN3150E4146,"Dortmund, Stadt",133.0,42.95,2786.3
1kmN3150E4147,"Dortmund, Stadt",127.0,47.28,1957.94
1kmN3150E4148,"Dortmund, Stadt",244.0,47.98,6269.0
1kmN3150E4149,"Dortmund, Stadt",216.0,47.07,5257.660000000001
1kmN3151E4109,"Essen, Stadt",2227.0,47.62,58715.69
1kmN3151E4110,"Essen, Stadt",3177.0,46.59,81726.85
1kmN3151E4111,"Essen, Stadt",6503.0,43.84,174032.19999999998
1kmN3151E4112,"Essen, Stadt",8935.0,43.17,244252.13
1kmN3151E4113,"Essen, Stadt",11725.0,43.65,314461.99
1kmN3151E4114,"Essen, Stadt",4615.0,43.21,122087.56000000001
1kmN3151E4115,"Essen, Stadt",4447.0,47.42,114083.73
1kmN3151E4116,"Essen, Stadt",1672.0,48.42,41895.47
1kmN3151E4117,"Essen, Stadt",1331.0,51.73,35737.93
1kmN3151E4118,"Essen, Stadt",925.0,43.52,22669.63
1kmN3151E4119,"Essen, Stadt",2598.0,45.98,66871.74
1kmN3151E4120,"Essen, Stadt",5781.0,43.37,140375.74
1kmN3151E4121,"Essen, Stadt",70.0,49.22,1182.3100000000002
1kmN3151E4141,"Dortmund, Stadt",175.0,44.14,3519.55
1kmN3151E4142,"Dortmund, Stadt",135.0,48.1,2064.2799999999997
1kmN3151E4143,"Dortmund, Stadt",975.0,44.39,24172.999999999996
1kmN3151E4144,"Dortmund, Stadt",3053.0,46.17,77784.68000000001
1kmN3151E4145,"Dortmund, Stadt",245.0,45.78,5923.55
1kmN3151E4146,"Dortmund, Stadt",1046.0,47.43,26743.260000000002
1kmN3151E4147,"Dortmund, Stadt",484.0,48.47,12718.89
1kmN3151E4148,"Dortmund, Stadt",2121.0,45.41,54667.29
1kmN3151E4149,"Dortmund, Stadt",1086.0,48.42,27400.760000000002
1kmN3151E4150,"Dortmund, Stadt",,,
1kmN3152E4109,"Essen, Stadt",2698.0,46.94,71696.57
1kmN3152E4110,"Essen, Stadt",10009.0,40.98,259600.73000000004
1kmN3152E4111,"Essen, Stadt",11205.0,39.97,299346.41000000003
1kmN3152E4112,"Essen, Stadt",8870.0,41.05,239997.54000000004
1kmN3152E4113,"Essen, Stadt",9533.0,39.66,258276.87999999998
1kmN3152E4114,"Essen, Stadt",7044.0,42.53,183598.40999999997
1kmN3152E4115,"Essen, Stadt",5441.0,43.86,138311.37
1kmN3152E4116,"Essen, Stadt",4461.0,49.67,117172.63
1kmN3152E4117,"Essen, Stadt",5706.0,46.87,144684.34000000003
1kmN3152E4118,"Essen, Stadt",4804.0,45.82,121357.03
1kmN3152E4119,"Essen, Stadt",6079.0,44.07,153589.86
1kmN3152E4120,"Essen, Stadt",4072.0,37.39,93657.68000000001
1kmN3152E4140,"Dortmund, Stadt",1171.0,46.9,30124.78
1kmN3152E4141,"Dortmund, Stadt",1529.0,45.05,38861.24
1kmN3152E4142,"Dortmund, Stadt",161.0,46.08,2738.85
1kmN3152E4143,"Dortmund, Stadt",2471.0,43.91,60537.979999999996
1kmN3152E4144,"Dortmund, Stadt",3358.0,49.25,87463.22
1kmN3152E4145,"Dortmund, Stadt",1213.0,54.42,32119.059999999998
1kmN3152E4146,"Dortmund, Stadt",1638.0,50.33,44010.06
1kmN3152E4147,"Dortmund, Stadt",3.0,77.86,2209.6668
1kmN3152E4148,"Dortmund, Stadt",771.0,44.75,18912.82
1kmN3152E4149,"Dortmund, Stadt",2408.0,49.74,62274.18000000001
1kmN3152E4150,"Dortmund, Stadt",597.0,50.59,16396.370000000003
1kmN3153E4106,"Essen, Stadt",296.0,48.67,7073.599999999999
1kmN3153E4107,"Essen, Stadt",1348.0,51.33,34751.56
1kmN3153E4109,"Essen, Stadt",3980.0,43.91,103969.26999999999
1kmN3153E4110,"Essen, Stadt",11799.0,40.8,308649.77999999997
1kmN3153E4111,"Essen, Stadt",5443.0,38.4,140866.02
1kmN3153E4112,"Essen, Stadt",1813.0,42.99,48830.58
1kmN3153E4113,"Essen, Stadt",2719.0,38.54,70878.81
1kmN3153E4114,"Essen, Stadt",10674.0,37.27,271688.87
1kmN3153E4115,"Essen, Stadt",5273.0,40.99,132198.9
1kmN3153E4116,"Essen, Stadt",1270.0,42.45,31165.04
1kmN3153E4117,"Essen, Stadt",5859.0,41.4,148682.25
1kmN3153E4118,"Essen, Stadt",4447.0,43.52,111923.55000000002
1kmN3153E4119,"Essen, Stadt",3166.0,45.11,84087.12
1kmN3153E4120,"Essen, Stadt",1199.0,44.83,31224.54
1kmN3153E4121,"Essen, Stadt",,,
1kmN3153E4139,"Dortmund, Stadt",,,
1kmN3153E4140,"Dortmund, Stadt",316.0,45.1,7458.1
1kmN3153E4141,"Dortmund, Stadt",547.0,47.26,13065.35
1kmN3153E4142,"Dortmund, Stadt",1012.0,48.12,26516.030000000002
1kmN3153E4143,"Dortmund, Stadt",1408.0,47.28,35974.229999999996
1kmN3153E4144,"Dortmund, Stadt",3293.0,48.61,86144.41
1kmN3153E4145,"Dortmund, Stadt",1941.0,44.16,49985.229999999996
1kmN3153E4146,"Dortmund, Stadt",2849.0,50.21,73668.28
1kmN3153E4147,"Dortmund, Stadt",1569.0,44.24,40448.909999999996
1kmN3153E4148,"Dortmund, Stadt",2004.0,47.93,50621.69
1kmN3153E4149,"Dortmund, Stadt",1835.0,48.15,47061.11
1kmN3153E4150,"Dortmund, Stadt",678.0,47.13,17515.25
1kmN3153E4151,"Dortmund, Stadt",66.0,56.62,1535.96
1kmN3153E4153,"Dortmund, Stadt",362.0,46.27,9121.86
1kmN3153E4154,"Dortmund, Stadt",39.0,43.3,537.83
1kmN3154E4106,"Essen, Stadt",164.0,48.85,4169.95
1kmN3154E4107,"Essen, Stadt",3498.0,48.89,92138.88
1kmN3154E4108,"Essen, Stadt",4024.0,46.13,104802.42
1kmN3154E4109,"Essen, Stadt",4624.0,44.55,120260.35
1kmN3154E4110,"Essen, Stadt",10161.0,38.97,254705.69
1kmN3154E4111,"Essen, Stadt",5463.0,37.74,137140.17
1kmN3154E4112,"Essen, Stadt",1647.0,36.55,43637.329999999994
1kmN3154E4113,"Essen, Stadt",8885.0,37.21,225487.85
1kmN3154E4114,"Essen, Stadt",1788.0,35.23,42347.44999999999
1kmN3154E4115,"Essen, Stadt",2491.0,42.87,63447.340000000004
1kmN3154E4116,"Essen, Stadt",1353.0,42.42,33894.36
1kmN3154E4117,"Essen, Stadt",4771.0,37.5,117380.45999999999
1kmN3154E4118,"Essen, Stadt",5355.0,42.16,132764.94999999998
1kmN3154E4119,"Essen, Stadt",2014.0,45.75,50947.049999999996
1kmN3154E4120,"Essen, Stadt",47.0,44.67,1445.4299999999998
1kmN3154E4139,"Dortmund, Stadt",14.0,59.74,297.91
1kmN3154E4140,"Dortmund, Stadt",824.0,45.84,22682.0
1kmN3154E4141,"Dortmund, Stadt",1455.0,42.56,36938.82
1kmN3154E4142,"Dortmund, Stadt",4263.0,43.07,110528.43999999999
1kmN3154E4143,"Dortmund, Stadt",6198.0,46.21,165571.57
1kmN3154E4144,"Dortmund, Stadt",3020.0,53.25,79525.0
1kmN3154E4145,"Dortmund, Stadt",795.0,43.91,20889.11
1kmN3154E4146,"Dortmund, Stadt",3680.0,44.99,94904.24
1kmN3154E4147,"Dortmund, Stadt",4296.0,45.9,111117.19
1kmN3154E4148,"Dortmund, Stadt",3529.0,48.81,93908.12
1kmN3154E4149,"Dortmund, Stadt",3351.0,47.3,84179.86000000002
1kmN3154E4150,"Dortmund, Stadt",1644.0,46.07,41891.72
1kmN3154E4151,"Dortmund, Stadt",2740.0,51.51,72017.67
1kmN3154E4153,"Dortmund, Stadt",1498.0,48.88,38228.33
1kmN3154E4154,"Dortmund, Stadt",2143.0,46.24,55015.78
1kmN3155E4105,"Essen, Stadt",469.0,49.83,12383.01
1kmN3155E4106,"Essen, Stadt",2849.0,48.22,75576.47
1kmN3155E4107,"Essen, Stadt",5036.0,46.97,131895.22999999998
1kmN3155E4108,"Essen, Stadt",4108.0,47.9,109543.46999999999
1kmN3155E4109,"Essen, Stadt",6678.0,43.78,170500.05
1kmN3155E4110,"Essen, Stadt",5579.0,42.08,137491.81
1kmN3155E4111,"Essen, Stadt",3130.0,35.74,75633.01
1kmN3155E4112,"Essen, Stadt",1142.0,37.95,30778.52
1kmN3155E4113,"Essen, Stadt",3567.0,37.04,86913.42
1kmN3155E4114,"Essen, Stadt",3009.0,46.07,80356.2
1kmN3155E4115,"Essen, Stadt",3328.0,42.1,82676.81
1kmN3155E4116,"Essen, Stadt",1212.0,47.19,31331.719999999998
1kmN3155E4117,"Essen, Stadt",3206.0,45.15,83257.18
1kmN3155E4118,"Essen, Stadt",2374.0,41.65,60730.08
1kmN3155E4120,"Essen, Stadt",40.0,40.5,931.05
1kmN3155E4136,"Dortmund, Stadt",91.0,41.14,2220.2400000000002
1kmN3155E4137,"Dortmund, Stadt",508.0,42.14,12553.91
1kmN3155E4138,"Dortmund, Stadt",644.0,45.04,15966.34
1kmN3155E4139,"Dortmund, Stadt",1450.0,45.85,35680.520000000004
1kmN3155E4140,"Dortmund, Stadt",2279.0,42.38,58253.67
1kmN3155E4141,"Dortmund, Stadt",1970.0,40.12,54431.869999999995
1kmN3155E4142,"Dortmund, Stadt",3510.0,43.64,91527.07
1kmN3155E4143,"Dortmund, Stadt",3129.0,44.66,82675.81999999999
1kmN3155E4144,"Dortmund, Stadt",1585.0,42.89,38873.3
1kmN3155E4145,"Dortmund, Stadt",7.0,28.79,97.17
1kmN3155E4146,"Dortmund, Stadt",2696.0,43.4,72182.92
1kmN3155E4147,"Dortmund, Stadt",9222.0,41.59,236715.47
1kmN3155E4148,"Dortmund, Stadt",2835.0,38.6,69344.21
1kmN3155E4149,"Dortmund, Stadt",1989.0,42.28,51198.07
1kmN3155E4150,"Dortmund, Stadt",3543.0,45.73,91183.62
1kmN3155E4151,"Dortmund, Stadt",3165.0,47.86,85065.24
1kmN3155E4152,"Dortmund, Stadt",478.0,46.33,11497.4
1kmN3155E4153,"Dortmund, Stadt",1731.0,48.59,44330.37
1kmN3155E4154,"Dortmund, Stadt",169.0,47.22,3246.46
1kmN3156E4105,"Essen, Stadt",1764.0,46.65,46715.53
1kmN3156E4106,"Essen, Stadt",4086.0,47.11,107887.54000000001
1kmN3156E4107,"Essen, Stadt",4039.0,46.65,105441.29000000001
1kmN3156E4108,"Essen, Stadt",4009.0,44.79,105137.9
1kmN3156E4109,"Essen, Stadt",6506.0,41.36,163686.1
1kmN3156E4110,"Essen, Stadt",3086.0,45.88,80365.56
1kmN3156E4111,"Essen, Stadt",2850.0,38.55,67513.64
1kmN3156E4112,"Essen, Stadt",5089.0,38.14,125421.25000000001
1kmN3156E4113,"Essen, Stadt",4904.0,39.04,119975.93000000001
1kmN3156E4114,"Essen, Stadt",3755.0,43.47,93915.5
1kmN3156E4115,"Essen, Stadt",3794.0,42.12,96550.56
1kmN3156E4116,"Essen, Stadt",4513.0,42.19,112783.81
1kmN3156E4117,"Essen, Stadt",3356.0,44.3,84543.27
1kmN3156E4118,"Essen, Stadt",1144.0,44.15,30184.95
1kmN3156E4119,"Essen, Stadt",20.0,36.2,548.6700000000001
1kmN3156E4135,"Dortmund, Stadt",1268.0,42.4,31561.21
1kmN3156E4136,"Dortmund, Stadt",497.0,42.33,11839.789999999999
1kmN3156E4137,"Dortmund, Stadt",1380.0,41.15,34546.02
1kmN3156E4138,"Dortmund, Stadt",2001.0,44.35,50972.5
1kmN3156E4139,"Dortmund, Stadt",1776.0,44.96,46793.7
1kmN3156E4140,"Dortmund, Stadt",102.0,45.47,2456.6
1kmN3156E4141,"Dortmund, Stadt",1358.0,36.1,37343.43
1kmN3156E4142,"Dortmund, Stadt",2646.0,37.32,73354.39
1kmN3156E4143,"Dortmund, Stadt",1617.0,46.41,42065.36
1kmN3156E4144,"Dortmund, Stadt",4.0,51.46,181.92000000000002
1kmN3156E4145,"Dortmund, Stadt",,,
1kmN3156E4146,"Dortmund, Stadt",1815.0,46.06,48981.08
1kmN3156E4147,"Dortmund, Stadt",6755.0,42.53,177364.3
1kmN3156E4148,"Dortmund, Stadt",3427.0,40.7,87437.92000000001
1kmN3156E4149,"Dortmund, Stadt",3140.0,43.68,77879.23999999999
1kmN3156E4150,"Dortmund, Stadt",4156.0,43.82,106367.43
1kmN3156E4151,"Dortmund, Stadt",2708.0,47.97,72055.75
1kmN3156E4152,"Dortmund, Stadt",1794.0,46.42,46284.35
1kmN3156E4153,"Dortmund, Stadt",3131.0,49.57,82036.2
1kmN3156E4154,"Dortmund, Stadt",257.0,41.17,6323.66
1kmN3157E4105,"Essen, Stadt",377.0,41.2,8487.91
1kmN3157E4106,"Essen, Stadt",3418.0,42.75,85918.07
1kmN3157E4107,"Essen, Stadt",3032.0,42.29,75909.50000000001
1kmN3157E4108,"Essen, Stadt",5480.0,44.67,141580.28
1kmN3157E4109,"Essen, Stadt",626.0,44.9,16455.300000000003
1kmN3157E4110,"Essen, Stadt",261.0,41.96,6737.59
1kmN3157E4111,"Essen, Stadt",2716.0,39.73,66649.67
1kmN3157E4112,"Essen, Stadt",4236.0,43.06,105755.03999999998
1kmN3157E4113,"Essen, Stadt",5577.0,42.04,141773.84000000003
1kmN3157E4114,"Essen, Stadt",4975.0,40.37,123524.97
1kmN3157E4115,"Essen, Stadt",842.0,41.69,21650.17
1kmN3157E4116,"Essen, Stadt",5105.0,40.68,127409.87
1kmN3157E4117,"Essen, Stadt",4760.0,37.34,113809.45
1kmN3157E4134,"Dortmund, Stadt",120.0,36.26,2566.3500000000004
1kmN3157E4135,"Dortmund, Stadt",2741.0,43.57,71937.98
1kmN3157E4136,"Dortmund, Stadt",5246.0,44.2,137991.75999999998
1kmN3157E4137,"Dortmund, Stadt",3963.0,42.73,103620.13
1kmN3157E4138,"Dortmund, Stadt",1860.0,40.25,48528.92999999999
1kmN3157E4139,"Dortmund, Stadt",45.0,51.81,1015.53
1kmN3157E4140,"Dortmund, Stadt",2422.0,42.97,65819.24
1kmN3157E4141,"Dortmund, Stadt",4567.0,43.06,114266.65
1kmN3157E4142,"Dortmund, Stadt",1148.0,44.58,30265.96
1kmN3157E4143,"Dortmund, Stadt",3689.0,43.26,99662.17
1kmN3157E4144,"Dortmund, Stadt",9887.0,40.8,270909.66
1kmN3157E4145,"Dortmund, Stadt",6233.0,42.13,166580.38
1kmN3157E4146,"Dortmund, Stadt",5341.0,45.62,140019.41
1kmN3157E4147,"Dortmund, Stadt",2683.0,46.11,67445.70999999999
1kmN3157E4148,"Dortmund, Stadt",2794.0,47.0,73069.38
1kmN3157E4150,"Dortmund, Stadt",3082.0,44.17,78789.48
1kmN3157E4151,"Dortmund, Stadt",5277.0,46.78,135031.64
1kmN3157E4152,"Dortmund, Stadt",376.0,46.95,9636.869999999999
1kmN3157E4153,"Dortmund, Stadt",1822.0,47.29,48657.47
1kmN3157E4154,"Dortmund, Stadt",6.0,49.21,174.51
1kmN3158E4107,"Essen, Stadt",291.0,47.26,7493.710000000001
1kmN3158E4108,"Essen, Stadt",1735.0,43.01,43582.100000000006
1kmN3158E4109,"Essen, Stadt",3.0,62.22,85.14
1kmN3158E4110,"Essen, Stadt",8.0,44.47,415.68000000000006
1kmN3158E4111,"Essen, Stadt",1076.0,40.51,26065.09
1kmN3158E4112,"Essen, Stadt",1552.0,45.96,39776.7
1kmN3158E4113,"Essen, Stadt",5448.0,41.27,135321.32
1kmN3158E4114,"Essen, Stadt",3159.0,39.64,78319.03
1kmN3158E4115,"Essen, Stadt",5398.0,40.16,132630.75
1kmN3158E4116,"Essen, Stadt",4174.0,39.43,99411.33
1kmN3158E4117,"Essen, Stadt",152.0,47.9,4141.8
1kmN3158E4133,"Dortmund, Stadt",35.0,42.28,1038.21
1kmN3158E4134,"Dortmund, Stadt",2505.0,44.9,66081.59
1kmN3158E4135,"Dortmund, Stadt",4319.0,49.78,114922.79000000001
1kmN3158E4136,"Dortmund, Stadt",2497.0,42.47,62742.26000000001
1kmN3158E4137,"Dortmund, Stadt",414.0,39.02,10412.279999999999
1kmN3158E4138,"Dortmund, Stadt",2390.0,39.92,60550.74
1kmN3158E4139,"Dortmund, Stadt",3620.0,39.83,92323.45000000001
1kmN3158E4140,"Dortmund, Stadt",202.0,44.6,5566.969999999999
1kmN3158E4141,"Dortmund, Stadt",2463.0,40.97,62923.7
1kmN3158E4142,"Dortmund, Stadt",1552.0,37.74,37934.18
1kmN3158E4143,"Dortmund, Stadt",10477.0,42.19,288417.11
1kmN3158E4144,"Dortmund, Stadt",11138.0,39.53,304716.83
1kmN3158E4145,"Dortmund, Stadt",7489.0,39.97,204065.71000000002
1kmN3158E4146,"Dortmund, Stadt",7492.0,40.92,199732.9
1kmN3158E4147,"Dortmund, Stadt",7415.0,43.64,195643.35
1kmN3158E4148,"Dortmund, Stadt",6413.0,44.56,161550.68
1kmN3158E4149,"Dortmund, Stadt",2234.0,42.72,57677.15
1kmN3158E4150,"Dortmund, Stadt",35.0,56.56,595.95
1kmN3158E4151,"Dortmund, Stadt",3255.0,46.93,88731.53
1kmN3158E4152,"Dortmund, Stadt",560.0,49.74,14121.19
1kmN3158E4154,"Dortmund, Stadt",3.0,67.54,1916.7852
1kmN3158E4155,"Dortmund, Stadt",,,
1kmN3159E4109,"Essen, Stadt",,,
1kmN3159E4112,"Essen, Stadt",1205.0,41.92,31333.14
1kmN3159E4113,"Essen, Stadt",4928.0,41.66,127198.24000000002
1kmN3159E4114,"Essen, Stadt",2887.0,43.18,70114.87
1kmN3159E4115,"Essen, Stadt",1861.0,42.42,46222.740000000005
1kmN3159E4116,"Essen, Stadt",619.0,36.13,15272.15
1kmN3159E4134,"Dortmund, Stadt",1389.0,40.92,34751.82
1kmN3159E4135,"Dortmund, Stadt",2855.0,43.56,71128.37000000001
1kmN3159E4136,"Dortmund, Stadt",775.0,47.42,20621.81
1kmN3159E4137,"Dortmund, Stadt",2842.0,47.15,72883.20999999999
1kmN3159E4138,"Dortmund, Stadt",3531.0,42.4,90150.20000000001
1kmN3159E4139,"Dortmund, Stadt",561.0,46.64,15243.97
1kmN3159E4140,"Dortmund, Stadt",199.0,41.98,4993.959999999999
1kmN3159E4141,"Dortmund, Stadt",906.0,43.24,22789.44
1kmN3159E4142,"Dortmund, Stadt",2278.0,42.16,58637.05
1kmN3159E4143,"Dortmund, Stadt",4248.0,36.78,110820.01999999999
1kmN3159E4144,"Dortmund, Stadt",5404.0,37.03,136827.83000000002
1kmN3159E4145,"Dortmund, Stadt",10807.0,35.76,271753.22
1kmN3159E4146,"Dortmund, Stadt",7805.0,37.49,195370.64
1kmN3159E4147,"Dortmund, Stadt",3420.0,45.57,92194.01000000001
1kmN3159E4148,"Dortmund, Stadt",4075.0,43.8,104418.65
1kmN3159E4149,"Dortmund, Stadt",3482.0,45.74,90358.43
1kmN3159E4150,"Dortmund, Stadt",3442.0,45.49,88624.31
1kmN3159E4151,"Dortmund, Stadt",3044.0,45.42,76431.22
1kmN3159E4152,"Dortmund, Stadt",205.0,47.88,4007.64
1kmN3159E4153,"Dortmund, Stadt",2020.0,45.06,50076.34999999999
1kmN3159E4154,"Dortmund, Stadt",1292.0,44.72,32121.62
1kmN3159E4155,"Dortmund, Stadt",258.0,38.48,6324.879999999999
1kmN3159E4156,"Dortmund, Stadt",,,
1kmN3159E4157,"Dortmund, Stadt",,,
1kmN3160E4112,"Essen, Stadt",934.0,41.69,23462.410000000003
1kmN3160E4113,"Essen, Stadt",3195.0,43.09,80793.98
1kmN3160E4114,"Essen, Stadt",31.0,31.86,458.16
1kmN3160E4115,"Essen, Stadt",150.0,41.42,3595.670000000001
1kmN3160E4134,"Dortmund, Stadt",371.0,35.37,8790.460000000001
1kmN3160E4135,"Dortmund, Stadt",1583.0,41.9,40308.61
1kmN3160E4136,"Dortmund, Stadt",37.0,45.46,571.48
1kmN3160E4137,"Dortmund, Stadt",2107.0,41.3,51003.14
1kmN3160E4138,"Dortmund, Stadt",4126.0,43.19,105511.76000000001
1kmN3160E4139,"Dortmund, Stadt",4915.0,43.32,123586.44
1kmN3160E4140,"Dortmund, Stadt",2824.0,41.71,72105.35
1kmN3160E4141,"Dortmund, Stadt",4407.0,44.06,115562.08
1kmN3160E4143,"Dortmund, Stadt",1789.0,36.92,46256.08
1kmN3160E4145,"Dortmund, Stadt",11060.0,33.56,265493.31
1kmN3160E4146,"Dortmund, Stadt",6772.0,33.84,162903.07
1kmN3160E4147,"Dortmund, Stadt",,,
1kmN3160E4148,"Dortmund, Stadt",270.0,44.2,6780.65
1kmN3160E4149,"Dortmund, Stadt",1918.0,49.1,50501.990000000005
1kmN3160E4150,"Dortmund, Stadt",5920.0,46.49,153643.55000000002
1kmN3160E4151,"Dortmund, Stadt",3299.0,48.11,88135.79000000001
1kmN3160E4152,"Dortmund, Stadt",338.0,48.31,8817.85
1kmN3160E4154,"Dortmund, Stadt",2307.0,46.15,61195.240000000005
1kmN3160E4155,"Dortmund, Stadt",2964.0,46.41,76445.01000000001
1kmN3160E4156,"Dortmund, Stadt",637.0,46.47,15223.66
1kmN3161E4113,"Essen, Stadt",3401.0,41.46,84741.81999999999
1kmN3161E4114,"Essen, Stadt",102.0,40.72,2535.75
1kmN3161E4138,"Dortmund, Stadt",456.0,44.54,11205.82
1kmN3161E4139,"Dortmund, Stadt",1379.0,43.85,34698.97
1kmN3161E4140,"Dortmund, Stadt",2914.0,42.33,75025.08
1kmN3161E4141,"Dortmund, Stadt",4456.0,40.85,109642.16
1kmN3161E4142,"Dortmund, Stadt",158.0,45.18,3589.93
1kmN3161E4144,"Dortmund, Stadt",2341.0,34.64,55255.06
1kmN3161E4145,"Dortmund, Stadt",245.0,49.37,6624.539999999999
1kmN3161E4146,"Dortmund, Stadt",91.0,40.77,2355.7
1kmN3161E4147,"Dortmund, Stadt",,,
1kmN3161E4148,"Dortmund, Stadt",1368.0,36.47,32937.53
