cell_id,cell_lat,cell_lon,cell_population,cell_road_length,point1_lat,point1_lon,point2_lat,point2_lon,distance_km,time_seconds,time_minutes,speed_kmh,mode,straight_dist_km,circuity
1kmN3330E4242,53.07633163264164,8.83019506311557,13046.0,24678.85,53.074172354970514,8.823624382826269,53.074172354970514,8.828678276695273,0.714,208.39,3.4731666666666663,12.334564998320456,auto,0.3376191112620989,2.114809192320013
1kmN3330E4242,53.07633163264164,8.83019506311557,13046.0,24678.85,53.074172354970514,8.823624382826269,53.074172354970514,8.828678276695273,0.702,242.655,4.04425,10.414786425171538,bicycle,0.3376191112620989,2.079266180684382
1kmN3330E4242,53.07633163264164,8.83019506311557,13046.0,24678.85,53.074172354970514,8.823624382826269,53.074172354970514,8.828678276695273,0.714,208.39,3.4731666666666663,12.334564998320456,truck,0.3376191112620989,2.114809192320013
1kmN3330E4242,53.07633163264164,8.83019506311557,13046.0,24678.85,53.074172354970514,8.823624382826269,53.074172354970514,8.833732170564279,0.937,208.829,3.4804833333333334,16.15292895143874,auto,0.6752382221045187,1.3876584134702077
1kmN3330E4242,53.07633163264164,8.83019506311557,13046.0,24678.85,53.074172354970514,8.823624382826269,53.074172354970514,8.833732170564279,0.937,274.856,4.580933333333333,12.272608202113108,bicycle,0.6752382221045187,1.3876584134702077
1kmN3330E4242,53.07633163264164,8.83019506311557,13046.0,24678.85,53.074172354970514,8.823624382826269,53.074172354970514,8.833732170564279,1.501,265.393,4.423216666666666,20.36074802274363,truck,0.6752382221045187,2.222919187426661
1kmN3330E4242,53.07633163264164,8.83019506311557,13046.0,24678.85,53.074172354970514,8.823624382826269,53.077215644777,8.823624382826269,0.428,132.306,2.2051000000000003,11.645730352364971,auto,0.338398386790162,1.2647814431379047
1kmN3330E4242,53.07633163264164,8.83019506311557,13046.0,24678.85,53.074172354970514,8.823624382826269,53.077215644777,8.823624382826269,0.428,157.578,2.6263,9.778014697483151,bicycle,0.338398386790162,1.2647814431379047
1kmN3330E4242,53.07633163264164,8.83019506311557,13046.0,24678.85,53.074172354970514,8.823624382826269,53.077215644777,8.823624382826269,0.428,132.306,2.2051000000000003,11.645730352364971,truck,0.338398386790162,1.2647814431379047
1kmN3330E4242,53.07633163264164,8.83019506311557,13046.0,24678.85,53.074172354970514,8.823624382826269,53.077215644777,8.828678276695273,1.242,257.312,4.2885333333333335,17.376570078348465,auto,0.47800844779103113,2.5982804398949866
1kmN3330E4242,53.07633163264164,8.83019506311557,13046.0,24678.85,53.074172354970514,8.823624382826269,53.077215644777,8.828678276695273,0.798,240.617,4.010283333333333,11.939306034070745,bicycle,0.47800844779103113,1.6694265628310783
1kmN3330E4242,53.07633163264164,8.83019506311557,13046.0,24678.85,53.074172354970514,8.823624382826269,53.077215644777,8.828678276695273,1.242,257.312,4.2885333333333335,17.376570078348465,truck,0.47800844779103113,2.5982804398949866
1kmN3330E4242,53.07633163264164,8.83019506311557,13046.0,24678.85,53.074172354970514,8.823624382826269,53.077215644777,8.833732170564279,1.236,217.334,3.6222333333333334,20.473556829580275,auto,0.7552667737462455,1.6365078445980614
1kmN3330E4242,53.07633163264164,8.83019506311557,13046.0,24678.85,53.074172354970514,8.823624382826269,53.077215644777,8.833732170564279,1.236,322.467,5.3744499999999995,13.798621254267879,bicycle,0.7552667737462455,1.6365078445980614
1kmN3330E4242,53.07633163264164,8.83019506311557,13046.0,24678.85,53.074172354970514,8.823624382826269,53.077215644777,8.833732170564279,1.236,217.334,3.6222333333333334,20.473556829580275,truck,0.7552667737462455,1.6365078445980614
1kmN3330E4242,53.07633163264164,8.83019506311557,13046.0,24678.85,53.074172354970514,8.823624382826269,53.08025893458348,8.823624382826269,0.807,209.672,3.4945333333333335,13.855927353199283,auto,0.676796773580324,1.192381570808749
1kmN3330E4242,53.07633163264164,8.83019506311557,13046.0,24678.85,53.074172354970514,8.823624382826269,53.08025893458348,8.823624382826269,0.807,268.8,4.48,10.808035714285714,bicycle,0.676796773580324,1.192381570808749
1kmN3330E4242,53.07633163264164,8.83019506311557,13046.0,24678.85,53.074172354970514,8.823624382826269,53.08025893458348,8.828678276695273,1.871,263.102,4.385033333333333,25.600717592416633,auto,0.7563229628801117,2.4738109138920605
1kmN3330E4242,53.07633163264164,8.83019506311557,13046.0,24678.85,53.074172354970514,8.823624382826269,53.08025893458348,8.828678276695273,1.728,435.092,7.251533333333333,14.297665781030219,bicycle,0.7563229628801117,2.2847382465021275
1kmN3330E4242,53.07633163264164,8.83019506311557,13046.0,24678.85,53.074172354970514,8.823624382826269,53.08025893458348,8.828678276695273,2.788,330.226,5.5037666666666665,30.393730354363374,truck,0.7563229628801117,3.686255920861071
1kmN3330E4242,53.07633163264164,8.83019506311557,13046.0,24678.85,53.074172354970514,8.823624382826269,53.08025893458348,8.833732170564279,1.3,196.038,3.2673,23.872922596639427,auto,0.9560000407772282,1.3598325779809588
1kmN3330E4242,53.07633163264164,8.83019506311557,13046.0,24678.85,53.074172354970514,8.823624382826269,53.08025893458348,8.833732170564279,1.3,339.184,5.653066666666667,13.797820651917542,bicycle,0.9560000407772282,1.3598325779809588
1kmN3330E4242,53.07633163264164,8.83019506311557,13046.0,24678.85,53.074172354970514,8.823624382826269,53.08025893458348,8.833732170564279,1.3,196.038,3.2673,23.872922596639427,truck,0.9560000407772282,1.3598325779809588
1kmN3330E4242,53.07633163264164,8.83019506311557,13046.0,24678.85,53.074172354970514,8.828678276695273,53.074172354970514,8.823624382826269,1.075,238.302,3.9717,16.239897273207944,auto,0.3376191112620989,3.184061459025229
1kmN3330E4242,53.07633163264164,8.83019506311557,13046.0,24678.85,53.074172354970514,8.828678276695273,53.074172354970514,8.823624382826269,0.714,248.305,4.138416666666667,10.351785102998328,bicycle,0.3376191112620989,2.114809192320013
1kmN3330E4242,53.07633163264164,8.83019506311557,13046.0,24678.85,53.074172354970514,8.828678276695273,53.074172354970514,8.823624382826269,1.075,238.302,3.9717,16.239897273207944,truck,0.3376191112620989,3.184061459025229
1kmN3330E4242,53.07633163264164,8.83019506311557,13046.0,24678.85,53.074172354970514,8.828678276695273,53.074172354970514,8.833732170564279,0.37,73.24,1.2206666666666666,18.186783178590936,auto,0.3376191112620989,1.0959095254319395
1kmN3330E4242,53.07633163264164,8.83019506311557,13046.0,24678.85,53.074172354970514,8.828678276695273,53.074172354970514,8.833732170564279,0.37,112.879,1.8813166666666667,11.800246281416383,bicycle,0.3376191112620989,1.0959095254319395
1kmN3330E4242,53.07633163264164,8.83019506311557,13046.0,24678.85,53.074172354970514,8.828678276695273,53.074172354970514,8.833732170564279,0.37,73.24,1.2206666666666666,18.186783178590936,truck,0.3376191112620989,1.0959095254319395
1kmN3330E4242,53.07633163264164,8.83019506311557,13046.0,24678.85,53.074172354970514,8.828678276695273,53.077215644777,8.823624382826269,0.722,120.589,2.0098166666666666,21.5542047782136,auto,0.47800844779103113,1.5104335568471658
1kmN3330E4242,53.07633163264164,8.83019506311557,13046.0,24678.85,53.074172354970514,8.828678276695273,53.077215644777,8.823624382826269,0.722,191.183,3.186383333333333,13.59535105108718,bicycle,0.47800844779103113,1.5104335568471658
1kmN3330E4242,53.07633163264164,8.83019506311557,13046.0,24678.85,53.074172354970514,8.828678276695273,53.077215644777,8.823624382826269,0.722,120.589,2.0098166666666666,21.5542047782136,truck,0.47800844779103113,1.5104335568471658
1kmN3330E4242,53.07633163264164,8.83019506311557,13046.0,24678.85,53.074172354970514,8.828678276695273,53.077215644777,8.828678276695273,0.676,114.827,1.9137833333333334,21.193621709179897,auto,0.338398386790162,1.9976454569187472
1kmN3330E4242,53.07633163264164,8.83019506311557,13046.0,24678.85,53.074172354970514,8.828678276695273,53.077215644777,8.828678276695273,0.676,175.506,2.9251,13.8661926087997,bicycle,0.338398386790162,1.9976454569187472
1kmN3330E4242,53.07633163264164,8.83019506311557,13046.0,24678.85,53.074172354970514,8.828678276695273,53.077215644777,8.828678276695273,0.899,143.691,2.39485,22.523331315113683,truck,0.338398386790162,2.6566320499555527
1kmN3330E4242,53.07633163264164,8.83019506311557,13046.0,24678.85,53.074172354970514,8.828678276695273,53.077215644777,8.833732170564279,0.664,118.213,1.9702166666666665,20.22112627206822,auto,0.47800844779103113,1.3890967891226016
1kmN3330E4242,53.07633163264164,8.83019506311557,13046.0,24678.85,53.074172354970514,8.828678276695273,53.077215644777,8.833732170564279,0.663,180.69,3.0115,13.209364104266976,bicycle,0.47800844779103113,1.3870047758859712
1kmN3330E4242,53.07633163264164,8.83019506311557,13046.0,24678.85,53.074172354970514,8.828678276695273,53.077215644777,8.833732170564279,1.094,173.234,2.8872333333333335,22.73456711730954,truck,0.47800844779103113,2.288662480873684
1kmN3330E4242,53.07633163264164,8.83019506311557,13046.0,24678.85,53.074172354970514,8.828678276695273,53.08025893458348,8.823624382826269,1.008,198.202,3.303366666666667,18.30859426241915,auto,0.7563229628801117,1.332763977126241
1kmN3330E4242,53.07633163264164,8.83019506311557,13046.0,24678.85,53.074172354970514,8.828678276695273,53.08025893458348,8.823624382826269,0.982,275.805,4.59675,12.817751672377224,bicycle,0.7563229628801117,1.2983871285098896
1kmN3330E4242,53.07633163264164,8.83019506311557,13046.0,24678.85,53.074172354970514,8.828678276695273,53.08025893458348,8.828678276695273,1.3,163.982,2.733033333333333,28.539717773902016,auto,0.676796773580324,1.9208129393449491
1kmN3330E4242,53.07633163264164,8.83019506311557,13046.0,24678.85,53.074172354970514,8.828678276695273,53.08025893458348,8.828678276695273,1.381,332.665,5.544416666666667,14.944764252325914,bicycle,0.676796773580324,2.040494360950288
1kmN3330E4242,53.07633163264164,8.83019506311557,13046.0,24678.85,53.074172354970514,8.828678276695273,53.08025893458348,8.828678276695273,2.885,310.57,5.176166666666666,33.44173616253985,truck,0.676796773580324,4.262727176930905
1kmN3330E4242,53.07633163264164,8.83019506311557,13046.0,24678.85,53.074172354970514,8.828678276695273,53.08025893458348,8.833732170564279,0.905,134.565,2.24275,24.21134767584439,auto,0.7563229628801117,1.1965787691460794
1kmN3330E4242,53.07633163264164,8.83019506311557,13046.0,24678.85,53.074172354970514,8.828678276695273,53.08025893458348,8.833732170564279,0.986,246.788,4.113133333333334,14.383195293126084,bicycle,0.7563229628801117,1.3036758744508667
1kmN3330E4242,53.07633163264164,8.83019506311557,13046.0,24678.85,53.074172354970514,8.828678276695273,53.08025893458348,8.833732170564279,1.397,176.382,2.9397,28.513113583018672,truck,0.7563229628801117,1.8470945198862685
1kmN3330E4242,53.07633163264164,8.83019506311557,13046.0,24678.85,53.074172354970514,8.833732170564279,53.074172354970514,8.823624382826269,1.446,271.729,4.528816666666667,19.157322184971058,auto,0.6752382221045187,2.141466452377716
1kmN3330E4242,53.07633163264164,8.83019506311557,13046.0,24678.85,53.074172354970514,8.833732170564279,53.074172354970514,8.823624382826269,0.937,271.656,4.5276000000000005,12.417174662072622,bicycle,0.6752382221045187,1.3876584134702077
1kmN3330E4242,53.07633163264164,8.83019506311557,13046.0,24678.85,53.074172354970514,8.833732170564279,53.074172354970514,8.823624382826269,2.17,327.649,5.460816666666667,23.842587647146793,truck,0.6752382221045187,3.213680637385646
1kmN3330E4242,53.07633163264164,8.83019506311557,13046.0,24678.85,53.074172354970514,8.833732170564279,53.074172354970514,8.828678276695273,0.37,113.879,1.8979833333333334,11.696625365519541,bicycle,0.3376191112620989,1.0959095254319395
1kmN3330E4242,53.07633163264164,8.83019506311557,13046.0,24678.85,53.074172354970514,8.833732170564279,53.077215644777,8.823624382826269,1.454,171.495,2.85825,30.522172658094988,auto,0.7552667737462455,1.925147577706781
1kmN3330E4242,53.07633163264164,8.83019506311557,13046.0,24678.85,53.074172354970514,8.833732170564279,53.077215644777,8.823624382826269,0.942,212.634,3.5439,15.948531279099297,bicycle,0.7552667737462455,1.2472414155431828
1kmN3330E4242,53.07633163264164,8.83019506311557,13046.0,24678.85,53.074172354970514,8.833732170564279,53.077215644777,8.823624382826269,1.763,206.391,3.43985,30.751340901492796,truck,0.7552667737462455,2.334274538856296
1kmN3330E4242,53.07633163264164,8.83019506311557,13046.0,24678.85,53.074172354970514,8.833732170564279,53.077215644777,8.828678276695273,0.682,90.074,1.5012333333333332,27.25758820525346,auto,0.47800844779103113,1.426753027381949
1kmN3330E4242,53.07633163264164,8.83019506311557,13046.0,24678.85,53.074172354970514,8.833732170564279,53.077215644777,8.828678276695273,0.682,150.388,2.506466666666667,16.32577067319201,bicycle,0.47800844779103113,1.426753027381949
1kmN3330E4242,53.07633163264164,8.83019506311557,13046.0,24678.85,53.074172354970514,8.833732170564279,53.077215644777,8.828678276695273,0.682,90.074,1.5012333333333332,27.25758820525346,truck,0.47800844779103113,1.426753027381949
1kmN3330E4242,53.07633163264164,8.83019506311557,13046.0,24678.85,53.074172354970514,8.833732170564279,53.077215644777,8.833732170564279,0.739,94.382,1.5730333333333335,28.187578139899554,auto,0.338398386790162,2.183816557193719
1kmN3330E4242,53.07633163264164,8.83019506311557,13046.0,24678.85,53.074172354970514,8.833732170564279,53.077215644777,8.833732170564279,0.739,155.726,2.5954333333333333,17.083852407433568,bicycle,0.338398386790162,2.183816557193719
1kmN3330E4242,53.07633163264164,8.83019506311557,13046.0,24678.85,53.074172354970514,8.833732170564279,53.077215644777,8.833732170564279,0.739,94.382,1.5730333333333335,28.187578139899554,truck,0.338398386790162,2.183816557193719
1kmN3330E4242,53.07633163264164,8.83019506311557,13046.0,24678.85,53.074172354970514,8.833732170564279,53.08025893458348,8.823624382826269,1.209,197.71,3.295166666666667,22.014060998432047,auto,0.9560000407772282,1.2646442975222918
1kmN3330E4242,53.07633163264164,8.83019506311557,13046.0,24678.85,53.074172354970514,8.833732170564279,53.08025893458348,8.823624382826269,1.209,289.006,4.816766666666666,15.059894950277853,bicycle,0.9560000407772282,1.2646442975222918
1kmN3330E4242,53.07633163264164,8.83019506311557,13046.0,24678.85,53.074172354970514,8.833732170564279,53.08025893458348,8.828678276695273,1.203,126.816,2.1136,34.15026495079485,auto,0.7563229628801117,1.590590341748877
1kmN3330E4242,53.07633163264164,8.83019506311557,13046.0,24678.85,53.074172354970514,8.833732170564279,53.08025893458348,8.828678276695273,1.203,264.448,4.407466666666666,16.376754598257506,bicycle,0.7563229628801117,1.590590341748877
1kmN3330E4242,53.07633163264164,8.83019506311557,13046.0,24678.85,53.074172354970514,8.833732170564279,53.08025893458348,8.828678276695273,3.394,344.974,5.7495666666666665,35.41832138074174,truck,0.7563229628801117,4.48750093091911
1kmN3330E4242,53.07633163264164,8.83019506311557,13046.0,24678.85,53.074172354970514,8.833732170564279,53.08025893458348,8.833732170564279,0.808,97.399,1.6233166666666667,29.86478300598569,auto,0.676796773580324,1.1938591192236299
1kmN3330E4242,53.07633163264164,8.83019506311557,13046.0,24678.85,53.074172354970514,8.833732170564279,53.08025893458348,8.833732170564279,0.808,178.571,2.976183333333333,16.28931909436583,bicycle,0.676796773580324,1.1938591192236299
1kmN3330E4242,53.07633163264164,8.83019506311557,13046.0,24678.85,53.074172354970514,8.833732170564279,53.08025893458348,8.833732170564279,1.906,210.786,3.5131,32.55244655717173,truck,0.676796773580324,2.816207278762671
1kmN3330E4242,53.07633163264164,8.83019506311557,13046.0,24678.85,53.077215644777,8.823624382826269,53.074172354970514,8.823624382826269,0.428,134.254,2.2375666666666665,11.47675302039418,auto,0.338398386790162,1.2647814431379047
1kmN3330E4242,53.07633163264164,8.83019506311557,13046.0,24678.85,53.077215644777,8.823624382826269,53.074172354970514,8.823624382826269,0.428,161.278,2.6879666666666666,9.553689901908507,bicycle,0.338398386790162,1.2647814431379047
1kmN3330E4242,53.07633163264164,8.83019506311557,13046.0,24678.85,53.077215644777,8.823624382826269,53.074172354970514,8.823624382826269,0.428,134.254,2.2375666666666665,11.47675302039418,truck,0.338398386790162,1.2647814431379047
1kmN3330E4242,53.07633163264164,8.83019506311557,13046.0,24678.85,53.077215644777,8.823624382826269,53.074172354970514,8.828678276695273,0.779,118.703,1.9783833333333334,23.625350665105348,auto,0.47800844779103113,1.6296783113351
1kmN3330E4242,53.07633163264164,8.83019506311557,13046.0,24678.85,53.077215644777,8.823624382826269,53.074172354970514,8.828678276695273,0.696,184.483,3.0747166666666668,13.581739238845854,bicycle,0.47800844779103113,1.4560412126947748
1kmN3330E4242,53.07633163264164,8.83019506311557,13046.0,24678.85,53.077215644777,8.823624382826269,53.074172354970514,8.828678276695273,0.779,118.703,1.9783833333333334,23.625350665105348,truck,0.47800844779103113,1.6296783113351
1kmN3330E4242,53.07633163264164,8.83019506311557,13046.0,24678.85,53.077215644777,8.823624382826269,53.074172354970514,8.833732170564279,1.001,119.142,1.9857,30.24626076446593,auto,0.7552667737462455,1.3253595084487535
1kmN3330E4242,53.07633163264164,8.83019506311557,13046.0,24678.85,53.077215644777,8.823624382826269,53.074172354970514,8.833732170564279,0.942,212.634,3.5439,15.948531279099297,bicycle,0.7552667737462455,1.2472414155431828
1kmN3330E4242,53.07633163264164,8.83019506311557,13046.0,24678.85,53.077215644777,8.823624382826269,53.074172354970514,8.833732170564279,1.568,192.913,3.215216666666667,29.26085852171704,truck,0.7552667737462455,2.07608762162602
1kmN3330E4242,53.07633163264164,8.83019506311557,13046.0,24678.85,53.077215644777,8.823624382826269,53.077215644777,8.828678276695273,1.307,167.625,2.79375,28.06979865771812,auto,0.33759524897075466,3.8714999810711888
1kmN3330E4242,53.07633163264164,8.83019506311557,13046.0,24678.85,53.077215644777,8.823624382826269,53.077215644777,8.828678276695273,0.437,101.296,1.6882666666666668,15.530721844890222,bicycle,0.33759524897075466,1.2944494963489745
1kmN3330E4242,53.07633163264164,8.83019506311557,13046.0,24678.85,53.077215644777,8.823624382826269,53.077215644777,8.828678276695273,1.307,167.625,2.79375,28.06979865771812,truck,0.33759524897075466,3.8714999810711888
1kmN3330E4242,53.07633163264164,8.83019506311557,13046.0,24678.85,53.077215644777,8.823624382826269,53.077215644777,8.833732170564279,0.828,92.552,1.5425333333333335,32.206759443339955,auto,0.6751904975218264,1.2263205762507547
1kmN3330E4242,53.07633163264164,8.83019506311557,13046.0,24678.85,53.077215644777,8.823624382826269,53.077215644777,8.833732170564279,0.828,170.745,2.8457500000000002,17.457612228762187,bicycle,0.6751904975218264,1.2263205762507547
1kmN3330E4242,53.07633163264164,8.83019506311557,13046.0,24678.85,53.077215644777,8.823624382826269,53.077215644777,8.833732170564279,0.828,92.552,1.5425333333333335,32.206759443339955,truck,0.6751904975218264,1.2263205762507547
1kmN3330E4242,53.07633163264164,8.83019506311557,13046.0,24678.85,53.077215644777,8.823624382826269,53.08025893458348,8.823624382826269,0.399,84.89,1.4148333333333334,16.92072093297208,auto,0.338398386790162,1.1790836350748226
1kmN3330E4242,53.07633163264164,8.83019506311557,13046.0,24678.85,53.077215644777,8.823624382826269,53.08025893458348,8.823624382826269,0.399,117.078,1.9513,12.268743914313534,bicycle,0.338398386790162,1.1790836350748226
1kmN3330E4242,53.07633163264164,8.83019506311557,13046.0,24678.85,53.077215644777,8.823624382826269,53.08025893458348,8.828678276695273,1.464,138.321,2.30535,38.10267421432754,auto,0.4779915943253285,3.0628153661706
1kmN3330E4242,53.07633163264164,8.83019506311557,13046.0,24678.85,53.077215644777,8.823624382826269,53.08025893458348,8.828678276695273,1.321,283.371,4.722849999999999,16.78223953756736,bicycle,0.4779915943253285,2.7636469253492915
1kmN3330E4242,53.07633163264164,8.83019506311557,13046.0,24678.85,53.077215644777,8.823624382826269,53.08025893458348,8.828678276695273,2.381,205.445,3.4240833333333334,41.72211540801674,truck,0.4779915943253285,4.981259144024726
1kmN3330E4242,53.07633163264164,8.83019506311557,13046.0,24678.85,53.077215644777,8.823624382826269,53.08025893458348,8.833732170564279,0.893,71.257,1.1876166666666668,45.115567593359245,auto,0.7552241070499609,1.182430475489211
1kmN3330E4242,53.07633163264164,8.83019506311557,13046.0,24678.85,53.077215644777,8.823624382826269,53.08025893458348,8.833732170564279,0.893,187.463,3.1243833333333333,17.148984066189062,bicycle,0.7552241070499609,1.182430475489211
1kmN3330E4242,53.07633163264164,8.83019506311557,13046.0,24678.85,53.077215644777,8.823624382826269,53.08025893458348,8.833732170564279,0.893,71.257,1.1876166666666668,45.115567593359245,truck,0.7552241070499609,1.182430475489211
1kmN3330E4242,53.07633163264164,8.83019506311557,13046.0,24678.85,53.077215644777,8.828678276695273,53.074172354970514,8.823624382826269,1.225,213.523,3.5587166666666668,20.653512736332857,auto,0.47800844779103113,2.5627162148722693
1kmN3330E4242,53.07633163264164,8.83019506311557,13046.0,24678.85,53.077215644777,8.828678276695273,53.074172354970514,8.823624382826269,0.798,237.417,3.95695,12.1002287115076,bicycle,0.47800844779103113,1.6694265628310783
1kmN3330E4242,53.07633163264164,8.83019506311557,13046.0,24678.85,53.077215644777,8.828678276695273,53.074172354970514,8.823624382826269,1.225,213.523,3.5587166666666668,20.653512736332857,truck,0.47800844779103113,2.5627162148722693
1kmN3330E4242,53.07633163264164,8.83019506311557,13046.0,24678.85,53.077215644777,8.828678276695273,53.074172354970514,8.828678276695273,1.576,197.972,3.2995333333333337,28.658598185602003,auto,0.338398386790162,4.6572326037040614
1kmN3330E4242,53.07633163264164,8.83019506311557,13046.0,24678.85,53.077215644777,8.828678276695273,53.074172354970514,8.828678276695273,0.611,157.772,2.6295333333333333,13.941637299394062,bicycle,0.338398386790162,1.805564162984252
1kmN3330E4242,53.07633163264164,8.83019506311557,13046.0,24678.85,53.077215644777,8.828678276695273,53.074172354970514,8.828678276695273,1.576,197.972,3.2995333333333337,28.658598185602003,truck,0.338398386790162,4.6572326037040614
1kmN3330E4242,53.07633163264164,8.83019506311557,13046.0,24678.85,53.077215644777,8.828678276695273,53.074172354970514,8.833732170564279,1.398,193.873,3.2312166666666666,25.959261991097264,auto,0.47800844779103113,2.9246345048093323
1kmN3330E4242,53.07633163264164,8.83019506311557,13046.0,24678.85,53.077215644777,8.828678276695273,53.074172354970514,8.833732170564279,0.682,150.388,2.506466666666667,16.32577067319201,bicycle,0.47800844779103113,1.426753027381949
1kmN3330E4242,53.07633163264164,8.83019506311557,13046.0,24678.85,53.077215644777,8.828678276695273,53.074172354970514,8.833732170564279,1.398,193.873,3.2312166666666666,25.959261991097264,truck,0.47800844779103113,2.9246345048093323
1kmN3330E4242,53.07633163264164,8.83019506311557,13046.0,24678.85,53.077215644777,8.828678276695273,53.077215644777,8.823624382826269,0.817,92.265,1.53775,31.877743456348558,auto,0.33759524897075466,2.4200577540437345
1kmN3330E4242,53.07633163264164,8.83019506311557,13046.0,24678.85,53.077215644777,8.828678276695273,53.077215644777,8.823624382826269,0.437,101.296,1.6882666666666668,15.530721844890222,bicycle,0.33759524897075466,1.2944494963489745
1kmN3330E4242,53.07633163264164,8.83019506311557,13046.0,24678.85,53.077215644777,8.828678276695273,53.077215644777,8.823624382826269,0.817,92.265,1.53775,31.877743456348558,truck,0.33759524897075466,2.4200577540437345
1kmN3330E4242,53.07633163264164,8.83019506311557,13046.0,24678.85,53.077215644777,8.828678276695273,53.077215644777,8.833732170564279,0.658,93.513,1.55855,25.331237368066475,auto,0.33759524897075466,1.9490795620082957
1kmN3330E4242,53.07633163264164,8.83019506311557,13046.0,24678.85,53.077215644777,8.828678276695273,53.077215644777,8.833732170564279,0.406,89.549,1.4924833333333334,16.321790304749353,bicycle,0.33759524897075466,1.2026235595370336
1kmN3330E4242,53.07633163264164,8.83019506311557,13046.0,24678.85,53.077215644777,8.828678276695273,53.077215644777,8.833732170564279,0.658,93.513,1.55855,25.331237368066475,truck,0.33759524897075466,1.9490795620082957
1kmN3330E4242,53.07633163264164,8.83019506311557,13046.0,24678.85,53.077215644777,8.828678276695273,53.08025893458348,8.823624382826269,0.572,118.48,1.9746666666666668,17.38014854827819,auto,0.4779915943253285,1.1966737632852344
1kmN3330E4242,53.07633163264164,8.83019506311557,13046.0,24678.85,53.077215644777,8.828678276695273,53.08025893458348,8.823624382826269,0.572,155.917,2.5986166666666666,13.207026815549296,bicycle,0.4779915943253285,1.1966737632852344
1kmN3330E4242,53.07633163264164,8.83019506311557,13046.0,24678.85,53.077215644777,8.828678276695273,53.08025893458348,8.828678276695273,1.294,139.281,2.3213500000000002,33.44605509724944,auto,0.338398386790162,3.823895297711329
1kmN3330E4242,53.07633163264164,8.83019506311557,13046.0,24678.85,53.077215644777,8.828678276695273,53.08025893458348,8.828678276695273,1.042,225.925,3.765416666666667,16.603740179263028,bicycle,0.338398386790162,3.0792108966114413
1kmN3330E4242,53.07633163264164,8.83019506311557,13046.0,24678.85,53.077215644777,8.828678276695273,53.08025893458348,8.833732170564279,0.961,96.66,1.611,35.791433891992554,auto,0.4779915943253285,2.010495605799144
1kmN3330E4242,53.07633163264164,8.83019506311557,13046.0,24678.85,53.077215644777,8.828678276695273,53.08025893458348,8.833732170564279,0.647,140.047,2.3341166666666666,16.631559405056876,bicycle,0.4779915943253285,1.3535802881915153
1kmN3330E4242,53.07633163264164,8.83019506311557,13046.0,24678.85,53.077215644777,8.828678276695273,53.08025893458348,8.833732170564279,0.961,96.66,1.611,35.791433891992554,truck,0.4779915943253285,2.010495605799144
1kmN3330E4242,53.07633163264164,8.83019506311557,13046.0,24678.85,53.077215644777,8.833732170564279,53.074172354970514,8.823624382826269,1.431,233.266,3.8877666666666664,22.084658715800845,auto,0.7552667737462455,1.8946947618283383
1kmN3330E4242,53.07633163264164,8.83019506311557,13046.0,24678.85,53.077215644777,8.833732170564279,53.074172354970514,8.823624382826269,1.256,329.717,5.495283333333333,13.71357861438749,bicycle,0.7552667737462455,1.662988554057577
1kmN3330E4242,53.07633163264164,8.83019506311557,13046.0,24678.85,53.077215644777,8.833732170564279,53.074172354970514,8.823624382826269,1.431,233.266,3.8877666666666664,22.084658715800845,truck,0.7552667737462455,1.8946947618283383
1kmN3330E4242,53.07633163264164,8.83019506311557,13046.0,24678.85,53.077215644777,8.833732170564279,53.074172354970514,8.828678276695273,1.781,217.715,3.6285833333333333,29.449509680086347,auto,0.47800844779103113,3.725875574438785
1kmN3330E4242,53.07633163264164,8.83019506311557,13046.0,24678.85,53.077215644777,8.833732170564279,53.074172354970514,8.828678276695273,0.664,176.84,2.9473333333333334,13.517303777425923,bicycle,0.47800844779103113,1.3890967891226016
1kmN3330E4242,53.07633163264164,8.83019506311557,13046.0,24678.85,53.077215644777,8.833732170564279,53.074172354970514,8.828678276695273,1.781,217.715,3.6285833333333333,29.449509680086347,truck,0.47800844779103113,3.725875574438785
1kmN3330E4242,53.07633163264164,8.83019506311557,13046.0,24678.85,53.077215644777,8.833732170564279,53.074172354970514,8.833732170564279,0.739,100.36,1.6726666666666667,26.508569151056196,auto,0.338398386790162,2.183816557193719
1kmN3330E4242,53.07633163264164,8.83019506311557,13046.0,24678.85,53.077215644777,8.833732170564279,53.074172354970514,8.833732170564279,0.485,104.273,1.7378833333333332,16.74450720704305,bicycle,0.338398386790162,1.433221962434308
1kmN3330E4242,53.07633163264164,8.83019506311557,13046.0,24678.85,53.077215644777,8.833732170564279,53.074172354970514,8.833732170564279,0.739,100.36,1.6726666666666667,26.508569151056196,truck,0.338398386790162,2.183816557193719
1kmN3330E4242,53.07633163264164,8.83019506311557,13046.0,24678.85,53.077215644777,8.833732170564279,53.077215644777,8.823624382826269,1.023,112.008,1.8668,32.87979430040711,auto,0.6751904975218264,1.5151279583387949
1kmN3330E4242,53.07633163264164,8.83019506311557,13046.0,24678.85,53.077215644777,8.833732170564279,53.077215644777,8.823624382826269,0.895,193.595,3.226583333333333,16.642991812805082,bicycle,0.6751904975218264,1.3255518306092098
1kmN3330E4242,53.07633163264164,8.83019506311557,13046.0,24678.85,53.077215644777,8.833732170564279,53.077215644777,8.823624382826269,1.023,112.008,1.8668,32.87979430040711,truck,0.6751904975218264,1.5151279583387949
1kmN3330E4242,53.07633163264164,8.83019506311557,13046.0,24678.85,53.077215644777,8.833732170564279,53.077215644777,8.828678276695273,1.422,190.435,3.1739166666666665,26.881613148843435,auto,0.33759524897075466,4.212144585373551
1kmN3330E4242,53.07633163264164,8.83019506311557,13046.0,24678.85,53.077215644777,8.833732170564279,53.077215644777,8.828678276695273,0.406,85.549,1.4258166666666667,17.08494546984769,bicycle,0.33759524897075466,1.2026235595370336
1kmN3330E4242,53.07633163264164,8.83019506311557,13046.0,24678.85,53.077215644777,8.833732170564279,53.08025893458348,8.823624382826269,0.778,138.223,2.303716666666667,20.262908488457057,auto,0.7552241070499609,1.0301577938752589
1kmN3330E4242,53.07633163264164,8.83019506311557,13046.0,24678.85,53.077215644777,8.833732170564279,53.08025893458348,8.823624382826269,0.778,192.567,3.20945,14.544548131299756,bicycle,0.7552241070499609,1.0301577938752589
1kmN3330E4242,53.07633163264164,8.83019506311557,13046.0,24678.85,53.077215644777,8.833732170564279,53.08025893458348,8.828678276695273,0.772,67.329,1.12215,41.277904023526276,auto,0.4779915943253285,1.6150911630353166
1kmN3330E4242,53.07633163264164,8.83019506311557,13046.0,24678.85,53.077215644777,8.833732170564279,53.08025893458348,8.828678276695273,0.772,168.009,2.80015,16.541970965841116,bicycle,0.4779915943253285,1.6150911630353166
1kmN3330E4242,53.07633163264164,8.83019506311557,13046.0,24678.85,53.077215644777,8.833732170564279,53.08025893458348,8.833732170564279,0.377,37.912,0.6318666666666667,35.7986917071112,auto,0.338398386790162,1.1140715048200704
1kmN3330E4242,53.07633163264164,8.83019506311557,13046.0,24678.85,53.077215644777,8.833732170564279,53.08025893458348,8.833732170564279,0.377,82.132,1.3688666666666667,16.524618906151073,bicycle,0.338398386790162,1.1140715048200704
1kmN3330E4242,53.07633163264164,8.83019506311557,13046.0,24678.85,53.077215644777,8.833732170564279,53.08025893458348,8.833732170564279,1.167,116.403,1.94005,36.091853302749925,truck,0.338398386790162,3.4485980003316237
1kmN3330E4242,53.07633163264164,8.83019506311557,13046.0,24678.85,53.08025893458348,8.823624382826269,53.074172354970514,8.823624382826269,1.309,247.366,4.122766666666667,19.05031410945724,auto,0.676796773580324,1.9341108750788754
1kmN3330E4242,53.07633163264164,8.83019506311557,13046.0,24678.85,53.08025893458348,8.823624382826269,53.074172354970514,8.823624382826269,0.788,276.15,4.6025,10.272677892449757,bicycle,0.676796773580324,1.1643081509260154
1kmN3330E4242,53.07633163264164,8.83019506311557,13046.0,24678.85,53.08025893458348,8.823624382826269,53.074172354970514,8.828678276695273,1.66,231.815,3.863583333333333,25.7791773612579,auto,0.7563229628801117,2.1948295655055157
1kmN3330E4242,53.07633163264164,8.83019506311557,13046.0,24678.85,53.08025893458348,8.823624382826269,53.074172354970514,8.828678276695273,1.056,299.355,4.98925,12.69930350253044,bicycle,0.7563229628801117,1.3962289284179668
1kmN3330E4242,53.07633163264164,8.83019506311557,13046.0,24678.85,53.08025893458348,8.823624382826269,53.074172354970514,8.833732170564279,1.883,232.254,3.8709,29.18701077268852,auto,0.9560000407772282,1.9696651879524196
1kmN3330E4242,53.07633163264164,8.83019506311557,13046.0,24678.85,53.08025893458348,8.823624382826269,53.074172354970514,8.833732170564279,1.303,327.506,5.458433333333333,14.32279103283604,bicycle,0.9560000407772282,1.3629706531609147
1kmN3330E4242,53.07633163264164,8.83019506311557,13046.0,24678.85,53.08025893458348,8.823624382826269,53.077215644777,8.823624382826269,0.902,126.108,2.1018,25.749357693405653,auto,0.338398386790162,2.665497340444837
1kmN3330E4242,53.07633163264164,8.83019506311557,13046.0,24678.85,53.08025893458348,8.823624382826269,53.077215644777,8.823624382826269,0.381,126.228,2.1038,10.866051906074722,bicycle,0.338398386790162,1.1258918921391163
1kmN3330E4242,53.07633163264164,8.83019506311557,13046.0,24678.85,53.08025893458348,8.823624382826269,53.077215644777,8.828678276695273,2.188,280.737,4.67895,28.057577020485365,auto,0.4779915943253285,4.577486353265897
1kmN3330E4242,53.07633163264164,8.83019506311557,13046.0,24678.85,53.08025893458348,8.823624382826269,53.077215644777,8.828678276695273,0.798,216.167,3.6027833333333334,13.289725073669894,bicycle,0.4779915943253285,1.6694854250028273
1kmN3330E4242,53.07633163264164,8.83019506311557,13046.0,24678.85,53.08025893458348,8.823624382826269,53.077215644777,8.833732170564279,1.506,190.71,3.1785,28.428504011326098,auto,0.7552241070499609,1.994110074005321
1kmN3330E4242,53.07633163264164,8.83019506311557,13046.0,24678.85,53.08025893458348,8.823624382826269,53.077215644777,8.833732170564279,0.985,242.417,4.040283333333333,14.62768700214919,bicycle,0.7552241070499609,1.3042486207803725
1kmN3330E4242,53.07633163264164,8.83019506311557,13046.0,24678.85,53.08025893458348,8.823624382826269,53.08025893458348,8.828678276695273,1.477,355.042,5.917366666666666,14.976256330236989,bicycle,0.33757138572697026,4.375370847322369
1kmN3330E4242,53.07633163264164,8.83019506311557,13046.0,24678.85,53.08025893458348,8.823624382826269,53.08025893458348,8.833732170564279,1.57,169.415,2.823583333333333,33.361862881090815,auto,0.6751427710342539,2.3254340672194576
1kmN3330E4242,53.07633163264164,8.83019506311557,13046.0,24678.85,53.08025893458348,8.823624382826269,53.08025893458348,8.833732170564279,1.049,259.134,4.3189,14.57315520155595,bicycle,0.6751427710342539,1.553745437269561
1kmN3330E4242,53.07633163264164,8.83019506311557,13046.0,24678.85,53.08025893458348,8.828678276695273,53.074172354970514,8.823624382826269,1.095,180.977,3.0162833333333334,21.7817733745172,auto,0.7563229628801117,1.4477942013424938
1kmN3330E4242,53.07633163264164,8.83019506311557,13046.0,24678.85,53.08025893458348,8.828678276695273,53.074172354970514,8.823624382826269,1.095,298.957,4.982616666666667,13.18584278006536,bicycle,0.7563229628801117,1.4477942013424938
1kmN3330E4242,53.07633163264164,8.83019506311557,13046.0,24678.85,53.08025893458348,8.828678276695273,53.074172354970514,8.823624382826269,1.095,180.977,3.0162833333333334,21.7817733745172,truck,0.7563229628801117,1.4477942013424938
1kmN3330E4242,53.07633163264164,8.83019506311557,13046.0,24678.85,53.08025893458348,8.828678276695273,53.074172354970514,8.828678276695273,1.445,165.426,2.7571,31.446084654165613,auto,0.676796773580324,2.135057459502655
1kmN3330E4242,53.07633163264164,8.83019506311557,13046.0,24678.85,53.08025893458348,8.828678276695273,53.074172354970514,8.828678276695273,1.089,272.182,4.536366666666667,14.403597592787179,bicycle,0.676796773580324,1.609050223805115
1kmN3330E4242,53.07633163264164,8.83019506311557,13046.0,24678.85,53.08025893458348,8.828678276695273,53.074172354970514,8.828678276695273,1.445,165.426,2.7571,31.446084654165613,truck,0.676796773580324,2.135057459502655
1kmN3330E4242,53.07633163264164,8.83019506311557,13046.0,24678.85,53.08025893458348,8.828678276695273,53.074172354970514,8.833732170564279,1.668,165.865,2.764416666666667,36.20293612275042,auto,0.7563229628801117,2.20540705738747
1kmN3330E4242,53.07633163264164,8.83019506311557,13046.0,24678.85,53.08025893458348,8.828678276695273,53.074172354970514,8.833732170564279,1.316,288.983,4.8163833333333335,16.39404394030099,bicycle,0.7563229628801117,1.7399974145814814
1kmN3330E4242,53.07633163264164,8.83019506311557,13046.0,24678.85,53.08025893458348,8.828678276695273,53.074172354970514,8.833732170564279,2.03,224.682,3.7447,32.52597003765322,truck,0.7563229628801117,2.6840385650459018
1kmN3330E4242,53.07633163264164,8.83019506311557,13046.0,24678.85,53.08025893458348,8.828678276695273,53.077215644777,8.823624382826269,0.687,59.719,0.9953166666666667,41.413955357591384,auto,0.4779915943253285,1.4372637681415317
1kmN3330E4242,53.07633163264164,8.83019506311557,13046.0,24678.85,53.08025893458348,8.828678276695273,53.077215644777,8.823624382826269,0.687,149.036,2.4839333333333333,16.59464827290051,bicycle,0.4779915943253285,1.4372637681415317
1kmN3330E4242,53.07633163264164,8.83019506311557,13046.0,24678.85,53.08025893458348,8.828678276695273,53.077215644777,8.823624382826269,0.687,59.719,0.9953166666666667,41.413955357591384,truck,0.4779915943253285,1.4372637681415317
1kmN3330E4242,53.07633163264164,8.83019506311557,13046.0,24678.85,53.08025893458348,8.828678276695273,53.077215644777,8.828678276695273,0.679,155.894,2.5982333333333334,15.679885050098143,bicycle,0.338398386790162,2.0065107474080315
1kmN3330E4242,53.07633163264164,8.83019506311557,13046.0,24678.85,53.08025893458348,8.828678276695273,53.077215644777,8.833732170564279,1.291,124.321,2.072016666666667,37.38386917737148,auto,0.4779915943253285,2.700884315386779
1kmN3330E4242,53.07633163264164,8.83019506311557,13046.0,24678.85,53.08025893458348,8.828678276695273,53.077215644777,8.833732170564279,0.885,192.444,3.2074,16.55546548606348,bicycle,0.4779915943253285,1.8514969938941128
1kmN3330E4242,53.07633163264164,8.83019506311557,13046.0,24678.85,53.08025893458348,8.828678276695273,53.077215644777,8.833732170564279,1.291,124.321,2.072016666666667,37.38386917737148,truck,0.4779915943253285,2.700884315386779
1kmN3330E4242,53.07633163264164,8.83019506311557,13046.0,24678.85,53.08025893458348,8.828678276695273,53.08025893458348,8.823624382826269,0.442,85.934,1.4322333333333332,18.516535946191265,auto,0.33757138572697026,1.3093526841682377
1kmN3330E4242,53.07633163264164,8.83019506311557,13046.0,24678.85,53.08025893458348,8.828678276695273,53.08025893458348,8.823624382826269,0.442,123.407,2.056783333333333,12.893920117983585,bicycle,0.33757138572697026,1.3093526841682377
1kmN3330E4242,53.07633163264164,8.83019506311557,13046.0,24678.85,53.08025893458348,8.828678276695273,53.08025893458348,8.833732170564279,1.355,103.026,1.7170999999999998,47.3472715625182,auto,0.33757138572697026,4.013965807800819
1kmN3330E4242,53.07633163264164,8.83019506311557,13046.0,24678.85,53.08025893458348,8.828678276695273,53.08025893458348,8.833732170564279,0.54,115.592,1.9265333333333332,16.81777285625303,bicycle,0.33757138572697026,1.599661650341286
1kmN3330E4242,53.07633163264164,8.83019506311557,13046.0,24678.85,53.08025893458348,8.828678276695273,53.08025893458348,8.833732170564279,1.355,103.026,1.7170999999999998,47.3472715625182,truck,0.33757138572697026,4.013965807800819
1kmN3330E4242,53.07633163264164,8.83019506311557,13046.0,24678.85,53.08025893458348,8.833732170564279,53.074172354970514,8.823624382826269,1.489,210.394,3.5065666666666666,25.477912868237688,auto,0.9560000407772282,1.5575313143181906
1kmN3330E4242,53.07633163264164,8.83019506311557,13046.0,24678.85,53.08025893458348,8.833732170564279,53.074172354970514,8.823624382826269,1.489,384.834,6.4139,13.9291226866649,bicycle,0.9560000407772282,1.5575313143181906
1kmN3330E4242,53.07633163264164,8.83019506311557,13046.0,24678.85,53.08025893458348,8.833732170564279,53.074172354970514,8.823624382826269,1.489,210.394,3.5065666666666666,25.477912868237688,truck,0.9560000407772282,1.5575313143181906
1kmN3330E4242,53.07633163264164,8.83019506311557,13046.0,24678.85,53.08025893458348,8.833732170564279,53.074172354970514,8.828678276695273,1.84,194.843,3.247383333333333,33.996602392695664,auto,0.7563229628801117,2.432823132849488
1kmN3330E4242,53.07633163264164,8.83019506311557,13046.0,24678.85,53.08025893458348,8.833732170564279,53.074172354970514,8.828678276695273,0.905,232.638,3.8773,14.004590823511204,bicycle,0.7563229628801117,1.1965787691460794
1kmN3330E4242,53.07633163264164,8.83019506311557,13046.0,24678.85,53.08025893458348,8.833732170564279,53.074172354970514,8.828678276695273,1.84,194.843,3.247383333333333,33.996602392695664,truck,0.7563229628801117,2.432823132849488
1kmN3330E4242,53.07633163264164,8.83019506311557,13046.0,24678.85,53.08025893458348,8.833732170564279,53.074172354970514,8.833732170564279,1.116,135.001,2.2500166666666668,29.759779557188466,auto,0.676796773580324,1.6489440310068948
1kmN3330E4242,53.07633163264164,8.83019506311557,13046.0,24678.85,53.08025893458348,8.833732170564279,53.074172354970514,8.833732170564279,0.808,175.071,2.91785,16.614973353667942,bicycle,0.676796773580324,1.1938591192236299
1kmN3330E4242,53.07633163264164,8.83019506311557,13046.0,24678.85,53.08025893458348,8.833732170564279,53.074172354970514,8.833732170564279,2.425,254.099,4.234983333333333,34.356687747688895,truck,0.676796773580324,3.58305490608577
1kmN3330E4242,53.07633163264164,8.83019506311557,13046.0,24678.85,53.08025893458348,8.833732170564279,53.077215644777,8.823624382826269,1.082,89.136,1.4856,43.69951534733442,auto,0.7552241070499609,1.4326873174460542
1kmN3330E4242,53.07633163264164,8.83019506311557,13046.0,24678.85,53.08025893458348,8.833732170564279,53.077215644777,8.823624382826269,1.082,234.913,3.915216666666667,16.58145781629795,bicycle,0.7552241070499609,1.4326873174460542
1kmN3330E4242,53.07633163264164,8.83019506311557,13046.0,24678.85,53.08025893458348,8.833732170564279,53.077215644777,8.823624382826269,1.082,89.136,1.4856,43.69951534733442,truck,0.7552241070499609,1.4326873174460542
1kmN3330E4242,53.07633163264164,8.83019506311557,13046.0,24678.85,53.08025893458348,8.833732170564279,53.077215644777,8.828678276695273,1.799,225.076,3.7512666666666665,28.77428068741225,auto,0.4779915943253285,3.7636645107519873
1kmN3330E4242,53.07633163264164,8.83019506311557,13046.0,24678.85,53.08025893458348,8.833732170564279,53.077215644777,8.828678276695273,0.647,141.347,2.3557833333333336,16.478595230178215,bicycle,0.4779915943253285,1.3535802881915153
1kmN3330E4242,53.07633163264164,8.83019506311557,13046.0,24678.85,53.08025893458348,8.833732170564279,53.077215644777,8.828678276695273,2.368,243.765,4.062749999999999,34.971386376223,truck,0.4779915943253285,4.9540620130409705
1kmN3330E4242,53.07633163264164,8.83019506311557,13046.0,24678.85,53.08025893458348,8.833732170564279,53.077215644777,8.833732170564279,0.377,34.64,0.5773333333333334,39.18013856812933,auto,0.338398386790162,1.1140715048200704
1kmN3330E4242,53.07633163264164,8.83019506311557,13046.0,24678.85,53.08025893458348,8.833732170564279,53.077215644777,8.833732170564279,0.377,78.532,1.3088666666666666,17.282127031019204,bicycle,0.338398386790162,1.1140715048200704
1kmN3330E4242,53.07633163264164,8.83019506311557,13046.0,24678.85,53.08025893458348,8.833732170564279,53.077215644777,8.833732170564279,1.686,153.738,2.5623,39.4801545486477,truck,0.338398386790162,4.982293254977821
1kmN3330E4242,53.07633163264164,8.83019506311557,13046.0,24678.85,53.08025893458348,8.833732170564279,53.08025893458348,8.823624382826269,0.836,115.351,1.9225166666666667,26.090801120059645,auto,0.6751427710342539,1.238256611589469
1kmN3330E4242,53.07633163264164,8.83019506311557,13046.0,24678.85,53.08025893458348,8.833732170564279,53.08025893458348,8.823624382826269,0.836,209.284,3.4880666666666666,14.38045908908469,bicycle,0.6751427710342539,1.238256611589469
1kmN3330E4242,53.07633163264164,8.83019506311557,13046.0,24678.85,53.08025893458348,8.833732170564279,53.08025893458348,8.828678276695273,0.394,29.417,0.49028333333333335,48.217017370907975,auto,0.33757138572697026,1.1671605374712344
1kmN3330E4242,53.07633163264164,8.83019506311557,13046.0,24678.85,53.08025893458348,8.833732170564279,53.08025893458348,8.828678276695273,0.394,85.877,1.4312833333333332,16.516645900532158,bicycle,0.33757138572697026,1.1671605374712344
1kmN3330E4242,53.07633163264164,8.83019506311557,13046.0,24678.85,53.08025893458348,8.833732170564279,53.08025893458348,8.828678276695273,0.394,29.417,0.49028333333333335,48.217017370907975,truck,0.33757138572697026,1.1671605374712344
1kmN3329E4240,53.06705358468396,8.80060672299378,12719.0,34817.94,53.06489273776283,8.79403483878665,53.06489273776283,8.799089659008839,0.678,138.091,2.3015166666666667,17.67530106958455,auto,0.33775376363208554,2.007379555771713
1kmN3329E4240,53.06705358468396,8.80060672299378,12719.0,34817.94,53.06489273776283,8.79403483878665,53.06489273776283,8.799089659008839,0.488,139.572,2.3262,12.58705184420944,bicycle,0.33775376363208554,1.4448395622663657
1kmN3329E4240,53.06705358468396,8.80060672299378,12719.0,34817.94,53.06489273776283,8.79403483878665,53.06489273776283,8.799089659008839,0.678,138.091,2.3015166666666667,17.67530106958455,truck,0.33775376363208554,2.007379555771713
1kmN3329E4240,53.06705358468396,8.80060672299378,12719.0,34817.94,53.06489273776283,8.79403483878665,53.06489273776283,8.804144479231027,1.441,246.674,4.111233333333334,21.03018558907708,auto,0.6755075268441664,2.1332108714347844
1kmN3329E4240,53.06705358468396,8.80060672299378,12719.0,34817.94,53.06489273776283,8.79403483878665,53.06489273776283,8.804144479231027,0.964,240.033,4.00055,14.458012023346791,bicycle,0.6755075268441664,1.427075142306129
1kmN3329E4240,53.06705358468396,8.80060672299378,12719.0,34817.94,53.06489273776283,8.79403483878665,53.06489273776283,8.804144479231027,1.447,251.432,4.190533333333333,20.718126571001307,truck,0.6755075268441664,2.1420930818640755
1kmN3329E4240,53.06705358468396,8.80060672299378,12719.0,34817.94,53.06489273776283,8.79403483878665,53.067937225121355,8.79403483878665,0.951,188.255,3.137583333333333,18.185971156144593,auto,0.3385315485015382,2.8091916520320375
1kmN3329E4240,53.06705358468396,8.80060672299378,12719.0,34817.94,53.06489273776283,8.79403483878665,53.067937225121355,8.79403483878665,0.582,165.311,2.7551833333333335,12.674292696795735,bicycle,0.3385315485015382,1.7191898438303321
1kmN3329E4240,53.06705358468396,8.80060672299378,12719.0,34817.94,53.06489273776283,8.79403483878665,53.067937225121355,8.79403483878665,1.05,187.864,3.131066666666667,20.120938551292426,truck,0.3385315485015382,3.1016311615495686
1kmN3329E4240,53.06705358468396,8.80060672299378,12719.0,34817.94,53.06489273776283,8.79403483878665,53.067937225121355,8.799089659008839,1.008,166.473,2.77455,21.798129426393466,auto,0.47819781574746556,2.10791427063381
1kmN3329E4240,53.06705358468396,8.80060672299378,12719.0,34817.94,53.06489273776283,8.79403483878665,53.067937225121355,8.799089659008839,0.638,169.617,2.8269499999999996,13.541095526981378,bicycle,0.47819781574746556,1.3341758974844948
1kmN3329E4240,53.06705358468396,8.80060672299378,12719.0,34817.94,53.06489273776283,8.79403483878665,53.067937225121355,8.799089659008839,1.041,196.503,3.27505,19.07146455779301,truck,0.47819781574746556,2.1769233687795597
1kmN3329E4240,53.06705358468396,8.80060672299378,12719.0,34817.94,53.06489273776283,8.79403483878665,53.067937225121355,8.804144479231027,1.362,267.638,4.460633333333333,18.32026842227188,auto,0.7555671878679124,1.8026193062239009
1kmN3329E4240,53.06705358468396,8.80060672299378,12719.0,34817.94,53.06489273776283,8.79403483878665,53.067937225121355,8.804144479231027,0.959,238.849,3.9808166666666667,14.454320512122722,bicycle,0.7555671878679124,1.2692451649550078
1kmN3329E4240,53.06705358468396,8.80060672299378,12719.0,34817.94,53.06489273776283,8.79403483878665,53.067937225121355,8.804144479231027,1.368,272.396,4.539933333333334,18.07956063965697,truck,0.7555671878679124,1.810560360436341
1kmN3329E4240,53.06705358468396,8.80060672299378,12719.0,34817.94,53.06489273776283,8.79403483878665,53.07098171247987,8.79403483878665,1.518,261.703,4.361716666666666,20.881686491939337,auto,0.6770630970016618,2.242036239639087
1kmN3329E4240,53.06705358468396,8.80060672299378,12719.0,34817.94,53.06489273776283,8.79403483878665,53.07098171247987,8.79403483878665,1.059,278.576,4.642933333333334,13.6853138820286,bicycle,0.6770630970016618,1.5641082857561217
1kmN3329E4240,53.06705358468396,8.80060672299378,12719.0,34817.94,53.06489273776283,8.79403483878665,53.07098171247987,8.79403483878665,2.765,316.495,5.274916666666667,31.4507338188597,truck,0.6770630970016618,4.083814362715464
1kmN3329E4240,53.06705358468396,8.80060672299378,12719.0,34817.94,53.06489273776283,8.79403483878665,53.07098171247987,8.799089659008839,1.753,262.345,4.372416666666667,24.055346966780377,auto,0.7566213819135095,2.316878747950039
1kmN3329E4240,53.06705358468396,8.80060672299378,12719.0,34817.94,53.06489273776283,8.79403483878665,53.07098171247987,8.799089659008839,1.039,269.906,4.498433333333334,13.858158025386613,bicycle,0.7566213819135095,1.3732099367484827
1kmN3329E4240,53.06705358468396,8.80060672299378,12719.0,34817.94,53.06489273776283,8.79403483878665,53.07098171247987,8.799089659008839,2.137,265.851,4.43085,28.93801415078371,truck,0.7566213819135095,2.8243981085962537
1kmN3329E4240,53.06705358468396,8.80060672299378,12719.0,34817.94,53.06489273776283,8.79403483878665,53.07098171247987,8.804144479231027,1.713,229.043,3.8173833333333334,26.924202005736916,auto,0.9563787689733564,1.791131354618896
1kmN3329E4240,53.06705358468396,8.80060672299378,12719.0,34817.94,53.06489273776283,8.79403483878665,53.07098171247987,8.804144479231027,1.437,379.039,6.317316666666667,13.648199789467576,bicycle,0.9563787689733564,1.502542765083102
1kmN3329E4240,53.06705358468396,8.80060672299378,12719.0,34817.94,53.06489273776283,8.79403483878665,53.07098171247987,8.804144479231027,1.814,239.596,3.9932666666666665,27.25588073256649,truck,0.9563787689733564,1.8967380486156902
1kmN3329E4240,53.06705358468396,8.80060672299378,12719.0,34817.94,53.06489273776283,8.799089659008839,53.06489273776283,8.79403483878665,0.633,137.801,2.296683333333333,16.536890153191923,auto,0.33775376363208554,1.8741463994151835
1kmN3329E4240,53.06705358468396,8.80060672299378,12719.0,34817.94,53.06489273776283,8.799089659008839,53.06489273776283,8.79403483878665,0.488,143.272,2.3878666666666666,12.261991177620192,bicycle,0.33775376363208554,1.4448395622663657
1kmN3329E4240,53.06705358468396,8.80060672299378,12719.0,34817.94,53.06489273776283,8.799089659008839,53.06489273776283,8.79403483878665,0.633,137.801,2.296683333333333,16.536890153191923,truck,0.33775376363208554,1.8741463994151835
1kmN3329E4240,53.06705358468396,8.80060672299378,12719.0,34817.94,53.06489273776283,8.799089659008839,53.06489273776283,8.804144479231027,0.763,106.766,1.7794333333333334,25.727291459828034,auto,0.3377537636319793,2.2590421844458684
1kmN3329E4240,53.06705358468396,8.80060672299378,12719.0,34817.94,53.06489273776283,8.799089659008839,53.06489273776283,8.804144479231027,0.47,101.01,1.6835,16.75081675081675,bicycle,0.3377537636319793,1.3915462997241914
1kmN3329E4240,53.06705358468396,8.80060672299378,12719.0,34817.94,53.06489273776283,8.799089659008839,53.06489273776283,8.804144479231027,0.763,106.766,1.7794333333333334,25.727291459828034,truck,0.3377537636319793,2.2590421844458684
1kmN3329E4240,53.06705358468396,8.80060672299378,12719.0,34817.94,53.06489273776283,8.799089659008839,53.067937225121355,8.79403483878665,1.086,146.403,2.44005,26.704370812073527,auto,0.47819781574746556,2.2710266844328553
1kmN3329E4240,53.06705358468396,8.80060672299378,12719.0,34817.94,53.06489273776283,8.799089659008839,53.067937225121355,8.79403483878665,0.614,144.872,2.4145333333333334,15.257606714893145,bicycle,0.47819781574746556,1.283987462469404
1kmN3329E4240,53.06705358468396,8.80060672299378,12719.0,34817.94,53.06489273776283,8.799089659008839,53.067937225121355,8.79403483878665,1.086,146.403,2.44005,26.704370812073527,truck,0.47819781574746556,2.2710266844328553
1kmN3329E4240,53.06705358468396,8.80060672299378,12719.0,34817.94,53.06489273776283,8.799089659008839,53.067937225121355,8.799089659008839,0.565,79.184,1.3197333333333332,25.687007476257826,auto,0.3385315485015382,1.6689729583576247
1kmN3329E4240,53.06705358468396,8.80060672299378,12719.0,34817.94,53.06489273776283,8.799089659008839,53.067937225121355,8.799089659008839,0.582,131.694,2.1948999999999996,15.909608638206752,bicycle,0.3385315485015382,1.7191898438303321
1kmN3329E4240,53.06705358468396,8.80060672299378,12719.0,34817.94,53.06489273776283,8.799089659008839,53.067937225121355,8.799089659008839,0.565,79.184,1.3197333333333332,25.687007476257826,truck,0.3385315485015382,1.6689729583576247
1kmN3329E4240,53.06705358468396,8.80060672299378,12719.0,34817.94,53.06489273776283,8.799089659008839,53.067937225121355,8.804144479231027,0.892,162.655,2.710916666666667,19.7423995573453,auto,0.4781978157473905,1.8653368347278312
1kmN3329E4240,53.06705358468396,8.80060672299378,12719.0,34817.94,53.06489273776283,8.799089659008839,53.067937225121355,8.804144479231027,0.673,146.877,2.44795,16.495434955779324,bicycle,0.4781978157473905,1.4073673652150565
1kmN3329E4240,53.06705358468396,8.80060672299378,12719.0,34817.94,53.06489273776283,8.799089659008839,53.067937225121355,8.804144479231027,0.892,162.655,2.710916666666667,19.7423995573453,truck,0.4781978157473905,1.8653368347278312
1kmN3329E4240,53.06705358468396,8.80060672299378,12719.0,34817.94,53.06489273776283,8.799089659008839,53.07098171247987,8.79403483878665,1.736,225.638,3.7606333333333333,27.697462306880936,auto,0.7566213819135095,2.2944104429214303
1kmN3329E4240,53.06705358468396,8.80060672299378,12719.0,34817.94,53.06489273776283,8.799089659008839,53.07098171247987,8.79403483878665,1.004,239.954,3.9992333333333336,15.062887053351893,bicycle,0.7566213819135095,1.3269516616895831
1kmN3329E4240,53.06705358468396,8.80060672299378,12719.0,34817.94,53.06489273776283,8.799089659008839,53.07098171247987,8.79403483878665,2.801,275.034,4.5839,36.66310347084361,truck,0.7566213819135095,3.7019836697136674
1kmN3329E4240,53.06705358468396,8.80060672299378,12719.0,34817.94,53.06489273776283,8.799089659008839,53.07098171247987,8.799089659008839,1.283,157.362,2.6227,29.351431730659247,auto,0.6770630970016618,1.894948942988767
1kmN3329E4240,53.06705358468396,8.80060672299378,12719.0,34817.94,53.06489273776283,8.799089659008839,53.07098171247987,8.799089659008839,0.984,231.283,3.8547166666666666,15.31630080896564,bicycle,0.6770630970016618,1.4533357442719772
1kmN3329E4240,53.06705358468396,8.80060672299378,12719.0,34817.94,53.06489273776283,8.799089659008839,53.07098171247987,8.799089659008839,1.283,157.362,2.6227,29.351431730659247,truck,0.6770630970016618,1.894948942988767
1kmN3329E4240,53.06705358468396,8.80060672299378,12719.0,34817.94,53.06489273776283,8.799089659008839,53.07098171247987,8.804144479231027,1.395,167.496,2.7916000000000003,29.98280555953575,auto,0.7566213819134621,1.8437226773476936
1kmN3329E4240,53.06705358468396,8.80060672299378,12719.0,34817.94,53.06489273776283,8.799089659008839,53.07098171247987,8.804144479231027,1.382,316.938,5.2823,15.69770743804782,bicycle,0.7566213819134621,1.826541032325815
1kmN3329E4240,53.06705358468396,8.80060672299378,12719.0,34817.94,53.06489273776283,8.799089659008839,53.07098171247987,8.804144479231027,1.395,167.496,2.7916000000000003,29.98280555953575,truck,0.7566213819134621,1.8437226773476936
1kmN3329E4240,53.06705358468396,8.80060672299378,12719.0,34817.94,53.06489273776283,8.804144479231027,53.06489273776283,8.79403483878665,1.214,193.233,3.2205500000000002,22.61725481672385,auto,0.6755075268441664,1.7971672435265982
1kmN3329E4240,53.06705358468396,8.80060672299378,12719.0,34817.94,53.06489273776283,8.804144479231027,53.06489273776283,8.79403483878665,0.964,243.733,4.062216666666667,14.238531507838493,bicycle,0.6755075268441664,1.427075142306129
1kmN3329E4240,53.06705358468396,8.80060672299378,12719.0,34817.94,53.06489273776283,8.804144479231027,53.06489273776283,8.79403483878665,1.214,193.233,3.2205500000000002,22.61725481672385,truck,0.6755075268441664,1.7971672435265982
1kmN3329E4240,53.06705358468396,8.80060672299378,12719.0,34817.94,53.06489273776283,8.804144479231027,53.06489273776283,8.799089659008839,1.167,134.394,2.2399,31.260324121612573,auto,0.3377537636319793,3.4551798548470884
1kmN3329E4240,53.06705358468396,8.80060672299378,12719.0,34817.94,53.06489273776283,8.804144479231027,53.06489273776283,8.799089659008839,0.47,101.01,1.6835,16.75081675081675,bicycle,0.3377537636319793,1.3915462997241914
1kmN3329E4240,53.06705358468396,8.80060672299378,12719.0,34817.94,53.06489273776283,8.804144479231027,53.06489273776283,8.799089659008839,1.167,134.394,2.2399,31.260324121612573,truck,0.3377537636319793,3.4551798548470884
1kmN3329E4240,53.06705358468396,8.80060672299378,12719.0,34817.94,53.06489273776283,8.804144479231027,53.067937225121355,8.79403483878665,1.45,155.313,2.5885499999999997,33.609549747928384,auto,0.7555671878679124,1.9190881013396888
1kmN3329E4240,53.06705358468396,8.80060672299378,12719.0,34817.94,53.06489273776283,8.804144479231027,53.067937225121355,8.79403483878665,0.945,217.471,3.6245166666666666,15.643465105692252,bicycle,0.7555671878679124,1.2507160384593143
1kmN3329E4240,53.06705358468396,8.80060672299378,12719.0,34817.94,53.06489273776283,8.804144479231027,53.067937225121355,8.79403483878665,1.66,175.317,2.9219500000000003,34.08682557880867,truck,0.7555671878679124,2.197024998775092
1kmN3329E4240,53.06705358468396,8.80060672299378,12719.0,34817.94,53.06489273776283,8.804144479231027,53.067937225121355,8.799089659008839,0.695,68.37,1.1395000000000002,36.59499780605528,auto,0.4781978157473905,1.4533734306455635
1kmN3329E4240,53.06705358468396,8.80060672299378,12719.0,34817.94,53.06489273776283,8.804144479231027,53.067937225121355,8.799089659008839,0.695,152.983,2.549716666666667,16.354758371845236,bicycle,0.4781978157473905,1.4533734306455635
1kmN3329E4240,53.06705358468396,8.80060672299378,12719.0,34817.94,53.06489273776283,8.804144479231027,53.067937225121355,8.799089659008839,0.695,68.37,1.1395000000000002,36.59499780605528,truck,0.4781978157473905,1.4533734306455635
1kmN3329E4240,53.06705358468396,8.80060672299378,12719.0,34817.94,53.06489273776283,8.804144479231027,53.067937225121355,8.804144479231027,0.489,102.583,1.7097166666666666,17.160738133998812,auto,0.3385315485015382,1.4444739409502274
1kmN3329E4240,53.06705358468396,8.80060672299378,12719.0,34817.94,53.06489273776283,8.804144479231027,53.067937225121355,8.804144479231027,0.734,156.673,2.6112166666666665,16.865701173782337,bicycle,0.3385315485015382,2.168187878645127
1kmN3329E4240,53.06705358468396,8.80060672299378,12719.0,34817.94,53.06489273776283,8.804144479231027,53.067937225121355,8.804144479231027,0.489,102.583,1.7097166666666666,17.160738133998812,truck,0.3385315485015382,1.4444739409502274
1kmN3329E4240,53.06705358468396,8.80060672299378,12719.0,34817.94,53.06489273776283,8.804144479231027,53.07098171247987,8.79403483878665,1.721,198.669,3.31115,31.185539767150384,auto,0.9563787689733564,1.7994962412721076
1kmN3329E4240,53.06705358468396,8.80060672299378,12719.0,34817.94,53.06489273776283,8.804144479231027,53.07098171247987,8.79403483878665,1.336,312.553,5.209216666666666,15.388110176514065,bicycle,0.9563787689733564,1.3969360710863077
1kmN3329E4240,53.06705358468396,8.80060672299378,12719.0,34817.94,53.06489273776283,8.804144479231027,53.07098171247987,8.79403483878665,3.375,296.57,4.942833333333334,40.96840543547898,truck,0.9563787689733564,3.5289365568235693
1kmN3329E4240,53.06705358468396,8.80060672299378,12719.0,34817.94,53.06489273776283,8.804144479231027,53.07098171247987,8.799089659008839,1.268,130.393,2.173216666666667,35.00801423389293,auto,0.7566213819134621,1.675871222133961
1kmN3329E4240,53.06705358468396,8.80060672299378,12719.0,34817.94,53.06489273776283,8.804144479231027,53.07098171247987,8.799089659008839,1.188,276.016,4.600266666666667,15.49475392730856,bicycle,0.7566213819134621,1.570138021999326
1kmN3329E4240,53.06705358468396,8.80060672299378,12719.0,34817.94,53.06489273776283,8.804144479231027,53.07098171247987,8.799089659008839,1.268,130.393,2.173216666666667,35.00801423389293,truck,0.7566213819134621,1.675871222133961
1kmN3329E4240,53.06705358468396,8.80060672299378,12719.0,34817.94,53.06489273776283,8.804144479231027,53.07098171247987,8.804144479231027,1.381,140.526,2.3421000000000003,35.37850646855386,auto,0.6770630970016618,2.039691730528049
1kmN3329E4240,53.06705358468396,8.80060672299378,12719.0,34817.94,53.06489273776283,8.804144479231027,53.07098171247987,8.804144479231027,1.368,315.227,5.253783333333333,15.623027215308337,bicycle,0.6770630970016618,2.0204911566707975
1kmN3329E4240,53.06705358468396,8.80060672299378,12719.0,34817.94,53.06489273776283,8.804144479231027,53.07098171247987,8.804144479231027,1.381,140.526,2.3421000000000003,35.37850646855386,truck,0.6770630970016618,2.039691730528049
1kmN3329E4240,53.06705358468396,8.80060672299378,12719.0,34817.94,53.067937225121355,8.79403483878665,53.06489273776283,8.79403483878665,0.582,118.862,1.9810333333333332,17.62716427453686,auto,0.3385315485015382,1.7191898438303321
1kmN3329E4240,53.06705358468396,8.80060672299378,12719.0,34817.94,53.067937225121355,8.79403483878665,53.06489273776283,8.79403483878665,0.582,170.461,2.841016666666667,12.291374566616408,bicycle,0.3385315485015382,1.7191898438303321
1kmN3329E4240,53.06705358468396,8.80060672299378,12719.0,34817.94,53.067937225121355,8.79403483878665,53.06489273776283,8.79403483878665,0.582,118.862,1.9810333333333332,17.62716427453686,truck,0.3385315485015382,1.7191898438303321
1kmN3329E4240,53.06705358468396,8.80060672299378,12719.0,34817.94,53.067937225121355,8.79403483878665,53.06489273776283,8.799089659008839,0.76,78.27,1.3045,34.95592180912227,auto,0.47819781574746556,1.5893004421445394
1kmN3329E4240,53.06705358468396,8.80060672299378,12719.0,34817.94,53.067937225121355,8.79403483878665,53.06489273776283,8.799089659008839,0.614,150.522,2.5086999999999997,14.684896559971301,bicycle,0.47819781574746556,1.283987462469404
1kmN3329E4240,53.06705358468396,8.80060672299378,12719.0,34817.94,53.067937225121355,8.79403483878665,53.06489273776283,8.799089659008839,0.76,78.27,1.3045,34.95592180912227,truck,0.47819781574746556,1.5893004421445394
1kmN3329E4240,53.06705358468396,8.80060672299378,12719.0,34817.94,53.067937225121355,8.79403483878665,53.06489273776283,8.804144479231027,1.521,172.001,2.8666833333333335,31.834698635473046,auto,0.7555671878679124,2.013057242853563
1kmN3329E4240,53.06705358468396,8.80060672299378,12719.0,34817.94,53.067937225121355,8.79403483878665,53.06489273776283,8.804144479231027,0.945,217.221,3.62035,15.661469194967337,bicycle,0.7555671878679124,1.2507160384593143
1kmN3329E4240,53.06705358468396,8.80060672299378,12719.0,34817.94,53.067937225121355,8.79403483878665,53.06489273776283,8.804144479231027,1.53,191.611,3.1935166666666666,28.745740067115147,truck,0.7555671878679124,2.0249688241722232
1kmN3329E4240,53.06705358468396,8.80060672299378,12719.0,34817.94,53.067937225121355,8.79403483878665,53.067937225121355,8.799089659008839,0.739,83.72,1.3953333333333333,31.77735308170091,auto,0.3377298904813235,2.1881391633615763
1kmN3329E4240,53.06705358468396,8.80060672299378,12719.0,34817.94,53.067937225121355,8.79403483878665,53.067937225121355,8.799089659008839,0.453,108.377,1.8062833333333332,15.047473172352069,bicycle,0.3377298904813235,1.3413085805179892
1kmN3329E4240,53.06705358468396,8.80060672299378,12719.0,34817.94,53.067937225121355,8.79403483878665,53.067937225121355,8.799089659008839,0.744,93.811,1.5635166666666669,28.55102280116404,truck,0.3377298904813235,2.2029438938308696
1kmN3329E4240,53.06705358468396,8.80060672299378,12719.0,34817.94,53.067937225121355,8.79403483878665,53.067937225121355,8.804144479231027,1.423,180.647,3.0107833333333334,28.358068498231358,auto,0.6754597805426388,2.1067131470904394
1kmN3329E4240,53.06705358468396,8.80060672299378,12719.0,34817.94,53.067937225121355,8.79403483878665,53.067937225121355,8.804144479231027,0.94,215.438,3.5906333333333333,15.707535346596236,bicycle,0.6754597805426388,1.3916446649789267
1kmN3329E4240,53.06705358468396,8.80060672299378,12719.0,34817.94,53.067937225121355,8.79403483878665,53.067937225121355,8.804144479231027,1.423,180.647,3.0107833333333334,28.358068498231358,truck,0.6754597805426388,2.1067131470904394
1kmN3329E4240,53.06705358468396,8.80060672299378,12719.0,34817.94,53.067937225121355,8.79403483878665,53.07098171247987,8.79403483878665,1.03,150.593,2.5098833333333332,24.622658423698315,auto,0.33853154850012357,3.042552472770862
1kmN3329E4240,53.06705358468396,8.80060672299378,12719.0,34817.94,53.067937225121355,8.79403483878665,53.07098171247987,8.79403483878665,0.473,113.065,1.8844166666666666,15.060363507716799,bicycle,0.33853154850012357,1.39721098992293
1kmN3329E4240,53.06705358468396,8.80060672299378,12719.0,34817.94,53.067937225121355,8.79403483878665,53.07098171247987,8.79403483878665,1.143,145.977,2.43295,28.188002219527732,truck,0.33853154850012357,3.376347064443782
1kmN3329E4240,53.06705358468396,8.80060672299378,12719.0,34817.94,53.067937225121355,8.79403483878665,53.07098171247987,8.799089659008839,1.074,153.62,2.5603333333333333,25.16859783882307,auto,0.4781809545657879,2.2460116609521714
1kmN3329E4240,53.06705358468396,8.80060672299378,12719.0,34817.94,53.067937225121355,8.79403483878665,53.07098171247987,8.799089659008839,0.549,126.294,2.1048999999999998,15.649199486911495,bicycle,0.4781809545657879,1.1481009328330931
1kmN3329E4240,53.06705358468396,8.80060672299378,12719.0,34817.94,53.067937225121355,8.79403483878665,53.07098171247987,8.799089659008839,1.768,172.545,2.8757499999999996,36.887768408241335,truck,0.4781809545657879,3.697345080599105
1kmN3329E4240,53.06705358468396,8.80060672299378,12719.0,34817.94,53.067937225121355,8.79403483878665,53.07098171247987,8.804144479231027,1.444,146.289,2.43815,35.53513934745607,auto,0.7555245017077459,1.9112550244711615
1kmN3329E4240,53.06705358468396,8.80060672299378,12719.0,34817.94,53.067937225121355,8.79403483878665,53.07098171247987,8.804144479231027,1.161,277.699,4.628316666666667,15.050828414938476,bicycle,0.7555245017077459,1.536680805686301
1kmN3329E4240,53.06705358468396,8.80060672299378,12719.0,34817.94,53.067937225121355,8.79403483878665,53.07098171247987,8.804144479231027,1.444,146.289,2.43815,35.53513934745607,truck,0.7555245017077459,1.9112550244711615
1kmN3329E4240,53.06705358468396,8.80060672299378,12719.0,34817.94,53.067937225121355,8.799089659008839,53.06489273776283,8.79403483878665,0.705,148.487,2.4747833333333333,17.09240539575855,auto,0.47819781574746556,1.4742852785682898
1kmN3329E4240,53.06705358468396,8.80060672299378,12719.0,34817.94,53.067937225121355,8.799089659008839,53.06489273776283,8.79403483878665,0.638,177.517,2.9586166666666665,12.93847913157613,bicycle,0.47819781574746556,1.3341758974844948
1kmN3329E4240,53.06705358468396,8.80060672299378,12719.0,34817.94,53.067937225121355,8.799089659008839,53.06489273776283,8.79403483878665,0.829,155.634,2.5938999999999997,19.17575851035121,truck,0.47819781574746556,1.7335921928129252
1kmN3329E4240,53.06705358468396,8.80060672299378,12719.0,34817.94,53.067937225121355,8.799089659008839,53.06489273776283,8.799089659008839,0.939,124.029,2.06715,27.25491618895581,auto,0.3385315485015382,2.773744438757185
1kmN3329E4240,53.06705358468396,8.80060672299378,12719.0,34817.94,53.067937225121355,8.799089659008839,53.06489273776283,8.799089659008839,0.565,127.816,2.1302666666666665,15.913500657194717,bicycle,0.3385315485015382,1.6689729583576247
1kmN3329E4240,53.06705358468396,8.80060672299378,12719.0,34817.94,53.067937225121355,8.799089659008839,53.06489273776283,8.799089659008839,0.89,119.574,1.9929,26.795122685533645,truck,0.3385315485015382,2.6290016512182057
1kmN3329E4240,53.06705358468396,8.80060672299378,12719.0,34817.94,53.067937225121355,8.799089659008839,53.06489273776283,8.804144479231027,1.075,124.507,2.0751166666666667,31.08258973391054,auto,0.4781978157473905,2.2480236517179577
1kmN3329E4240,53.06705358468396,8.80060672299378,12719.0,34817.94,53.067937225121355,8.799089659008839,53.06489273776283,8.804144479231027,0.686,154.533,2.57555,15.981052590708783,bicycle,0.4781978157473905,1.4345527675149017
1kmN3329E4240,53.06705358468396,8.80060672299378,12719.0,34817.94,53.067937225121355,8.799089659008839,53.06489273776283,8.804144479231027,1.075,124.507,2.0751166666666667,31.08258973391054,truck,0.4781978157473905,2.2480236517179577
1kmN3329E4240,53.06705358468396,8.80060672299378,12719.0,34817.94,53.067937225121355,8.799089659008839,53.067937225121355,8.79403483878665,0.914,136.974,2.2828999999999997,24.022077182530996,auto,0.3377298904813235,2.706304729786848
1kmN3329E4240,53.06705358468396,8.80060672299378,12719.0,34817.94,53.067937225121355,8.799089659008839,53.067937225121355,8.79403483878665,0.448,106.377,1.77295,15.161172057869654,bicycle,0.3377298904813235,1.3265038500486959
1kmN3329E4240,53.06705358468396,8.80060672299378,12719.0,34817.94,53.067937225121355,8.799089659008839,53.067937225121355,8.79403483878665,0.914,136.974,2.2828999999999997,24.022077182530996,truck,0.3377298904813235,2.706304729786848
1kmN3329E4240,53.06705358468396,8.80060672299378,12719.0,34817.94,53.067937225121355,8.799089659008839,53.067937225121355,8.804144479231027,0.65,117.344,1.9557333333333333,19.9413689664576,auto,0.33772989048121727,1.9246149610087577
1kmN3329E4240,53.06705358468396,8.80060672299378,12719.0,34817.94,53.067937225121355,8.799089659008839,53.067937225121355,8.804144479231027,0.431,100.21,1.6701666666666666,15.483484682167449,bicycle,0.33772989048121727,1.2761677664534994
1kmN3329E4240,53.06705358468396,8.80060672299378,12719.0,34817.94,53.067937225121355,8.799089659008839,53.067937225121355,8.804144479231027,0.65,117.344,1.9557333333333333,19.9413689664576,truck,0.33772989048121727,1.9246149610087577
1kmN3329E4240,53.06705358468396,8.80060672299378,12719.0,34817.94,53.067937225121355,8.799089659008839,53.07098171247987,8.79403483878665,1.481,210.421,3.5070166666666664,25.337775222054837,auto,0.4781809545657879,3.0971538825606757
1kmN3329E4240,53.06705358468396,8.80060672299378,12719.0,34817.94,53.067937225121355,8.799089659008839,53.07098171247987,8.79403483878665,0.838,201.459,3.35765,14.974759132131103,bicycle,0.4781809545657879,1.7524746479310236
1kmN3329E4240,53.06705358468396,8.80060672299378,12719.0,34817.94,53.067937225121355,8.799089659008839,53.07098171247987,8.799089659008839,1.519,188.856,3.1475999999999997,28.955394586351503,auto,0.33853154850012357,4.487026413727126
1kmN3329E4240,53.06705358468396,8.80060672299378,12719.0,34817.94,53.067937225121355,8.799089659008839,53.07098171247987,8.799089659008839,0.718,187.339,3.122316666666667,13.797447408174484,bicycle,0.33853154850012357,2.1209249276208535
1kmN3329E4240,53.06705358468396,8.80060672299378,12719.0,34817.94,53.067937225121355,8.799089659008839,53.07098171247987,8.799089659008839,1.632,174.597,2.9099500000000003,33.65006271585422,truck,0.33853154850012357,4.820821005400045
1kmN3329E4240,53.06705358468396,8.80060672299378,12719.0,34817.94,53.067937225121355,8.799089659008839,53.07098171247987,8.804144479231027,1.308,148.342,2.472366666666667,31.742864461851664,auto,0.47818095456571286,2.735366156914247
1kmN3329E4240,53.06705358468396,8.80060672299378,12719.0,34817.94,53.067937225121355,8.799089659008839,53.07098171247987,8.804144479231027,0.897,226.55,3.7758333333333334,14.253807106598984,bicycle,0.47818095456571286,1.875858901186605
1kmN3329E4240,53.06705358468396,8.80060672299378,12719.0,34817.94,53.067937225121355,8.799089659008839,53.07098171247987,8.804144479231027,1.308,148.342,2.472366666666667,31.742864461851664,truck,0.47818095456571286,2.735366156914247
1kmN3329E4240,53.06705358468396,8.80060672299378,12719.0,34817.94,53.067937225121355,8.804144479231027,53.06489273776283,8.79403483878665,1.178,250.503,4.17505,16.929138573190738,auto,0.7555671878679124,1.5590936437090712
1kmN3329E4240,53.06705358468396,8.80060672299378,12719.0,34817.94,53.067937225121355,8.804144479231027,53.06489273776283,8.79403483878665,0.944,250.821,4.18035,13.549104740033728,bicycle,0.7555671878679124,1.2493925294239077
1kmN3329E4240,53.06705358468396,8.80060672299378,12719.0,34817.94,53.067937225121355,8.804144479231027,53.06489273776283,8.79403483878665,1.178,250.503,4.17505,16.929138573190738,truck,0.7555671878679124,1.5590936437090712
1kmN3329E4240,53.06705358468396,8.80060672299378,12719.0,34817.94,53.067937225121355,8.804144479231027,53.06489273776283,8.799089659008839,1.131,191.665,3.1944166666666667,21.243315159262256,auto,0.4781978157473905,2.365130000086521
1kmN3329E4240,53.06705358468396,8.80060672299378,12719.0,34817.94,53.067937225121355,8.804144479231027,53.06489273776283,8.799089659008839,0.687,147.277,2.4546166666666664,16.792846133476377,bicycle,0.4781978157473905,1.4366439523071974
1kmN3329E4240,53.06705358468396,8.80060672299378,12719.0,34817.94,53.067937225121355,8.804144479231027,53.06489273776283,8.799089659008839,1.131,191.665,3.1944166666666667,21.243315159262256,truck,0.4781978157473905,2.365130000086521
1kmN3329E4240,53.06705358468396,8.80060672299378,12719.0,34817.94,53.067937225121355,8.804144479231027,53.06489273776283,8.804144479231027,0.845,159.185,2.6530833333333335,19.10984075132707,auto,0.3385315485015382,2.4960746014375097
1kmN3329E4240,53.06705358468396,8.80060672299378,12719.0,34817.94,53.067937225121355,8.804144479231027,53.06489273776283,8.804144479231027,0.658,141.066,2.3511,16.792139849432182,bicycle,0.3385315485015382,1.9436888612377297
1kmN3329E4240,53.06705358468396,8.80060672299378,12719.0,34817.94,53.067937225121355,8.804144479231027,53.06489273776283,8.804144479231027,0.879,160.643,2.6773833333333332,19.698337306947703,truck,0.3385315485015382,2.5965083723829245
1kmN3329E4240,53.06705358468396,8.80060672299378,12719.0,34817.94,53.067937225121355,8.804144479231027,53.067937225121355,8.79403483878665,1.414,212.584,3.543066666666667,23.94535807022165,auto,0.6754597805426388,2.09338888965979
1kmN3329E4240,53.06705358468396,8.80060672299378,12719.0,34817.94,53.067937225121355,8.804144479231027,53.067937225121355,8.79403483878665,0.914,226.059,3.76765,14.555492150279353,bicycle,0.6754597805426388,1.353152365734829
1kmN3329E4240,53.06705358468396,8.80060672299378,12719.0,34817.94,53.067937225121355,8.804144479231027,53.067937225121355,8.79403483878665,1.624,232.587,3.8764499999999997,25.13640057268893,truck,0.6754597805426388,2.404288229708274
1kmN3329E4240,53.06705358468396,8.80060672299378,12719.0,34817.94,53.067937225121355,8.804144479231027,53.067937225121355,8.799089659008839,0.659,125.64,2.094,18.882521489971346,auto,0.33772989048121727,1.9512634758534946
1kmN3329E4240,53.06705358468396,8.80060672299378,12719.0,34817.94,53.067937225121355,8.804144479231027,53.067937225121355,8.799089659008839,0.421,104.831,1.7471833333333333,14.457555494080948,bicycle,0.33772989048121727,1.246558305514903
1kmN3329E4240,53.06705358468396,8.80060672299378,12719.0,34817.94,53.067937225121355,8.804144479231027,53.067937225121355,8.799089659008839,0.659,125.64,2.094,18.882521489971346,truck,0.33772989048121727,1.9512634758534946
1kmN3329E4240,53.06705358468396,8.80060672299378,12719.0,34817.94,53.067937225121355,8.804144479231027,53.07098171247987,8.79403483878665,1.685,255.939,4.26565,23.70095999437366,auto,0.7555245017077459,2.2302387231536756
1kmN3329E4240,53.06705358468396,8.80060672299378,12719.0,34817.94,53.067937225121355,8.804144479231027,53.07098171247987,8.79403483878665,1.011,265.148,4.419133333333334,13.72667340504171,bicycle,0.7555245017077459,1.338143233892205
1kmN3329E4240,53.06705358468396,8.80060672299378,12719.0,34817.94,53.067937225121355,8.804144479231027,53.07098171247987,8.79403483878665,3.339,353.841,5.89735,33.97119044994786,truck,0.7555245017077459,4.419446348136571
1kmN3329E4240,53.06705358468396,8.80060672299378,12719.0,34817.94,53.067937225121355,8.804144479231027,53.07098171247987,8.799089659008839,1.233,187.663,3.1277166666666667,23.653037625957168,auto,0.47818095456571286,2.5785217671829255
1kmN3329E4240,53.06705358468396,8.80060672299378,12719.0,34817.94,53.067937225121355,8.804144479231027,53.07098171247987,8.799089659008839,0.907,217.714,3.6285666666666665,14.997657477240784,bicycle,0.47818095456571286,1.8967714864841145
1kmN3329E4240,53.06705358468396,8.80060672299378,12719.0,34817.94,53.067937225121355,8.804144479231027,53.07098171247987,8.799089659008839,1.233,187.663,3.1277166666666667,23.653037625957168,truck,0.47818095456571286,2.5785217671829255
1kmN3329E4240,53.06705358468396,8.80060672299378,12719.0,34817.94,53.067937225121355,8.804144479231027,53.07098171247987,8.804144479231027,1.345,197.796,3.2965999999999998,24.47976703270036,auto,0.33853154850012357,3.973041821239621
1kmN3329E4240,53.06705358468396,8.80060672299378,12719.0,34817.94,53.067937225121355,8.804144479231027,53.07098171247987,8.804144479231027,0.874,197.311,3.2885166666666668,15.946399339114393,bicycle,0.33853154850012357,2.581738700195858
1kmN3329E4240,53.06705358468396,8.80060672299378,12719.0,34817.94,53.067937225121355,8.804144479231027,53.07098171247987,8.804144479231027,1.345,197.796,3.2965999999999998,24.47976703270036,truck,0.33853154850012357,3.973041821239621
1kmN3329E4240,53.06705358468396,8.80060672299378,12719.0,34817.94,53.07098171247987,8.79403483878665,53.06489273776283,8.79403483878665,0.994,162.273,2.70455,22.05172764415522,auto,0.6770630970016618,1.468105416469863
1kmN3329E4240,53.06705358468396,8.80060672299378,12719.0,34817.94,53.07098171247987,8.79403483878665,53.06489273776283,8.79403483878665,1.059,286.826,4.780433333333334,13.291682065084753,bicycle,0.6770630970016618,1.5641082857561217
1kmN3329E4240,53.06705358468396,8.80060672299378,12719.0,34817.94,53.07098171247987,8.79403483878665,53.06489273776283,8.79403483878665,0.994,162.273,2.70455,22.05172764415522,truck,0.6770630970016618,1.468105416469863
1kmN3329E4240,53.06705358468396,8.80060672299378,12719.0,34817.94,53.07098171247987,8.79403483878665,53.06489273776283,8.799089659008839,1.173,121.682,2.0280333333333336,34.70357160467448,auto,0.7566213819135095,1.550313046973985
1kmN3329E4240,53.06705358468396,8.80060672299378,12719.0,34817.94,53.07098171247987,8.79403483878665,53.06489273776283,8.799089659008839,1.004,244.504,4.075066666666666,14.782580244085988,bicycle,0.7566213819135095,1.3269516616895831
1kmN3329E4240,53.06705358468396,8.80060672299378,12719.0,34817.94,53.07098171247987,8.79403483878665,53.06489273776283,8.799089659008839,1.173,121.682,2.0280333333333336,34.70357160467448,truck,0.7566213819135095,1.550313046973985
1kmN3329E4240,53.06705358468396,8.80060672299378,12719.0,34817.94,53.07098171247987,8.79403483878665,53.06489273776283,8.804144479231027,1.571,212.071,3.5345166666666668,26.66842708338245,auto,0.9563787689733564,1.6426546165243932
1kmN3329E4240,53.06705358468396,8.80060672299378,12719.0,34817.94,53.07098171247987,8.79403483878665,53.06489273776283,8.804144479231027,1.336,311.203,5.186716666666666,15.454863866993572,bicycle,0.9563787689733564,1.3969360710863077
1kmN3329E4240,53.06705358468396,8.80060672299378,12719.0,34817.94,53.07098171247987,8.79403483878665,53.06489273776283,8.804144479231027,1.943,235.023,3.91705,29.76219348744591,truck,0.9563787689733564,2.0316218458987243
1kmN3329E4240,53.06705358468396,8.80060672299378,12719.0,34817.94,53.07098171247987,8.79403483878665,53.067937225121355,8.79403483878665,0.381,59.443,0.9907166666666666,23.074205541443064,auto,0.33853154850012357,1.1254490214812607
1kmN3329E4240,53.06705358468396,8.80060672299378,12719.0,34817.94,53.07098171247987,8.79403483878665,53.067937225121355,8.79403483878665,0.473,116.164,1.9360666666666666,14.658586136841018,bicycle,0.33853154850012357,1.39721098992293
1kmN3329E4240,53.06705358468396,8.80060672299378,12719.0,34817.94,53.07098171247987,8.79403483878665,53.067937225121355,8.79403483878665,0.381,59.443,0.9907166666666666,23.074205541443064,truck,0.33853154850012357,1.1254490214812607
1kmN3329E4240,53.06705358468396,8.80060672299378,12719.0,34817.94,53.07098171247987,8.79403483878665,53.067937225121355,8.799089659008839,0.785,107.519,1.7919833333333335,26.28372659715957,auto,0.4781809545657879,1.6416379458542407
1kmN3329E4240,53.06705358468396,8.80060672299378,12719.0,34817.94,53.07098171247987,8.79403483878665,53.067937225121355,8.799089659008839,0.784,210.502,3.508366666666667,13.407948618065387,bicycle,0.4781809545657879,1.63954668732449
1kmN3329E4240,53.06705358468396,8.80060672299378,12719.0,34817.94,53.07098171247987,8.79403483878665,53.067937225121355,8.799089659008839,1.157,137.222,2.2870333333333335,30.353733366369823,truck,0.4781809545657879,2.419586118921473
1kmN3329E4240,53.06705358468396,8.80060672299378,12719.0,34817.94,53.07098171247987,8.79403483878665,53.067937225121355,8.804144479231027,1.469,204.446,3.407433333333333,25.866977099087293,auto,0.7555245017077459,1.9443446197701777
1kmN3329E4240,53.06705358468396,8.80060672299378,12719.0,34817.94,53.07098171247987,8.79403483878665,53.067937225121355,8.804144479231027,1.01,261.391,4.356516666666667,13.910195836888034,bicycle,0.7555245017077459,1.3368196500802445
1kmN3329E4240,53.06705358468396,8.80060672299378,12719.0,34817.94,53.07098171247987,8.79403483878665,53.067937225121355,8.804144479231027,1.836,224.059,3.7343166666666665,29.499372933022105,truck,0.7555245017077459,2.430099878759732
1kmN3329E4240,53.06705358468396,8.80060672299378,12719.0,34817.94,53.07098171247987,8.79403483878665,53.07098171247987,8.799089659008839,0.576,76.578,1.2763,27.07827313327587,auto,0.33770601637699177,1.7056255206214423
1kmN3329E4240,53.06705358468396,8.80060672299378,12719.0,34817.94,53.07098171247987,8.79403483878665,53.07098171247987,8.799089659008839,0.441,108.876,1.8146,14.581726000220435,bicycle,0.33770601637699177,1.305869539225792
1kmN3329E4240,53.06705358468396,8.80060672299378,12719.0,34817.94,53.07098171247987,8.79403483878665,53.07098171247987,8.799089659008839,0.576,76.578,1.2763,27.07827313327587,truck,0.33770601637699177,1.7056255206214423
1kmN3329E4240,53.06705358468396,8.80060672299378,12719.0,34817.94,53.07098171247987,8.79403483878665,53.07098171247987,8.804144479231027,1.49,170.088,2.8348,31.53661633977706,auto,0.6754120323339713,2.206060787592305
1kmN3329E4240,53.06705358468396,8.80060672299378,12719.0,34817.94,53.07098171247987,8.79403483878665,53.07098171247987,8.804144479231027,1.177,273.881,4.564683333333333,15.470952713039607,bicycle,0.6754120323339713,1.7426399644269417
1kmN3329E4240,53.06705358468396,8.80060672299378,12719.0,34817.94,53.07098171247987,8.79403483878665,53.07098171247987,8.804144479231027,1.857,189.701,3.1616833333333334,35.24072092398037,truck,0.6754120323339713,2.749432807086517
1kmN3329E4240,53.06705358468396,8.80060672299378,12719.0,34817.94,53.07098171247987,8.799089659008839,53.06489273776283,8.79403483878665,1.029,155.846,2.5974333333333335,23.769618726178404,auto,0.7566213819135095,1.3599932867316542
1kmN3329E4240,53.06705358468396,8.80060672299378,12719.0,34817.94,53.07098171247987,8.799089659008839,53.06489273776283,8.79403483878665,1.027,270.3,4.505,13.678135405105436,bicycle,0.7566213819135095,1.3573499567282885
1kmN3329E4240,53.06705358468396,8.80060672299378,12719.0,34817.94,53.07098171247987,8.799089659008839,53.06489273776283,8.79403483878665,1.029,155.846,2.5974333333333335,23.769618726178404,truck,0.7566213819135095,1.3599932867316542
1kmN3329E4240,53.06705358468396,8.80060672299378,12719.0,34817.94,53.07098171247987,8.799089659008839,53.06489273776283,8.799089659008839,1.208,115.254,1.9209,37.732312978291425,auto,0.6770630970016618,1.7841764015046224
1kmN3329E4240,53.06705358468396,8.80060672299378,12719.0,34817.94,53.07098171247987,8.799089659008839,53.06489273776283,8.799089659008839,0.972,227.977,3.7996166666666666,15.348916776692384,bicycle,0.6770630970016618,1.435612137634514
1kmN3329E4240,53.06705358468396,8.80060672299378,12719.0,34817.94,53.07098171247987,8.799089659008839,53.06489273776283,8.799089659008839,1.208,115.254,1.9209,37.732312978291425,truck,0.6770630970016618,1.7841764015046224
1kmN3329E4240,53.06705358468396,8.80060672299378,12719.0,34817.94,53.07098171247987,8.799089659008839,53.06489273776283,8.804144479231027,1.317,142.382,2.3730333333333333,33.299152982820864,auto,0.7566213819134621,1.7406328072164245
1kmN3329E4240,53.06705358468396,8.80060672299378,12719.0,34817.94,53.07098171247987,8.799089659008839,53.06489273776283,8.804144479231027,0.94,224.466,3.7411000000000003,15.075779850846008,bicycle,0.7566213819134621,1.2423651015819583
1kmN3329E4240,53.06705358468396,8.80060672299378,12719.0,34817.94,53.07098171247987,8.799089659008839,53.06489273776283,8.804144479231027,1.317,142.382,2.3730333333333333,33.299152982820864,truck,0.7566213819134621,1.7406328072164245
1kmN3329E4240,53.06705358468396,8.80060672299378,12719.0,34817.94,53.07098171247987,8.799089659008839,53.067937225121355,8.79403483878665,0.904,117.183,1.9530500000000002,27.771946442743403,auto,0.4781809545657879,1.890497710894565
1kmN3329E4240,53.06705358468396,8.80060672299378,12719.0,34817.94,53.07098171247987,8.799089659008839,53.067937225121355,8.79403483878665,0.549,124.194,2.0699,15.913812261461908,bicycle,0.4781809545657879,1.1481009328330931
1kmN3329E4240,53.06705358468396,8.80060672299378,12719.0,34817.94,53.07098171247987,8.799089659008839,53.067937225121355,8.79403483878665,1.114,137.186,2.2864333333333335,29.233303689880895,truck,0.4781809545657879,2.3296620021421965
1kmN3329E4240,53.06705358468396,8.80060672299378,12719.0,34817.94,53.07098171247987,8.799089659008839,53.067937225121355,8.799089659008839,0.498,59.209,0.9868166666666667,30.279180529986995,auto,0.33853154850012357,1.4710593509125138
1kmN3329E4240,53.06705358468396,8.80060672299378,12719.0,34817.94,53.07098171247987,8.799089659008839,53.067937225121355,8.799089659008839,0.449,127.975,2.1329166666666666,12.630591912482908,bicycle,0.33853154850012357,1.3263165633729292
1kmN3329E4240,53.06705358468396,8.80060672299378,12719.0,34817.94,53.07098171247987,8.799089659008839,53.067937225121355,8.799089659008839,0.498,59.209,0.9868166666666667,30.279180529986995,truck,0.33853154850012357,1.4710593509125138
1kmN3329E4240,53.06705358468396,8.80060672299378,12719.0,34817.94,53.07098171247987,8.799089659008839,53.067937225121355,8.804144479231027,0.891,135.22,2.2536666666666667,23.72134299659814,auto,0.47818095456571286,1.8633113500080993
1kmN3329E4240,53.06705358468396,8.80060672299378,12719.0,34817.94,53.07098171247987,8.799089659008839,53.067937225121355,8.804144479231027,0.675,178.864,2.9810666666666665,13.585741121746132,bicycle,0.47818095456571286,1.4115995075818935
1kmN3329E4240,53.06705358468396,8.80060672299378,12719.0,34817.94,53.07098171247987,8.799089659008839,53.067937225121355,8.804144479231027,0.891,135.22,2.2536666666666667,23.72134299659814,truck,0.47818095456571286,1.8633113500080993
1kmN3329E4240,53.06705358468396,8.80060672299378,12719.0,34817.94,53.07098171247987,8.799089659008839,53.07098171247987,8.79403483878665,1.175,160.538,2.6756333333333333,26.34890181763819,auto,0.33770601637699177,3.479357615851033
1kmN3329E4240,53.06705358468396,8.80060672299378,12719.0,34817.94,53.07098171247987,8.799089659008839,53.07098171247987,8.79403483878665,0.419,103.826,1.7304333333333333,14.528152871149809,bicycle,0.33770601637699177,1.2407241200353896
1kmN3329E4240,53.06705358468396,8.80060672299378,12719.0,34817.94,53.07098171247987,8.799089659008839,53.07098171247987,8.804144479231027,0.768,108.613,1.8102166666666666,25.455516374651285,auto,0.3377060163768855,2.274167360829306
1kmN3329E4240,53.06705358468396,8.80060672299378,12719.0,34817.94,53.07098171247987,8.799089659008839,53.07098171247987,8.804144479231027,0.674,155.254,2.5875666666666666,15.628582838445388,bicycle,0.3377060163768855,1.9958187515611354
1kmN3329E4240,53.06705358468396,8.80060672299378,12719.0,34817.94,53.07098171247987,8.799089659008839,53.07098171247987,8.804144479231027,0.768,108.613,1.8102166666666666,25.455516374651285,truck,0.3377060163768855,2.274167360829306
1kmN3329E4240,53.06705358468396,8.80060672299378,12719.0,34817.94,53.07098171247987,8.804144479231027,53.06489273776283,8.79403483878665,2.008,246.964,4.116066666666667,29.270662930629566,auto,0.9563787689733564,2.0995865499560673
1kmN3329E4240,53.06705358468396,8.80060672299378,12719.0,34817.94,53.07098171247987,8.804144479231027,53.06489273776283,8.79403483878665,1.458,361.761,6.02935,14.50902667783426,bicycle,0.9563787689733564,1.524500592547782
1kmN3329E4240,53.06705358468396,8.80060672299378,12719.0,34817.94,53.07098171247987,8.804144479231027,53.06489273776283,8.799089659008839,2.187,206.373,3.4395499999999997,38.150339433937575,auto,0.7566213819134621,2.8904813586805775
1kmN3329E4240,53.06705358468396,8.80060672299378,12719.0,34817.94,53.07098171247987,8.804144479231027,53.06489273776283,8.799089659008839,1.501,351.588,5.859800000000001,15.36912522611693,bicycle,0.7566213819134621,1.9838191675260843
1kmN3329E4240,53.06705358468396,8.80060672299378,12719.0,34817.94,53.07098171247987,8.804144479231027,53.06489273776283,8.804144479231027,2.295,233.501,3.8916833333333334,35.383146110723295,auto,0.6770630970016618,3.3896397694148246
1kmN3329E4240,53.06705358468396,8.80060672299378,12719.0,34817.94,53.07098171247987,8.804144479231027,53.06489273776283,8.804144479231027,1.364,306.827,5.113783333333333,16.003806705407282,bicycle,0.6770630970016618,2.0145832877916434
1kmN3329E4240,53.06705358468396,8.80060672299378,12719.0,34817.94,53.07098171247987,8.804144479231027,53.067937225121355,8.79403483878665,1.883,208.301,3.471683333333333,32.54329071871955,auto,0.7555245017077459,2.4923083179218817
1kmN3329E4240,53.06705358468396,8.80060672299378,12719.0,34817.94,53.07098171247987,8.804144479231027,53.067937225121355,8.79403483878665,1.138,265.499,4.4249833333333335,15.430566593471159,bicycle,0.7555245017077459,1.506238378011206
1kmN3329E4240,53.06705358468396,8.80060672299378,12719.0,34817.94,53.07098171247987,8.804144479231027,53.067937225121355,8.799089659008839,1.477,150.327,2.50545,35.370891456624555,auto,0.47818095456571286,3.088788848442158
1kmN3329E4240,53.06705358468396,8.80060672299378,12719.0,34817.94,53.07098171247987,8.804144479231027,53.067937225121355,8.799089659008839,0.934,215.771,3.5961833333333333,15.583187731437498,bicycle,0.47818095456571286,1.9532354667873904
1kmN3329E4240,53.06705358468396,8.80060672299378,12719.0,34817.94,53.07098171247987,8.804144479231027,53.067937225121355,8.804144479231027,0.874,192.311,3.2051833333333333,16.360998590824238,bicycle,0.33853154850012357,2.581738700195858
1kmN3329E4240,53.06705358468396,8.80060672299378,12719.0,34817.94,53.07098171247987,8.804144479231027,53.07098171247987,8.79403483878665,2.154,251.656,4.194266666666667,30.813491432749466,auto,0.6754120323339713,3.1891643868951842
1kmN3329E4240,53.06705358468396,8.80060672299378,12719.0,34817.94,53.07098171247987,8.804144479231027,53.07098171247987,8.79403483878665,1.088,261.431,4.357183333333333,14.98215590346975,bicycle,0.6754120323339713,1.6108685482553207
1kmN3329E4240,53.06705358468396,8.80060672299378,12719.0,34817.94,53.07098171247987,8.804144479231027,53.07098171247987,8.799089659008839,1.319,150.004,2.5000666666666667,31.655155862510334,auto,0.3377060163768855,3.9057639960076225
1kmN3329E4240,53.06705358468396,8.80060672299378,12719.0,34817.94,53.07098171247987,8.804144479231027,53.07098171247987,8.799089659008839,0.673,158.004,2.6334,15.333789017999546,bicycle,0.3377060163768855,1.992857596143389
1kmN3332E4239,53.093858787579755,8.784935993226078,11292.0,38678.22,53.091697107383226,8.778358625263824,53.091697107383226,8.783417663048823,1.673,213.871,3.564516666666667,28.160900729879227,auto,0.33782518051569466,4.9522655399640225
1kmN3332E4239,53.093858787579755,8.784935993226078,11292.0,38678.22,53.091697107383226,8.778358625263824,53.091697107383226,8.783417663048823,1.25,311.725,5.1954166666666675,14.435800785949153,bicycle,0.33782518051569466,3.7001386281859103
1kmN3332E4239,53.093858787579755,8.784935993226078,11292.0,38678.22,53.091697107383226,8.778358625263824,53.091697107383226,8.783417663048823,1.411,191.383,3.189716666666667,26.54154235224654,truck,0.33782518051569466,4.176716483496256
1kmN3332E4239,53.093858787579755,8.784935993226078,11292.0,38678.22,53.091697107383226,8.778358625263824,53.091697107383226,8.788476700833819,1.624,225.846,3.7641,25.886666135331158,auto,0.6756503606100867,2.403610054368342
1kmN3332E4239,53.093858787579755,8.784935993226078,11292.0,38678.22,53.091697107383226,8.778358625263824,53.091697107383226,8.788476700833819,1.304,337.723,5.628716666666667,13.900148938627218,bicycle,0.6756503606100867,1.9299923096652203
1kmN3332E4239,53.093858787579755,8.784935993226078,11292.0,38678.22,53.091697107383226,8.778358625263824,53.091697107383226,8.788476700833819,1.624,225.846,3.7641,25.886666135331158,truck,0.6756503606100867,2.403610054368342
1kmN3332E4239,53.093858787579755,8.784935993226078,11292.0,38678.22,53.091697107383226,8.778358625263824,53.09474222752192,8.778358625263824,1.668,410.063,6.834383333333333,14.643603543845702,bicycle,0.33860191044616517,4.926138774001979
1kmN3332E4239,53.093858787579755,8.784935993226078,11292.0,38678.22,53.091697107383226,8.778358625263824,53.09474222752192,8.783417663048823,1.681,210.129,3.50215,28.79945176534415,auto,0.47829805582434337,3.514544915100707
1kmN3332E4239,53.093858787579755,8.784935993226078,11292.0,38678.22,53.091697107383226,8.778358625263824,53.09474222752192,8.783417663048823,1.697,407.713,6.795216666666667,14.98406967646359,bicycle,0.47829805582434337,3.5479968595632956
1kmN3332E4239,53.093858787579755,8.784935993226078,11292.0,38678.22,53.091697107383226,8.778358625263824,53.09474222752192,8.783417663048823,1.643,219.121,3.652016666666667,26.99330506888888,truck,0.47829805582434337,3.435096547002059
1kmN3332E4239,53.093858787579755,8.784935993226078,11292.0,38678.22,53.091697107383226,8.778358625263824,53.09474222752192,8.788476700833819,2.04,252.167,4.2027833333333335,29.123557007855904,auto,0.7557263783795821,2.69938969759682
1kmN3332E4239,53.093858787579755,8.784935993226078,11292.0,38678.22,53.091697107383226,8.778358625263824,53.09474222752192,8.788476700833819,1.734,431.162,7.186033333333333,14.478084803391765,bicycle,0.7557263783795821,2.2944812429572967
1kmN3332E4239,53.093858787579755,8.784935993226078,11292.0,38678.22,53.091697107383226,8.778358625263824,53.09474222752192,8.788476700833819,2.131,239.882,3.9980333333333333,31.98072385589581,truck,0.7557263783795821,2.8198036497935406
1kmN3332E4239,53.093858787579755,8.784935993226078,11292.0,38678.22,53.091697107383226,8.778358625263824,53.0977873476606,8.778358625263824,2.715,298.349,4.972483333333333,32.76029080037137,auto,0.6772038208902084,4.009132725256978
1kmN3332E4239,53.093858787579755,8.784935993226078,11292.0,38678.22,53.091697107383226,8.778358625263824,53.0977873476606,8.778358625263824,2.068,495.17,8.252833333333333,15.034836520790838,bicycle,0.6772038208902084,3.0537335085935293
1kmN3332E4239,53.093858787579755,8.784935993226078,11292.0,38678.22,53.091697107383226,8.778358625263824,53.0977873476606,8.778358625263824,2.715,298.349,4.972483333333333,32.76029080037137,truck,0.6772038208902084,4.009132725256978
1kmN3332E4239,53.093858787579755,8.784935993226078,11292.0,38678.22,53.091697107383226,8.778358625263824,53.0977873476606,8.783417663048823,2.206,256.351,4.272516666666666,30.979399339187285,auto,0.7567791719636804,2.914985086436643
1kmN3332E4239,53.093858787579755,8.784935993226078,11292.0,38678.22,53.091697107383226,8.778358625263824,53.0977873476606,8.783417663048823,2.288,539.747,8.995783333333332,15.260483152291723,bicycle,0.7567791719636804,3.0233390198399994
1kmN3332E4239,53.093858787579755,8.784935993226078,11292.0,38678.22,53.091697107383226,8.778358625263824,53.0977873476606,8.783417663048823,2.685,280.283,4.671383333333334,34.486572499937566,truck,0.7567791719636804,3.5479306242440556
1kmN3332E4239,53.093858787579755,8.784935993226078,11292.0,38678.22,53.091697107383226,8.778358625263824,53.0977873476606,8.788476700833819,3.349,368.664,6.1444,32.70294902675607,auto,0.9565792255835222,3.5010168634564267
1kmN3332E4239,53.093858787579755,8.784935993226078,11292.0,38678.22,53.091697107383226,8.778358625263824,53.0977873476606,8.788476700833819,2.248,557.416,9.290266666666668,14.518420712717251,bicycle,0.9565792255835222,2.3500405819797097
1kmN3332E4239,53.093858787579755,8.784935993226078,11292.0,38678.22,53.091697107383226,8.778358625263824,53.0977873476606,8.788476700833819,3.349,368.664,6.1444,32.70294902675607,truck,0.9565792255835222,3.5010168634564267
1kmN3332E4239,53.093858787579755,8.784935993226078,11292.0,38678.22,53.091697107383226,8.783417663048823,53.091697107383226,8.778358625263824,1.384,149.856,2.4976,33.24791800128123,auto,0.33782518051569466,4.09679348912744
1kmN3332E4239,53.093858787579755,8.784935993226078,11292.0,38678.22,53.091697107383226,8.783417663048823,53.091697107383226,8.778358625263824,1.191,279.275,4.654583333333333,15.352609435144572,bicycle,0.33782518051569466,3.525492084935536
1kmN3332E4239,53.093858787579755,8.784935993226078,11292.0,38678.22,53.091697107383226,8.783417663048823,53.091697107383226,8.778358625263824,1.384,149.856,2.4976,33.24791800128123,truck,0.33782518051569466,4.09679348912744
1kmN3332E4239,53.093858787579755,8.784935993226078,11292.0,38678.22,53.091697107383226,8.783417663048823,53.091697107383226,8.788476700833819,0.442,60.942,1.0157,26.110071871615634,auto,0.337825180515376,1.308369018927772
1kmN3332E4239,53.093858787579755,8.784935993226078,11292.0,38678.22,53.091697107383226,8.783417663048823,53.091697107383226,8.788476700833819,0.442,104.619,1.74365,15.20947437845898,bicycle,0.337825180515376,1.308369018927772
1kmN3332E4239,53.093858787579755,8.784935993226078,11292.0,38678.22,53.091697107383226,8.783417663048823,53.091697107383226,8.788476700833819,0.442,60.942,1.0157,26.110071871615634,truck,0.337825180515376,1.308369018927772
1kmN3332E4239,53.093858787579755,8.784935993226078,11292.0,38678.22,53.091697107383226,8.783417663048823,53.09474222752192,8.778358625263824,2.188,189.401,3.1566833333333335,41.58795360108975,auto,0.47829805582434337,4.574553405258981
1kmN3332E4239,53.093858787579755,8.784935993226078,11292.0,38678.22,53.091697107383226,8.783417663048823,53.09474222752192,8.778358625263824,0.635,158.611,2.6435166666666663,14.412619553498812,bicycle,0.47829805582434337,1.327624045858982
1kmN3332E4239,53.093858787579755,8.784935993226078,11292.0,38678.22,53.091697107383226,8.783417663048823,53.09474222752192,8.778358625263824,1.698,167.714,2.7952333333333335,36.44776226194593,truck,0.47829805582434337,3.550087606092207
1kmN3332E4239,53.093858787579755,8.784935993226078,11292.0,38678.22,53.091697107383226,8.783417663048823,53.09474222752192,8.783417663048823,0.461,59.493,0.99155,27.895718824063337,auto,0.33860191044616517,1.3614808002487484
1kmN3332E4239,53.093858787579755,8.784935993226078,11292.0,38678.22,53.091697107383226,8.783417663048823,53.09474222752192,8.783417663048823,0.461,103.438,1.7239666666666666,16.044393743111815,bicycle,0.33860191044616517,1.3614808002487484
1kmN3332E4239,53.093858787579755,8.784935993226078,11292.0,38678.22,53.091697107383226,8.783417663048823,53.09474222752192,8.783417663048823,0.461,59.493,0.99155,27.895718824063337,truck,0.33860191044616517,1.3614808002487484
1kmN3332E4239,53.093858787579755,8.784935993226078,11292.0,38678.22,53.091697107383226,8.783417663048823,53.09474222752192,8.788476700833819,0.539,74.747,1.2457833333333332,25.95957028375721,auto,0.4782980558241184,1.126912379083981
1kmN3332E4239,53.093858787579755,8.784935993226078,11292.0,38678.22,53.091697107383226,8.783417663048823,53.09474222752192,8.788476700833819,0.539,129.987,2.1664499999999998,14.927646610814929,bicycle,0.4782980558241184,1.126912379083981
1kmN3332E4239,53.093858787579755,8.784935993226078,11292.0,38678.22,53.091697107383226,8.783417663048823,53.09474222752192,8.788476700833819,1.104,140.538,2.3423000000000003,28.27989582888614,truck,0.4782980558241184,2.308184167919694
1kmN3332E4239,53.093858787579755,8.784935993226078,11292.0,38678.22,53.091697107383226,8.783417663048823,53.0977873476606,8.778358625263824,1.119,143.614,2.3935666666666666,28.05019009288788,auto,0.7567791719636804,1.4786347741262935
1kmN3332E4239,53.093858787579755,8.784935993226078,11292.0,38678.22,53.091697107383226,8.783417663048823,53.0977873476606,8.778358625263824,1.035,243.718,4.061966666666667,15.288160907278083,bicycle,0.7567791719636804,1.3676380618594404
1kmN3332E4239,53.093858787579755,8.784935993226078,11292.0,38678.22,53.091697107383226,8.783417663048823,53.0977873476606,8.778358625263824,1.119,143.614,2.3935666666666666,28.05019009288788,truck,0.7567791719636804,1.4786347741262935
1kmN3332E4239,53.093858787579755,8.784935993226078,11292.0,38678.22,53.091697107383226,8.783417663048823,53.0977873476606,8.783417663048823,0.913,119.102,1.9850333333333334,27.596513912444795,auto,0.6772038208902084,1.348190857517356
1kmN3332E4239,53.093858787579755,8.784935993226078,11292.0,38678.22,53.091697107383226,8.783417663048823,53.0977873476606,8.783417663048823,0.913,205.272,3.4212,16.011925640126275,bicycle,0.6772038208902084,1.348190857517356
1kmN3332E4239,53.093858787579755,8.784935993226078,11292.0,38678.22,53.091697107383226,8.783417663048823,53.0977873476606,8.783417663048823,0.913,119.102,1.9850333333333334,27.596513912444795,truck,0.6772038208902084,1.348190857517356
1kmN3332E4239,53.093858787579755,8.784935993226078,11292.0,38678.22,53.091697107383226,8.783417663048823,53.0977873476606,8.788476700833819,1.472,221.221,3.6870166666666666,23.954326216769655,auto,0.7567791719635382,1.9450852435337918
1kmN3332E4239,53.093858787579755,8.784935993226078,11292.0,38678.22,53.091697107383226,8.783417663048823,53.0977873476606,8.788476700833819,1.471,333.441,5.55735,15.881670220518775,bicycle,0.7567791719635382,1.9437638541020434
1kmN3332E4239,53.093858787579755,8.784935993226078,11292.0,38678.22,53.091697107383226,8.783417663048823,53.0977873476606,8.788476700833819,2.211,261.969,4.36615,30.383747695338,truck,0.7567791719635382,2.921592033595933
1kmN3332E4239,53.093858787579755,8.784935993226078,11292.0,38678.22,53.091697107383226,8.788476700833819,53.091697107383226,8.778358625263824,1.538,145.591,2.4265166666666667,38.02982327204291,auto,0.6756503606100867,2.276325285479378
1kmN3332E4239,53.093858787579755,8.784935993226078,11292.0,38678.22,53.091697107383226,8.788476700833819,53.091697107383226,8.778358625263824,1.271,310.673,5.177883333333333,14.728025930801838,bicycle,0.6756503606100867,1.8811504797427105
1kmN3332E4239,53.093858787579755,8.784935993226078,11292.0,38678.22,53.091697107383226,8.788476700833819,53.091697107383226,8.778358625263824,1.538,145.591,2.4265166666666667,38.02982327204291,truck,0.6756503606100867,2.276325285479378
1kmN3332E4239,53.093858787579755,8.784935993226078,11292.0,38678.22,53.091697107383226,8.788476700833819,53.091697107383226,8.783417663048823,0.733,87.27,1.4545,30.237194912341014,auto,0.337825180515376,2.169761291570264
1kmN3332E4239,53.093858787579755,8.784935993226078,11292.0,38678.22,53.091697107383226,8.788476700833819,53.091697107383226,8.783417663048823,0.442,104.619,1.74365,15.20947437845898,bicycle,0.337825180515376,1.308369018927772
1kmN3332E4239,53.093858787579755,8.784935993226078,11292.0,38678.22,53.091697107383226,8.788476700833819,53.091697107383226,8.783417663048823,1.013,118.86,1.981,30.68147400302877,truck,0.337825180515376,2.99859234428469
1kmN3332E4239,53.093858787579755,8.784935993226078,11292.0,38678.22,53.091697107383226,8.788476700833819,53.09474222752192,8.778358625263824,3.217,262.677,4.37795,44.089128473372234,auto,0.7557263783795821,4.256831694690671
1kmN3332E4239,53.093858787579755,8.784935993226078,11292.0,38678.22,53.091697107383226,8.788476700833819,53.09474222752192,8.778358625263824,1.165,277.268,4.621133333333333,15.126159527965724,bicycle,0.7557263783795821,1.5415632341668113
1kmN3332E4239,53.093858787579755,8.784935993226078,11292.0,38678.22,53.091697107383226,8.788476700833819,53.09474222752192,8.778358625263824,3.217,262.677,4.37795,44.089128473372234,truck,0.7557263783795821,4.256831694690671
1kmN3332E4239,53.093858787579755,8.784935993226078,11292.0,38678.22,53.091697107383226,8.788476700833819,53.09474222752192,8.783417663048823,0.904,109.63,1.8271666666666666,29.685305117212444,auto,0.4782980558241184,1.8900348621371408
1kmN3332E4239,53.093858787579755,8.784935993226078,11292.0,38678.22,53.091697107383226,8.788476700833819,53.09474222752192,8.783417663048823,0.664,163.081,2.7180166666666663,14.657746763878075,bicycle,0.4782980558241184,1.388255695198077
1kmN3332E4239,53.093858787579755,8.784935993226078,11292.0,38678.22,53.091697107383226,8.788476700833819,53.09474222752192,8.783417663048823,1.048,121.149,2.0191500000000002,31.14181710125548,truck,0.4782980558241184,2.191102362300579
1kmN3332E4239,53.093858787579755,8.784935993226078,11292.0,38678.22,53.091697107383226,8.788476700833819,53.09474222752192,8.788476700833819,0.421,50.16,0.836,30.21531100478469,auto,0.33860191044616517,1.2433479759321542
1kmN3332E4239,53.093858787579755,8.784935993226078,11292.0,38678.22,53.091697107383226,8.788476700833819,53.09474222752192,8.788476700833819,0.421,101.017,1.6836166666666665,15.003415266737282,bicycle,0.33860191044616517,1.2433479759321542
1kmN3332E4239,53.093858787579755,8.784935993226078,11292.0,38678.22,53.091697107383226,8.788476700833819,53.09474222752192,8.788476700833819,0.421,50.16,0.836,30.21531100478469,truck,0.33860191044616517,1.2433479759321542
1kmN3332E4239,53.093858787579755,8.784935993226078,11292.0,38678.22,53.091697107383226,8.788476700833819,53.0977873476606,8.778358625263824,1.309,160.251,2.67085,29.406368759009304,auto,0.9565792255835222,1.3684177588129178
1kmN3332E4239,53.093858787579755,8.784935993226078,11292.0,38678.22,53.091697107383226,8.788476700833819,53.0977873476606,8.778358625263824,1.231,281.212,4.686866666666666,15.758929206435004,bicycle,0.9565792255835222,1.2868772048118426
1kmN3332E4239,53.093858787579755,8.784935993226078,11292.0,38678.22,53.091697107383226,8.788476700833819,53.0977873476606,8.778358625263824,1.309,160.251,2.67085,29.406368759009304,truck,0.9565792255835222,1.3684177588129178
1kmN3332E4239,53.093858787579755,8.784935993226078,11292.0,38678.22,53.091697107383226,8.788476700833819,53.0977873476606,8.783417663048823,0.924,112.363,1.8727166666666666,29.604051155629524,auto,0.7567791719635382,1.220963834935614
1kmN3332E4239,53.093858787579755,8.784935993226078,11292.0,38678.22,53.091697107383226,8.788476700833819,53.0977873476606,8.783417663048823,0.974,225.402,3.7567,15.55620624484255,bicycle,0.7567791719635382,1.2870333065230388
1kmN3332E4239,53.093858787579755,8.784935993226078,11292.0,38678.22,53.091697107383226,8.788476700833819,53.0977873476606,8.783417663048823,0.974,118.48,1.9746666666666668,29.594868332207966,truck,0.7567791719635382,1.2870333065230388
1kmN3332E4239,53.093858787579755,8.784935993226078,11292.0,38678.22,53.091697107383226,8.788476700833819,53.0977873476606,8.788476700833819,1.807,193.869,3.23115,33.55461677730839,auto,0.6772038208902084,2.668325169259433
1kmN3332E4239,53.093858787579755,8.784935993226078,11292.0,38678.22,53.091697107383226,8.788476700833819,53.0977873476606,8.788476700833819,1.252,321.521,5.3586833333333335,14.018368940131436,bicycle,0.6772038208902084,1.8487787005604925
1kmN3332E4239,53.093858787579755,8.784935993226078,11292.0,38678.22,53.091697107383226,8.788476700833819,53.0977873476606,8.788476700833819,1.807,193.869,3.23115,33.55461677730839,truck,0.6772038208902084,2.668325169259433
1kmN3332E4239,53.093858787579755,8.784935993226078,11292.0,38678.22,53.09474222752192,8.778358625263824,53.091697107383226,8.778358625263824,1.547,136.652,2.277533333333333,40.7546175687147,auto,0.33860191044616517,4.5687869804442816
1kmN3332E4239,53.093858787579755,8.784935993226078,11292.0,38678.22,53.09474222752192,8.778358625263824,53.091697107383226,8.778358625263824,1.522,334.964,5.5827333333333335,16.357578724877897,bicycle,0.33860191044616517,4.4949539652464106
1kmN3332E4239,53.093858787579755,8.784935993226078,11292.0,38678.22,53.09474222752192,8.778358625263824,53.091697107383226,8.778358625263824,1.547,136.652,2.277533333333333,40.7546175687147,truck,0.33860191044616517,4.5687869804442816
1kmN3332E4239,53.093858787579755,8.784935993226078,11292.0,38678.22,53.09474222752192,8.778358625263824,53.091697107383226,8.783417663048823,0.599,77.424,1.2904000000000002,27.85182889026658,auto,0.47829805582434337,1.2523571708181578
1kmN3332E4239,53.093858787579755,8.784935993226078,11292.0,38678.22,53.09474222752192,8.778358625263824,53.091697107383226,8.783417663048823,0.599,141.412,2.356866666666667,15.249059485757925,bicycle,0.47829805582434337,1.2523571708181578
1kmN3332E4239,53.093858787579755,8.784935993226078,11292.0,38678.22,53.09474222752192,8.778358625263824,53.091697107383226,8.783417663048823,1.489,139.988,2.3331333333333335,38.291853587450355,truck,0.47829805582434337,3.113121581549645
1kmN3332E4239,53.093858787579755,8.784935993226078,11292.0,38678.22,53.09474222752192,8.778358625263824,53.091697107383226,8.788476700833819,1.064,132.58,2.2096666666666667,28.891235480464626,auto,0.7557263783795821,1.4079169795308903
1kmN3332E4239,53.093858787579755,8.784935993226078,11292.0,38678.22,53.09474222752192,8.778358625263824,53.091697107383226,8.788476700833819,1.053,250.931,4.182183333333334,15.106941748926994,bicycle,0.7557263783795821,1.3933614468477702
1kmN3332E4239,53.093858787579755,8.784935993226078,11292.0,38678.22,53.09474222752192,8.778358625263824,53.091697107383226,8.788476700833819,1.702,174.451,2.9075166666666665,35.122756533353204,truck,0.7557263783795821,2.2521378751518566
1kmN3332E4239,53.093858787579755,8.784935993226078,11292.0,38678.22,53.09474222752192,8.778358625263824,53.09474222752192,8.783417663048823,0.481,55.266,0.9210999999999999,31.332102920421235,auto,0.3378012740779946,1.4239141084143525
1kmN3332E4239,53.093858787579755,8.784935993226078,11292.0,38678.22,53.09474222752192,8.778358625263824,53.09474222752192,8.783417663048823,0.481,112.8,1.88,15.351063829787234,bicycle,0.3378012740779946,1.4239141084143525
1kmN3332E4239,53.093858787579755,8.784935993226078,11292.0,38678.22,53.09474222752192,8.778358625263824,53.09474222752192,8.783417663048823,1.364,135.648,2.2608,36.1995753715499,truck,0.3378012740779946,4.037877014297665
1kmN3332E4239,53.093858787579755,8.784935993226078,11292.0,38678.22,53.09474222752192,8.778358625263824,53.09474222752192,8.788476700833819,0.852,92.789,1.5464833333333334,33.05564237140178,auto,0.675602547734683,1.2610964876565125
1kmN3332E4239,53.093858787579755,8.784935993226078,11292.0,38678.22,53.09474222752192,8.778358625263824,53.09474222752192,8.788476700833819,0.852,196.899,3.28165,15.577529596392058,bicycle,0.675602547734683,1.2610964876565125
1kmN3332E4239,53.093858787579755,8.784935993226078,11292.0,38678.22,53.09474222752192,8.778358625263824,53.09474222752192,8.788476700833819,1.61,165.54,2.759,35.01268575570859,truck,0.675602547734683,2.3830579168157104
1kmN3332E4239,53.093858787579755,8.784935993226078,11292.0,38678.22,53.09474222752192,8.778358625263824,53.0977873476606,8.778358625263824,1.17,125.492,2.0915333333333335,33.563892519045034,auto,0.3386019104440432,3.4553851112820353
1kmN3332E4239,53.093858787579755,8.784935993226078,11292.0,38678.22,53.09474222752192,8.778358625263824,53.0977873476606,8.778358625263824,0.508,122.007,2.03345,14.989303892399615,bicycle,0.3386019104440432,1.5002868688301487
1kmN3332E4239,53.093858787579755,8.784935993226078,11292.0,38678.22,53.09474222752192,8.778358625263824,53.0977873476606,8.778358625263824,1.17,125.492,2.0915333333333335,33.563892519045034,truck,0.3386019104440432,3.4553851112820353
1kmN3332E4239,53.093858787579755,8.784935993226078,11292.0,38678.22,53.09474222752192,8.778358625263824,53.0977873476606,8.783417663048823,0.661,76.564,1.2760666666666665,31.07988088396636,auto,0.47828117110268464,1.3820322436613055
1kmN3332E4239,53.093858787579755,8.784935993226078,11292.0,38678.22,53.09474222752192,8.778358625263824,53.0977873476606,8.783417663048823,0.728,167.184,2.7864,15.676141257536605,bicycle,0.47828117110268464,1.5221172063319672
1kmN3332E4239,53.093858787579755,8.784935993226078,11292.0,38678.22,53.09474222752192,8.778358625263824,53.0977873476606,8.783417663048823,1.14,107.425,1.7904166666666665,38.20339771933907,truck,0.47828117110268464,2.383535185739619
1kmN3332E4239,53.093858787579755,8.784935993226078,11292.0,38678.22,53.09474222752192,8.778358625263824,53.0977873476606,8.788476700833819,1.804,195.807,3.2634499999999997,33.16735356754355,auto,0.7556836326711731,2.3872423882243714
1kmN3332E4239,53.093858787579755,8.784935993226078,11292.0,38678.22,53.09474222752192,8.778358625263824,53.0977873476606,8.788476700833819,1.291,296.953,4.949216666666667,15.650961599983837,bicycle,0.7556836326711731,1.7083868753867315
1kmN3332E4239,53.093858787579755,8.784935993226078,11292.0,38678.22,53.09474222752192,8.778358625263824,53.0977873476606,8.788476700833819,1.804,195.807,3.2634499999999997,33.16735356754355,truck,0.7556836326711731,2.3872423882243714
1kmN3332E4239,53.093858787579755,8.784935993226078,11292.0,38678.22,53.09474222752192,8.783417663048823,53.091697107383226,8.778358625263824,2.0,189.942,3.1657,37.90630824146318,auto,0.47829805582434337,4.181493057823565
1kmN3332E4239,53.093858787579755,8.784935993226078,11292.0,38678.22,53.09474222752192,8.783417663048823,53.091697107383226,8.778358625263824,1.63,388.813,6.480216666666666,15.092087970309635,bicycle,0.47829805582434337,3.407916842126206
1kmN3332E4239,53.093858787579755,8.784935993226078,11292.0,38678.22,53.09474222752192,8.783417663048823,53.091697107383226,8.778358625263824,1.616,167.767,2.796116666666667,34.67666465991524,truck,0.47829805582434337,3.3786463907214412
1kmN3332E4239,53.093858787579755,8.784935993226078,11292.0,38678.22,53.09474222752192,8.783417663048823,53.091697107383226,8.783417663048823,0.461,55.687,0.9281166666666666,29.802287787095736,auto,0.33860191044616517,1.3614808002487484
1kmN3332E4239,53.093858787579755,8.784935993226078,11292.0,38678.22,53.09474222752192,8.783417663048823,53.091697107383226,8.783417663048823,0.461,104.788,1.7464666666666666,15.837691338702905,bicycle,0.33860191044616517,1.3614808002487484
1kmN3332E4239,53.093858787579755,8.784935993226078,11292.0,38678.22,53.09474222752192,8.783417663048823,53.091697107383226,8.783417663048823,0.461,55.687,0.9281166666666666,29.802287787095736,truck,0.33860191044616517,1.3614808002487484
1kmN3332E4239,53.093858787579755,8.784935993226078,11292.0,38678.22,53.09474222752192,8.783417663048823,53.091697107383226,8.788476700833819,0.675,88.535,1.4755833333333332,27.446772462867795,auto,0.4782980558241184,1.4112539070161172
1kmN3332E4239,53.093858787579755,8.784935993226078,11292.0,38678.22,53.09474222752192,8.783417663048823,53.091697107383226,8.788476700833819,0.664,159.231,2.65385,15.012152156301225,bicycle,0.4782980558241184,1.388255695198077
1kmN3332E4239,53.093858787579755,8.784935993226078,11292.0,38678.22,53.09474222752192,8.783417663048823,53.091697107383226,8.788476700833819,0.675,88.535,1.4755833333333332,27.446772462867795,truck,0.4782980558241184,1.4112539070161172
1kmN3332E4239,53.093858787579755,8.784935993226078,11292.0,38678.22,53.09474222752192,8.783417663048823,53.09474222752192,8.778358625263824,1.328,125.831,2.097183333333333,37.99381710389332,auto,0.3378012740779946,3.931305480195967
1kmN3332E4239,53.093858787579755,8.784935993226078,11292.0,38678.22,53.09474222752192,8.783417663048823,53.09474222752192,8.778358625263824,0.48,117.499,1.9583166666666665,14.706508140494812,bicycle,0.3378012740779946,1.4209537880226386
1kmN3332E4239,53.093858787579755,8.784935993226078,11292.0,38678.22,53.09474222752192,8.783417663048823,53.09474222752192,8.778358625263824,1.328,125.831,2.097183333333333,37.99381710389332,truck,0.3378012740779946,3.931305480195967
1kmN3332E4239,53.093858787579755,8.784935993226078,11292.0,38678.22,53.09474222752192,8.783417663048823,53.09474222752192,8.788476700833819,0.59,72.431,1.2071833333333333,29.324460521047616,auto,0.3378012740776761,1.746589031112807
1kmN3332E4239,53.093858787579755,8.784935993226078,11292.0,38678.22,53.09474222752192,8.783417663048823,53.09474222752192,8.788476700833819,0.59,136.048,2.2674666666666665,15.612136892861344,bicycle,0.3378012740776761,1.746589031112807
1kmN3332E4239,53.093858787579755,8.784935993226078,11292.0,38678.22,53.09474222752192,8.783417663048823,53.09474222752192,8.788476700833819,0.734,98.654,1.6442333333333332,26.784519634277373,truck,0.3378012740776761,2.1728751675200004
1kmN3332E4239,53.093858787579755,8.784935993226078,11292.0,38678.22,53.09474222752192,8.783417663048823,53.0977873476606,8.778358625263824,0.749,101.73,1.6955,26.505455617811855,auto,0.47828117110268464,1.5660244334376971
1kmN3332E4239,53.093858787579755,8.784935993226078,11292.0,38678.22,53.09474222752192,8.783417663048823,53.0977873476606,8.778358625263824,0.671,150.043,2.500716666666667,16.09938484301167,bicycle,0.47828117110268464,1.4029404470449864
1kmN3332E4239,53.093858787579755,8.784935993226078,11292.0,38678.22,53.09474222752192,8.783417663048823,53.0977873476606,8.778358625263824,0.749,101.73,1.6955,26.505455617811855,truck,0.47828117110268464,1.5660244334376971
1kmN3332E4239,53.093858787579755,8.784935993226078,11292.0,38678.22,53.09474222752192,8.783417663048823,53.0977873476606,8.783417663048823,0.544,77.219,1.2869833333333331,25.36163379479144,auto,0.3386019104440432,1.6066064107157498
1kmN3332E4239,53.093858787579755,8.784935993226078,11292.0,38678.22,53.09474222752192,8.783417663048823,53.0977873476606,8.783417663048823,0.544,125.783,2.0963833333333333,15.56967157724017,bicycle,0.3386019104440432,1.6066064107157498
1kmN3332E4239,53.093858787579755,8.784935993226078,11292.0,38678.22,53.09474222752192,8.783417663048823,53.0977873476606,8.783417663048823,0.544,77.219,1.2869833333333331,25.36163379479144,truck,0.3386019104440432,1.6066064107157498
1kmN3332E4239,53.093858787579755,8.784935993226078,11292.0,38678.22,53.09474222752192,8.783417663048823,53.0977873476606,8.788476700833819,1.102,179.337,2.98895,22.121480787567545,auto,0.4782811711024596,2.3040840128827162
1kmN3332E4239,53.093858787579755,8.784935993226078,11292.0,38678.22,53.09474222752192,8.783417663048823,53.0977873476606,8.788476700833819,1.101,253.952,4.2325333333333335,15.60767389112903,bicycle,0.4782811711024596,2.3019931925443466
1kmN3332E4239,53.093858787579755,8.784935993226078,11292.0,38678.22,53.09474222752192,8.783417663048823,53.0977873476606,8.788476700833819,1.841,220.085,3.6680833333333336,30.113819660585683,truck,0.4782811711024596,3.849200242937459
1kmN3332E4239,53.093858787579755,8.784935993226078,11292.0,38678.22,53.09474222752192,8.788476700833819,53.091697107383226,8.778358625263824,1.679,151.321,2.5220166666666666,39.94422452931186,auto,0.7557263783795821,2.221703579541696
1kmN3332E4239,53.093858787579755,8.784935993226078,11292.0,38678.22,53.09474222752192,8.788476700833819,53.091697107383226,8.778358625263824,1.679,378.012,6.3002,15.989968572426273,bicycle,0.7557263783795821,2.221703579541696
1kmN3332E4239,53.093858787579755,8.784935993226078,11292.0,38678.22,53.09474222752192,8.788476700833819,53.091697107383226,8.778358625263824,1.679,151.321,2.5220166666666666,39.94422452931186,truck,0.7557263783795821,2.221703579541696
1kmN3332E4239,53.093858787579755,8.784935993226078,11292.0,38678.22,53.09474222752192,8.788476700833819,53.091697107383226,8.783417663048823,0.528,71.323,1.1887166666666666,26.650589571386515,auto,0.4782980558241184,1.1039141672659407
1kmN3332E4239,53.093858787579755,8.784935993226078,11292.0,38678.22,53.09474222752192,8.788476700833819,53.091697107383226,8.783417663048823,0.528,126.487,2.1081166666666666,15.027631298078063,bicycle,0.4782980558241184,1.1039141672659407
1kmN3332E4239,53.093858787579755,8.784935993226078,11292.0,38678.22,53.09474222752192,8.788476700833819,53.091697107383226,8.783417663048823,1.154,124.59,2.0765000000000002,33.34457019022393,truck,0.4782980558241184,2.412721494365332
1kmN3332E4239,53.093858787579755,8.784935993226078,11292.0,38678.22,53.09474222752192,8.788476700833819,53.091697107383226,8.788476700833819,0.45,66.084,1.1014000000000002,24.514254585073544,auto,0.33860191044616517,1.328994273561685
1kmN3332E4239,53.093858787579755,8.784935993226078,11292.0,38678.22,53.09474222752192,8.788476700833819,53.091697107383226,8.788476700833819,0.42,99.717,1.66195,15.162911038238214,bicycle,0.33860191044616517,1.2403946553242393
1kmN3332E4239,53.093858787579755,8.784935993226078,11292.0,38678.22,53.09474222752192,8.788476700833819,53.091697107383226,8.788476700833819,0.444,57.875,0.9645833333333333,27.61814254859611,truck,0.33860191044616517,1.311274349914196
1kmN3332E4239,53.093858787579755,8.784935993226078,11292.0,38678.22,53.09474222752192,8.788476700833819,53.09474222752192,8.778358625263824,1.574,157.691,2.6281833333333333,35.933566278354505,auto,0.675602547734683,2.329772149731632
1kmN3332E4239,53.093858787579755,8.784935993226078,11292.0,38678.22,53.09474222752192,8.788476700833819,53.09474222752192,8.778358625263824,0.851,201.598,3.3599666666666668,15.196579331144157,bicycle,0.675602547734683,1.2596163274597325
1kmN3332E4239,53.093858787579755,8.784935993226078,11292.0,38678.22,53.09474222752192,8.788476700833819,53.09474222752192,8.778358625263824,1.574,157.691,2.6281833333333333,35.933566278354505,truck,0.675602547734683,2.329772149731632
1kmN3332E4239,53.093858787579755,8.784935993226078,11292.0,38678.22,53.09474222752192,8.788476700833819,53.09474222752192,8.783417663048823,0.59,82.969,1.3828166666666666,25.59992286275597,auto,0.3378012740776761,1.746589031112807
1kmN3332E4239,53.093858787579755,8.784935993226078,11292.0,38678.22,53.09474222752192,8.788476700833819,53.09474222752192,8.783417663048823,0.734,163.948,2.732466666666667,16.117305487105664,bicycle,0.3378012740776761,2.1728751675200004
1kmN3332E4239,53.093858787579755,8.784935993226078,11292.0,38678.22,53.09474222752192,8.788476700833819,53.09474222752192,8.783417663048823,0.734,94.489,1.5748166666666668,27.965159965710296,truck,0.3378012740776761,2.1728751675200004
1kmN3332E4239,53.093858787579755,8.784935993226078,11292.0,38678.22,53.09474222752192,8.788476700833819,53.0977873476606,8.778358625263824,0.995,133.591,2.226516666666667,26.813183522842106,auto,0.7556836326711731,1.3166885677845064
1kmN3332E4239,53.093858787579755,8.784935993226078,11292.0,38678.22,53.09474222752192,8.788476700833819,53.0977873476606,8.778358625263824,0.917,205.541,3.425683333333333,16.06102918639104,bicycle,0.7556836326711731,1.2134707705109473
1kmN3332E4239,53.093858787579755,8.784935993226078,11292.0,38678.22,53.09474222752192,8.788476700833819,53.0977873476606,8.778358625263824,0.995,133.591,2.226516666666667,26.813183522842106,truck,0.7556836326711731,1.3166885677845064
1kmN3332E4239,53.093858787579755,8.784935993226078,11292.0,38678.22,53.09474222752192,8.788476700833819,53.0977873476606,8.783417663048823,0.61,85.703,1.4283833333333333,25.62337374420965,auto,0.4782811711024596,1.2754004064051332
1kmN3332E4239,53.093858787579755,8.784935993226078,11292.0,38678.22,53.09474222752192,8.788476700833819,53.0977873476606,8.783417663048823,0.66,149.732,2.4955333333333334,15.868351454598884,bicycle,0.4782811711024596,1.3799414233235867
1kmN3332E4239,53.093858787579755,8.784935993226078,11292.0,38678.22,53.09474222752192,8.788476700833819,53.0977873476606,8.783417663048823,0.66,91.82,1.5303333333333333,25.876715312568074,truck,0.4782811711024596,1.3799414233235867
1kmN3332E4239,53.093858787579755,8.784935993226078,11292.0,38678.22,53.09474222752192,8.788476700833819,53.0977873476606,8.788476700833819,1.122,185.475,3.09125,21.777598059037608,auto,0.3386019104440432,3.3136257221012344
1kmN3332E4239,53.093858787579755,8.784935993226078,11292.0,38678.22,53.09474222752192,8.788476700833819,53.0977873476606,8.788476700833819,0.968,245.451,4.09085,14.197538408888128,bicycle,0.3386019104440432,2.858814348479496
1kmN3332E4239,53.093858787579755,8.784935993226078,11292.0,38678.22,53.0977873476606,8.778358625263824,53.091697107383226,8.778358625263824,2.439,214.339,3.5723166666666666,40.96501336667615,auto,0.6772038208902084,3.6015744813634516
1kmN3332E4239,53.093858787579755,8.784935993226078,11292.0,38678.22,53.0977873476606,8.778358625263824,53.091697107383226,8.778358625263824,2.308,542.42,9.040333333333333,15.31801924707791,bicycle,0.6772038208902084,3.408131981544422
1kmN3332E4239,53.093858787579755,8.784935993226078,11292.0,38678.22,53.0977873476606,8.778358625263824,53.091697107383226,8.778358625263824,2.439,214.339,3.5723166666666666,40.96501336667615,truck,0.6772038208902084,3.6015744813634516
1kmN3332E4239,53.093858787579755,8.784935993226078,11292.0,38678.22,53.0977873476606,8.778358625263824,53.091697107383226,8.783417663048823,1.041,125.399,2.0899833333333335,29.885405784735124,auto,0.7567791719636804,1.3755663984499298
1kmN3332E4239,53.093858787579755,8.784935993226078,11292.0,38678.22,53.0977873476606,8.778358625263824,53.091697107383226,8.783417663048823,1.041,234.331,3.9055166666666663,15.99276237458979,bicycle,0.7567791719636804,1.3755663984499298
1kmN3332E4239,53.093858787579755,8.784935993226078,11292.0,38678.22,53.0977873476606,8.778358625263824,53.091697107383226,8.783417663048823,1.041,125.399,2.0899833333333335,29.885405784735124,truck,0.7567791719636804,1.3755663984499298
1kmN3332E4239,53.093858787579755,8.784935993226078,11292.0,38678.22,53.0977873476606,8.778358625263824,53.091697107383226,8.788476700833819,1.259,159.962,2.666033333333333,28.334229379477627,auto,0.9565792255835222,1.3161481729147926
1kmN3332E4239,53.093858787579755,8.784935993226078,11292.0,38678.22,53.0977873476606,8.778358625263824,53.091697107383226,8.788476700833819,1.23,283.212,4.7202,15.634930723274437,bicycle,0.9565792255835222,1.28583181309388
1kmN3332E4239,53.093858787579755,8.784935993226078,11292.0,38678.22,53.0977873476606,8.778358625263824,53.091697107383226,8.788476700833819,1.253,151.754,2.529233333333333,29.724422420496328,truck,0.9565792255835222,1.3098758226070175
1kmN3332E4239,53.093858787579755,8.784935993226078,11292.0,38678.22,53.0977873476606,8.778358625263824,53.09474222752192,8.778358625263824,0.891,77.686,1.2947666666666668,41.28929279406842,auto,0.3386019104440432,2.631408661668627
1kmN3332E4239,53.093858787579755,8.784935993226078,11292.0,38678.22,53.0977873476606,8.778358625263824,53.09474222752192,8.778358625263824,0.787,189.692,3.1615333333333333,14.935790650106489,bicycle,0.3386019104440432,2.324263318443557
1kmN3332E4239,53.093858787579755,8.784935993226078,11292.0,38678.22,53.0977873476606,8.778358625263824,53.09474222752192,8.778358625263824,0.891,77.686,1.2947666666666668,41.28929279406842,truck,0.3386019104440432,2.631408661668627
1kmN3332E4239,53.093858787579755,8.784935993226078,11292.0,38678.22,53.0977873476606,8.778358625263824,53.09474222752192,8.783417663048823,0.671,80.933,1.3488833333333334,29.846910407374,auto,0.47828117110268464,1.4029404470449864
1kmN3332E4239,53.093858787579755,8.784935993226078,11292.0,38678.22,53.0977873476606,8.778358625263824,53.09474222752192,8.783417663048823,0.671,150.643,2.5107166666666667,16.035262176138286,bicycle,0.47828117110268464,1.4029404470449864
1kmN3332E4239,53.093858787579755,8.784935993226078,11292.0,38678.22,53.0977873476606,8.778358625263824,53.09474222752192,8.783417663048823,0.671,80.933,1.3488833333333334,29.846910407374,truck,0.47828117110268464,1.4029404470449864
1kmN3332E4239,53.093858787579755,8.784935993226078,11292.0,38678.22,53.0977873476606,8.778358625263824,53.09474222752192,8.788476700833819,0.917,110.826,1.8471,29.787234042553195,auto,0.7556836326711731,1.2134707705109473
1kmN3332E4239,53.093858787579755,8.784935993226078,11292.0,38678.22,53.0977873476606,8.778358625263824,53.09474222752192,8.788476700833819,0.917,204.641,3.410683333333333,16.13166472016849,bicycle,0.7556836326711731,1.2134707705109473
1kmN3332E4239,53.093858787579755,8.784935993226078,11292.0,38678.22,53.0977873476606,8.778358625263824,53.09474222752192,8.788476700833819,0.917,110.826,1.8471,29.787234042553195,truck,0.7556836326711731,1.2134707705109473
1kmN3332E4239,53.093858787579755,8.784935993226078,11292.0,38678.22,53.0977873476606,8.778358625263824,53.0977873476606,8.783417663048823,0.447,52.71,0.8785000000000001,30.529311326124073,auto,0.33777736668612673,1.3233568737462695
1kmN3332E4239,53.093858787579755,8.784935993226078,11292.0,38678.22,53.0977873476606,8.778358625263824,53.0977873476606,8.783417663048823,0.447,98.527,1.6421166666666667,16.332578887005592,bicycle,0.33777736668612673,1.3233568737462695
1kmN3332E4239,53.093858787579755,8.784935993226078,11292.0,38678.22,53.0977873476606,8.778358625263824,53.0977873476606,8.783417663048823,0.447,52.71,0.8785000000000001,30.529311326124073,truck,0.33777736668612673,1.3233568737462695
1kmN3332E4239,53.093858787579755,8.784935993226078,11292.0,38678.22,53.0977873476606,8.778358625263824,53.0977873476606,8.788476700833819,1.006,154.829,2.5804833333333335,23.39096680854362,auto,0.6755547329509433,1.4891465501331225
1kmN3332E4239,53.093858787579755,8.784935993226078,11292.0,38678.22,53.0977873476606,8.778358625263824,53.0977873476606,8.788476700833819,1.005,226.696,3.7782666666666667,15.959699333027487,bicycle,0.6755547329509433,1.4876662851727513
1kmN3332E4239,53.093858787579755,8.784935993226078,11292.0,38678.22,53.0977873476606,8.778358625263824,53.0977873476606,8.788476700833819,1.405,171.941,2.8656833333333336,29.417067482450378,truck,0.6755547329509433,2.0797722693211105
1kmN3332E4239,53.093858787579755,8.784935993226078,11292.0,38678.22,53.0977873476606,8.783417663048823,53.091697107383226,8.778358625263824,2.247,220.87,3.681166666666667,36.624258613664146,auto,0.7567791719636804,2.969162053138321
1kmN3332E4239,53.093858787579755,8.784935993226078,11292.0,38678.22,53.0977873476606,8.783417663048823,53.091697107383226,8.778358625263824,2.249,511.247,8.520783333333334,15.836572146144622,bicycle,0.7567791719636804,2.9718048320018178
1kmN3332E4239,53.093858787579755,8.784935993226078,11292.0,38678.22,53.0977873476606,8.783417663048823,53.091697107383226,8.778358625263824,2.651,234.492,3.9082,40.69904303771557,truck,0.7567791719636804,3.503003383564615
1kmN3332E4239,53.093858787579755,8.784935993226078,11292.0,38678.22,53.0977873476606,8.783417663048823,53.091697107383226,8.783417663048823,0.913,116.517,1.9419499999999998,28.208759236849563,auto,0.6772038208902084,1.348190857517356
1kmN3332E4239,53.093858787579755,8.784935993226078,11292.0,38678.22,53.0977873476606,8.783417663048823,53.091697107383226,8.783417663048823,0.913,206.172,3.4362,15.942028985507246,bicycle,0.6772038208902084,1.348190857517356
1kmN3332E4239,53.093858787579755,8.784935993226078,11292.0,38678.22,53.0977873476606,8.783417663048823,53.091697107383226,8.783417663048823,0.913,116.517,1.9419499999999998,28.208759236849563,truck,0.6772038208902084,1.348190857517356
1kmN3332E4239,53.093858787579755,8.784935993226078,11292.0,38678.22,53.0977873476606,8.783417663048823,53.091697107383226,8.788476700833819,0.952,131.809,2.1968166666666664,26.001259398068417,auto,0.7567791719635382,1.2579627390245718
1kmN3332E4239,53.093858787579755,8.784935993226078,11292.0,38678.22,53.0977873476606,8.783417663048823,53.091697107383226,8.788476700833819,0.973,224.102,3.7350333333333334,15.630382593640395,bicycle,0.7567791719635382,1.2857119170912903
1kmN3332E4239,53.093858787579755,8.784935993226078,11292.0,38678.22,53.0977873476606,8.783417663048823,53.091697107383226,8.788476700833819,0.996,127.569,2.12615,28.107142017261246,truck,0.7567791719635382,1.3161038740215059
1kmN3332E4239,53.093858787579755,8.784935993226078,11292.0,38678.22,53.0977873476606,8.783417663048823,53.09474222752192,8.778358625263824,1.104,97.84,1.6306666666666667,40.62142273098937,auto,0.47828117110268464,2.3082656535583683
1kmN3332E4239,53.093858787579755,8.784935993226078,11292.0,38678.22,53.0977873476606,8.783417663048823,53.09474222752192,8.778358625263824,0.727,171.883,2.864716666666667,15.226636723817943,bicycle,0.47828117110268464,1.5200263859935992
1kmN3332E4239,53.093858787579755,8.784935993226078,11292.0,38678.22,53.0977873476606,8.783417663048823,53.09474222752192,8.778358625263824,1.104,97.84,1.6306666666666667,40.62142273098937,truck,0.47828117110268464,2.3082656535583683
1kmN3332E4239,53.093858787579755,8.784935993226078,11292.0,38678.22,53.0977873476606,8.783417663048823,53.09474222752192,8.783417663048823,0.544,72.052,1.2008666666666667,27.180369732970632,auto,0.3386019104440432,1.6066064107157498
1kmN3332E4239,53.093858787579755,8.784935993226078,11292.0,38678.22,53.0977873476606,8.783417663048823,53.09474222752192,8.783417663048823,0.544,122.483,2.0413833333333335,15.989157679024846,bicycle,0.3386019104440432,1.6066064107157498
1kmN3332E4239,53.093858787579755,8.784935993226078,11292.0,38678.22,53.0977873476606,8.783417663048823,53.09474222752192,8.783417663048823,0.544,72.052,1.2008666666666667,27.180369732970632,truck,0.3386019104440432,1.6066064107157498
1kmN3332E4239,53.093858787579755,8.784935993226078,11292.0,38678.22,53.0977873476606,8.783417663048823,53.09474222752192,8.788476700833819,0.61,82.673,1.3778833333333333,26.562481100238287,auto,0.4782811711024596,1.2754004064051332
1kmN3332E4239,53.093858787579755,8.784935993226078,11292.0,38678.22,53.0977873476606,8.783417663048823,53.09474222752192,8.788476700833819,0.66,145.532,2.4255333333333335,16.326306241926172,bicycle,0.4782811711024596,1.3799414233235867
1kmN3332E4239,53.093858787579755,8.784935993226078,11292.0,38678.22,53.0977873476606,8.783417663048823,53.09474222752192,8.788476700833819,0.66,86.641,1.4440166666666667,27.423506192218465,truck,0.4782811711024596,1.3799414233235867
1kmN3332E4239,53.093858787579755,8.784935993226078,11292.0,38678.22,53.0977873476606,8.783417663048823,53.0977873476606,8.778358625263824,0.525,73.739,1.2289833333333333,25.630941564165504,auto,0.33777736668612673,1.5542782074201154
1kmN3332E4239,53.093858787579755,8.784935993226078,11292.0,38678.22,53.0977873476606,8.783417663048823,53.0977873476606,8.778358625263824,0.447,99.427,1.6571166666666668,16.1847385519024,bicycle,0.33777736668612673,1.3233568737462695
1kmN3332E4239,53.093858787579755,8.784935993226078,11292.0,38678.22,53.0977873476606,8.783417663048823,53.0977873476606,8.778358625263824,0.525,73.739,1.2289833333333333,25.630941564165504,truck,0.33777736668612673,1.5542782074201154
1kmN3332E4239,53.093858787579755,8.784935993226078,11292.0,38678.22,53.0977873476606,8.783417663048823,53.0977873476606,8.788476700833819,0.639,119.093,1.9848833333333333,19.315996742041932,auto,0.33777736668580816,1.8917786181759817
1kmN3332E4239,53.093858787579755,8.784935993226078,11292.0,38678.22,53.0977873476606,8.783417663048823,53.0977873476606,8.788476700833819,0.638,147.069,2.4511499999999997,15.617159292576954,bicycle,0.33777736668580816,1.8888180882570833
1kmN3332E4239,53.093858787579755,8.784935993226078,11292.0,38678.22,53.0977873476606,8.783417663048823,53.0977873476606,8.788476700833819,0.639,119.093,1.9848833333333333,19.315996742041932,truck,0.33777736668580816,1.8917786181759817
1kmN3332E4239,53.093858787579755,8.784935993226078,11292.0,38678.22,53.0977873476606,8.788476700833819,53.091697107383226,8.778358625263824,2.127,218.784,3.6464,34.9989030276437,auto,0.9565792255835222,2.223548184106246
1kmN3332E4239,53.093858787579755,8.784935993226078,11292.0,38678.22,53.0977873476606,8.788476700833819,53.091697107383226,8.778358625263824,2.421,558.166,9.302766666666667,15.614709602519676,bicycle,0.9565792255835222,2.530893349187222
1kmN3332E4239,53.093858787579755,8.784935993226078,11292.0,38678.22,53.0977873476606,8.788476700833819,53.091697107383226,8.778358625263824,2.127,218.784,3.6464,34.9989030276437,truck,0.9565792255835222,2.223548184106246
1kmN3332E4239,53.093858787579755,8.784935993226078,11292.0,38678.22,53.0977873476606,8.788476700833819,53.091697107383226,8.783417663048823,1.025,146.307,2.43845,25.220939531259614,auto,0.7567791719635382,1.3544241675422124
1kmN3332E4239,53.093858787579755,8.784935993226078,11292.0,38678.22,53.0977873476606,8.788476700833819,53.091697107383226,8.783417663048823,1.152,264.841,4.414016666666667,15.659206844861632,bicycle,0.7567791719635382,1.5222406253742717
1kmN3332E4239,53.093858787579755,8.784935993226078,11292.0,38678.22,53.0977873476606,8.788476700833819,53.091697107383226,8.783417663048823,1.602,192.053,3.200883333333333,30.02921068663338,truck,0.7567791719635382,2.116865869661097
1kmN3332E4239,53.093858787579755,8.784935993226078,11292.0,38678.22,53.0977873476606,8.788476700833819,53.091697107383226,8.788476700833819,0.946,141.068,2.3511333333333337,24.14154875662801,auto,0.6772038208902084,1.3969206475481037
1kmN3332E4239,53.093858787579755,8.784935993226078,11292.0,38678.22,53.0977873476606,8.788476700833819,53.091697107383226,8.788476700833819,0.987,230.684,3.844733333333333,15.402888800263563,bicycle,0.6772038208902084,1.457463720010548
1kmN3332E4239,53.093858787579755,8.784935993226078,11292.0,38678.22,53.0977873476606,8.788476700833819,53.091697107383226,8.788476700833819,1.015,171.314,2.855233333333333,21.329255052126506,truck,0.6772038208902084,1.4988102085214854
1kmN3332E4239,53.093858787579755,8.784935993226078,11292.0,38678.22,53.0977873476606,8.788476700833819,53.09474222752192,8.778358625263824,1.649,213.992,3.566533333333333,27.74122397098957,auto,0.7556836326711731,2.1821300987705037
1kmN3332E4239,53.093858787579755,8.784935993226078,11292.0,38678.22,53.0977873476606,8.788476700833819,53.09474222752192,8.778358625263824,0.899,218.802,3.6467,14.791455288342886,bicycle,0.7556836326711731,1.1896512788324336
1kmN3332E4239,53.093858787579755,8.784935993226078,11292.0,38678.22,53.0977873476606,8.788476700833819,53.09474222752192,8.778358625263824,2.825,269.223,4.48705,37.77537580370177,truck,0.7556836326711731,3.738336888433398
1kmN3332E4239,53.093858787579755,8.784935993226078,11292.0,38678.22,53.0977873476606,8.788476700833819,53.09474222752192,8.783417663048823,0.883,169.554,2.8259,18.74800948370431,auto,0.4782811711024596,1.8461943587798895
1kmN3332E4239,53.093858787579755,8.784935993226078,11292.0,38678.22,53.0977873476606,8.788476700833819,53.09474222752192,8.783417663048823,0.782,181.152,3.0191999999999997,15.540540540540542,bicycle,0.4782811711024596,1.6350215046046135
1kmN3332E4239,53.093858787579755,8.784935993226078,11292.0,38678.22,53.0977873476606,8.788476700833819,53.09474222752192,8.783417663048823,0.972,168.665,2.8110833333333334,20.746450063735807,truck,0.4782811711024596,2.0322773688947366
1kmN3332E4239,53.093858787579755,8.784935993226078,11292.0,38678.22,53.0977873476606,8.788476700833819,53.09474222752192,8.788476700833819,0.612,108.68,1.8113333333333335,20.27235921972764,auto,0.3386019104440432,1.8074322120552184
1kmN3332E4239,53.093858787579755,8.784935993226078,11292.0,38678.22,53.0977873476606,8.788476700833819,53.09474222752192,8.788476700833819,0.653,153.054,2.5509,15.359284958250031,bicycle,0.3386019104440432,1.9285183569804865
1kmN3332E4239,53.093858787579755,8.784935993226078,11292.0,38678.22,53.0977873476606,8.788476700833819,53.09474222752192,8.788476700833819,0.679,130.386,2.1731,18.747411531912938,truck,0.3386019104440432,2.005304692786754
1kmN3332E4239,53.093858787579755,8.784935993226078,11292.0,38678.22,53.0977873476606,8.788476700833819,53.0977873476606,8.778358625263824,1.07,189.892,3.1648666666666667,20.285214753649445,auto,0.6755547329509433,1.58388350759686
1kmN3332E4239,53.093858787579755,8.784935993226078,11292.0,38678.22,53.0977873476606,8.788476700833819,53.0977873476606,8.778358625263824,0.965,222.146,3.702433333333333,15.638363958837882,bicycle,0.6755547329509433,1.4284556867579157
1kmN3332E4239,53.093858787579755,8.784935993226078,11292.0,38678.22,53.0977873476606,8.788476700833819,53.0977873476606,8.778358625263824,1.028,184.541,3.075683333333333,20.05408012311627,truck,0.6755547329509433,1.5217123792612823
1kmN3332E4239,53.093858787579755,8.784935993226078,11292.0,38678.22,53.0977873476606,8.788476700833819,53.0977873476606,8.783417663048823,0.544,116.152,1.9358666666666666,16.860665335078174,auto,0.33777736668580816,1.610528275880648
1kmN3332E4239,53.093858787579755,8.784935993226078,11292.0,38678.22,53.0977873476606,8.788476700833819,53.0977873476606,8.783417663048823,0.585,136.619,2.2769833333333334,15.415132595027044,bicycle,0.33777736668580816,1.7319100025554761
1kmN3332E4239,53.093858787579755,8.784935993226078,11292.0,38678.22,53.0977873476606,8.788476700833819,53.0977873476606,8.783417663048823,0.544,116.152,1.9358666666666666,16.860665335078174,truck,0.33777736668580816,1.610528275880648
1kmN3332E4241,53.094155786423414,8.8147851265837,10426.0,37154.71,53.091995689821516,8.808210358088646,53.091995689821516,8.813267396261002,0.863,117.07,1.9511666666666665,26.537968736653287,auto,0.33768931012261666,2.5556035507509565
1kmN3332E4241,53.094155786423414,8.8147851265837,10426.0,37154.71,53.091995689821516,8.808210358088646,53.091995689821516,8.813267396261002,0.779,174.837,2.91395,16.04008304878258,bicycle,0.33768931012261666,2.306854190075313
1kmN3332E4241,53.094155786423414,8.8147851265837,10426.0,37154.71,53.091995689821516,8.808210358088646,53.091995689821516,8.813267396261002,1.331,153.525,2.5587500000000003,31.210552027357107,truck,0.33768931012261666,3.941492845943827
1kmN3332E4241,53.094155786423414,8.8147851265837,10426.0,37154.71,53.091995689821516,8.808210358088646,53.091995689821516,8.818324434433361,0.987,130.625,2.1770833333333335,27.201531100478466,auto,0.6753786198249604,1.4614024948788034
1kmN3332E4241,53.094155786423414,8.8147851265837,10426.0,37154.71,53.091995689821516,8.808210358088646,53.091995689821516,8.818324434433361,0.952,232.215,3.87025,14.758736515728957,bicycle,0.6753786198249604,1.4095797113724629
1kmN3332E4241,53.094155786423414,8.8147851265837,10426.0,37154.71,53.091995689821516,8.808210358088646,53.091995689821516,8.818324434433361,1.925,303.659,5.060983333333334,22.821651918764143,truck,0.6753786198249604,2.85025309284873
1kmN3332E4241,53.094155786423414,8.8147851265837,10426.0,37154.71,53.091995689821516,8.808210358088646,53.095039602473506,8.808210358088646,0.567,87.833,1.4638833333333332,23.239556886363893,auto,0.33846764405032037,1.6751970534462768
1kmN3332E4241,53.094155786423414,8.8147851265837,10426.0,37154.71,53.091995689821516,8.808210358088646,53.095039602473506,8.808210358088646,0.6,142.627,2.3771166666666668,15.144397624573187,bicycle,0.33846764405032037,1.772695294652145
1kmN3332E4241,53.094155786423414,8.8147851265837,10426.0,37154.71,53.091995689821516,8.808210358088646,53.095039602473506,8.808210358088646,0.567,87.833,1.4638833333333332,23.239556886363893,truck,0.33846764405032037,1.6751970534462768
1kmN3332E4241,53.094155786423414,8.8147851265837,10426.0,37154.71,53.091995689821516,8.808210358088646,53.095039602473506,8.813267396261002,0.916,123.381,2.05635,26.726967685462107,auto,0.47810704837361784,1.9158889272098532
1kmN3332E4241,53.094155786423414,8.8147851265837,10426.0,37154.71,53.091995689821516,8.808210358088646,53.095039602473506,8.813267396261002,0.826,193.932,3.2321999999999997,15.333209578615186,bicycle,0.47810704837361784,1.7276465653660902
1kmN3332E4241,53.094155786423414,8.8147851265837,10426.0,37154.71,53.091995689821516,8.808210358088646,53.095039602473506,8.813267396261002,1.026,128.272,2.1378666666666666,28.795060496445057,truck,0.47810704837361784,2.1459629250188965
1kmN3332E4241,53.094155786423414,8.8147851265837,10426.0,37154.71,53.091995689821516,8.808210358088646,53.095039602473506,8.818324434433361,1.394,196.063,3.2677166666666664,25.59585439374079,auto,0.7554232985840056,1.8453230163975178
1kmN3332E4241,53.094155786423414,8.8147851265837,10426.0,37154.71,53.091995689821516,8.808210358088646,53.095039602473506,8.818324434433361,1.344,301.077,5.01795,16.070307595731325,bicycle,0.7554232985840056,1.7791349598552828
1kmN3332E4241,53.094155786423414,8.8147851265837,10426.0,37154.71,53.091995689821516,8.808210358088646,53.095039602473506,8.818324434433361,1.504,200.954,3.3492333333333333,26.943479602297042,truck,0.7554232985840056,1.9909367407904355
1kmN3332E4241,53.094155786423414,8.8147851265837,10426.0,37154.71,53.091995689821516,8.808210358088646,53.098083515125495,8.808210358088646,1.363,156.724,2.6120666666666663,31.308542405757898,auto,0.6769352881006407,2.0134864055090613
1kmN3332E4241,53.094155786423414,8.8147851265837,10426.0,37154.71,53.091995689821516,8.808210358088646,53.098083515125495,8.808210358088646,1.211,273.832,4.563866666666667,15.92071050863303,bicycle,0.6769352881006407,1.7889450015197899
1kmN3332E4241,53.094155786423414,8.8147851265837,10426.0,37154.71,53.091995689821516,8.808210358088646,53.098083515125495,8.808210358088646,1.363,156.724,2.6120666666666663,31.308542405757898,truck,0.6769352881006407,2.0134864055090613
1kmN3332E4241,53.094155786423414,8.8147851265837,10426.0,37154.71,53.091995689821516,8.808210358088646,53.098083515125495,8.813267396261002,1.054,119.927,1.9987833333333334,31.63924720871864,auto,0.7564782357486296,1.3932985116973464
1kmN3332E4241,53.094155786423414,8.8147851265837,10426.0,37154.71,53.091995689821516,8.808210358088646,53.098083515125495,8.813267396261002,0.964,220.572,3.6762,15.733637995756487,bicycle,0.7564782357486296,1.2743261530135122
1kmN3332E4241,53.094155786423414,8.8147851265837,10426.0,37154.71,53.091995689821516,8.808210358088646,53.098083515125495,8.813267396261002,1.054,119.927,1.9987833333333334,31.63924720871864,truck,0.7564782357486296,1.3932985116973464
1kmN3332E4241,53.094155786423414,8.8147851265837,10426.0,37154.71,53.091995689821516,8.808210358088646,53.098083515125495,8.818324434433361,1.506,173.362,2.8893666666666666,31.27328941751941,auto,0.9561972240338769,1.5749888852915603
1kmN3332E4241,53.094155786423414,8.8147851265837,10426.0,37154.71,53.091995689821516,8.808210358088646,53.098083515125495,8.818324434433361,1.416,322.161,5.36935,15.82314432845689,bicycle,0.9561972240338769,1.4808660435410685
1kmN3332E4241,53.094155786423414,8.8147851265837,10426.0,37154.71,53.091995689821516,8.808210358088646,53.098083515125495,8.818324434433361,1.506,173.362,2.8893666666666666,31.27328941751941,truck,0.9561972240338769,1.5749888852915603
1kmN3332E4241,53.094155786423414,8.8147851265837,10426.0,37154.71,53.091995689821516,8.813267396261002,53.091995689821516,8.808210358088646,0.967,124.954,2.0825666666666667,27.859852425692655,auto,0.33768931012261666,2.8635789496827053
1kmN3332E4241,53.094155786423414,8.8147851265837,10426.0,37154.71,53.091995689821516,8.813267396261002,53.091995689821516,8.808210358088646,0.779,177.987,2.96645,15.756206913988102,bicycle,0.33768931012261666,2.306854190075313
1kmN3332E4241,53.094155786423414,8.8147851265837,10426.0,37154.71,53.091995689821516,8.813267396261002,53.091995689821516,8.808210358088646,0.967,124.954,2.0825666666666667,27.859852425692655,truck,0.33768931012261666,2.8635789496827053
1kmN3332E4241,53.094155786423414,8.8147851265837,10426.0,37154.71,53.091995689821516,8.813267396261002,53.091995689821516,8.818324434433361,1.14,162.956,2.715933333333333,25.184712437713248,auto,0.3376893101228291,3.375884180595895
1kmN3332E4241,53.094155786423414,8.8147851265837,10426.0,37154.71,53.091995689821516,8.813267396261002,53.091995689821516,8.818324434433361,0.49,130.749,2.17915,13.491498978959687,bicycle,0.3376893101228291,1.4510379372736741
1kmN3332E4241,53.094155786423414,8.8147851265837,10426.0,37154.71,53.091995689821516,8.813267396261002,53.091995689821516,8.818324434433361,1.217,248.921,4.1486833333333335,17.600764901314072,truck,0.3376893101228291,3.6039044278817585
1kmN3332E4241,53.094155786423414,8.8147851265837,10426.0,37154.71,53.091995689821516,8.813267396261002,53.095039602473506,8.808210358088646,0.513,76.09,1.2681666666666667,24.271257721119724,auto,0.47810704837361784,1.0729814625094483
1kmN3332E4241,53.094155786423414,8.8147851265837,10426.0,37154.71,53.091995689821516,8.813267396261002,53.095039602473506,8.808210358088646,0.688,157.289,2.621483333333333,15.746810012143253,bicycle,0.47810704837361784,1.4390082772056536
1kmN3332E4241,53.094155786423414,8.8147851265837,10426.0,37154.71,53.091995689821516,8.813267396261002,53.095039602473506,8.808210358088646,0.513,76.09,1.2681666666666667,24.271257721119724,truck,0.47810704837361784,1.0729814625094483
1kmN3332E4241,53.094155786423414,8.8147851265837,10426.0,37154.71,53.091995689821516,8.813267396261002,53.095039602473506,8.813267396261002,0.484,65.641,1.0940166666666669,26.54438536890053,auto,0.33846764405032037,1.4299742043527301
1kmN3332E4241,53.094155786423414,8.8147851265837,10426.0,37154.71,53.091995689821516,8.813267396261002,53.095039602473506,8.813267396261002,0.484,108.434,1.8072333333333332,16.068760720807127,bicycle,0.33846764405032037,1.4299742043527301
1kmN3332E4241,53.094155786423414,8.8147851265837,10426.0,37154.71,53.091995689821516,8.813267396261002,53.095039602473506,8.813267396261002,0.484,65.641,1.0940166666666669,26.54438536890053,truck,0.33846764405032037,1.4299742043527301
1kmN3332E4241,53.094155786423414,8.8147851265837,10426.0,37154.71,53.091995689821516,8.813267396261002,53.095039602473506,8.818324434433361,0.828,125.263,2.0877166666666667,23.796332516385522,auto,0.4781070483737679,1.7318297289620748
1kmN3332E4241,53.094155786423414,8.8147851265837,10426.0,37154.71,53.091995689821516,8.813267396261002,53.095039602473506,8.818324434433361,0.794,175.81,2.9301666666666666,16.258460838405096,bicycle,0.4781070483737679,1.66071594782112
1kmN3332E4241,53.094155786423414,8.8147851265837,10426.0,37154.71,53.091995689821516,8.813267396261002,53.095039602473506,8.818324434433361,0.931,139.559,2.3259833333333333,24.015649295280134,truck,0.4781070483737679,1.9472626541832025
1kmN3332E4241,53.094155786423414,8.8147851265837,10426.0,37154.71,53.091995689821516,8.813267396261002,53.098083515125495,8.808210358088646,1.273,132.29,2.204833333333333,34.64207423085645,auto,0.7564782357486296,1.6827979178280095
1kmN3332E4241,53.094155786423414,8.8147851265837,10426.0,37154.71,53.091995689821516,8.813267396261002,53.098083515125495,8.808210358088646,1.172,271.644,4.5274,15.532093475283826,bicycle,0.7564782357486296,1.5492844930828178
1kmN3332E4241,53.094155786423414,8.8147851265837,10426.0,37154.71,53.091995689821516,8.813267396261002,53.098083515125495,8.808210358088646,1.294,147.804,2.4634,31.517414954940328,truck,0.7564782357486296,1.7105581348542376
1kmN3332E4241,53.094155786423414,8.8147851265837,10426.0,37154.71,53.091995689821516,8.813267396261002,53.098083515125495,8.813267396261002,0.923,99.04,1.6506666666666667,33.550080775444265,auto,0.6769352881006407,1.363498130803275
1kmN3332E4241,53.094155786423414,8.8147851265837,10426.0,37154.71,53.091995689821516,8.813267396261002,53.098083515125495,8.813267396261002,0.923,201.534,3.3588999999999998,16.48754056387508,bicycle,0.6769352881006407,1.363498130803275
1kmN3332E4241,53.094155786423414,8.8147851265837,10426.0,37154.71,53.091995689821516,8.813267396261002,53.098083515125495,8.813267396261002,0.944,114.554,1.9092333333333333,29.666358224068997,truck,0.6769352881006407,1.3945202984596874
1kmN3332E4241,53.094155786423414,8.8147851265837,10426.0,37154.71,53.091995689821516,8.813267396261002,53.098083515125495,8.818324434433361,1.376,152.476,2.5412666666666666,32.48773577481046,auto,0.7564782357487244,1.8189551727659472
1kmN3332E4241,53.094155786423414,8.8147851265837,10426.0,37154.71,53.091995689821516,8.813267396261002,53.098083515125495,8.818324434433361,1.363,314.944,5.249066666666667,15.579912619386302,bicycle,0.7564782357487244,1.8017702765116177
1kmN3332E4241,53.094155786423414,8.8147851265837,10426.0,37154.71,53.091995689821516,8.813267396261002,53.098083515125495,8.818324434433361,1.397,167.99,2.7998333333333334,29.937496279540447,truck,0.7564782357487244,1.8467153897921718
1kmN3332E4241,53.094155786423414,8.8147851265837,10426.0,37154.71,53.091995689821516,8.818324434433361,53.091995689821516,8.808210358088646,0.937,124.407,2.07345,27.11422990667728,auto,0.6753786198249604,1.3873699470126026
1kmN3332E4241,53.094155786423414,8.8147851265837,10426.0,37154.71,53.091995689821516,8.818324434433361,53.091995689821516,8.808210358088646,0.952,230.765,3.846083333333333,14.851472276991744,bicycle,0.6753786198249604,1.4095797113724629
1kmN3332E4241,53.094155786423414,8.8147851265837,10426.0,37154.71,53.091995689821516,8.818324434433361,53.091995689821516,8.808210358088646,1.883,292.186,4.869766666666666,23.20029022608886,truck,0.6753786198249604,2.7880657526411214
1kmN3332E4241,53.094155786423414,8.8147851265837,10426.0,37154.71,53.091995689821516,8.818324434433361,53.091995689821516,8.813267396261002,0.441,59.624,0.9937333333333334,26.626861666443045,auto,0.3376893101228291,1.3059341435463068
1kmN3332E4241,53.094155786423414,8.8147851265837,10426.0,37154.71,53.091995689821516,8.818324434433361,53.091995689821516,8.813267396261002,0.49,131.349,2.1891499999999997,13.429870040883449,bicycle,0.3376893101228291,1.4510379372736741
1kmN3332E4241,53.094155786423414,8.8147851265837,10426.0,37154.71,53.091995689821516,8.818324434433361,53.091995689821516,8.813267396261002,0.911,190.077,3.16795,17.254060196657143,truck,0.3376893101228291,2.697746042563913
1kmN3332E4241,53.094155786423414,8.8147851265837,10426.0,37154.71,53.091995689821516,8.818324434433361,53.095039602473506,8.808210358088646,1.01,117.167,1.9527833333333333,31.032628641170295,auto,0.7554232985840056,1.3369987421531515
1kmN3332E4241,53.094155786423414,8.8147851265837,10426.0,37154.71,53.091995689821516,8.818324434433361,53.095039602473506,8.808210358088646,1.179,288.638,4.810633333333333,14.704924507514605,bicycle,0.7554232985840056,1.5607143732659066
1kmN3332E4241,53.094155786423414,8.8147851265837,10426.0,37154.71,53.091995689821516,8.818324434433361,53.095039602473506,8.808210358088646,1.48,247.62,4.127,21.516840319844924,truck,0.7554232985840056,1.9591664736501624
1kmN3332E4241,53.094155786423414,8.8147851265837,10426.0,37154.71,53.091995689821516,8.818324434433361,53.095039602473506,8.813267396261002,0.916,121.975,2.0329166666666665,27.03504816560771,auto,0.4781070483737679,1.9158889272092519
1kmN3332E4241,53.094155786423414,8.8147851265837,10426.0,37154.71,53.091995689821516,8.818324434433361,53.095039602473506,8.813267396261002,0.958,232.183,3.8697166666666667,14.85380066585409,bicycle,0.4781070483737679,2.0037353627363133
1kmN3332E4241,53.094155786423414,8.8147851265837,10426.0,37154.71,53.091995689821516,8.818324434433361,53.095039602473506,8.813267396261002,1.939,288.059,4.800983333333334,24.232535695812313,truck,0.4781070483737679,4.0555771068326845
1kmN3332E4241,53.094155786423414,8.8147851265837,10426.0,37154.71,53.091995689821516,8.818324434433361,53.095039602473506,8.818324434433361,1.014,152.463,2.54105,23.94285826725173,auto,0.33846764405032037,2.995855047962125
1kmN3332E4241,53.094155786423414,8.8147851265837,10426.0,37154.71,53.091995689821516,8.818324434433361,53.095039602473506,8.818324434433361,0.92,234.768,3.9128,14.107544469433655,bicycle,0.33846764405032037,2.7181327851332893
1kmN3332E4241,53.094155786423414,8.8147851265837,10426.0,37154.71,53.091995689821516,8.818324434433361,53.095039602473506,8.818324434433361,1.484,282.916,4.7152666666666665,18.883343465905075,truck,0.33846764405032037,4.384466362106306
1kmN3332E4241,53.094155786423414,8.8147851265837,10426.0,37154.71,53.091995689821516,8.818324434433361,53.098083515125495,8.808210358088646,1.806,176.587,2.9431166666666666,36.81811231857385,auto,0.9561972240338769,1.8887316911265324
1kmN3332E4241,53.094155786423414,8.8147851265837,10426.0,37154.71,53.091995689821516,8.818324434433361,53.098083515125495,8.808210358088646,1.725,420.073,7.001216666666666,14.783144834350221,bicycle,0.9561972240338769,1.80402113355109
1kmN3332E4241,53.094155786423414,8.8147851265837,10426.0,37154.71,53.091995689821516,8.818324434433361,53.098083515125495,8.808210358088646,2.276,307.04,5.117333333333334,26.685773840541945,truck,0.9561972240338769,2.380262086934655
1kmN3332E4241,53.094155786423414,8.8147851265837,10426.0,37154.71,53.091995689821516,8.818324434433361,53.098083515125495,8.813267396261002,1.365,158.665,2.6444166666666664,30.970913560016385,auto,0.7564782357487244,1.8044141067045916
1kmN3332E4241,53.094155786423414,8.8147851265837,10426.0,37154.71,53.091995689821516,8.818324434433361,53.098083515125495,8.813267396261002,1.179,284.973,4.74955,14.894042593508859,bicycle,0.7564782357487244,1.5585378987580318
1kmN3332E4241,53.094155786423414,8.8147851265837,10426.0,37154.71,53.091995689821516,8.818324434433361,53.098083515125495,8.813267396261002,1.967,279.713,4.661883333333334,25.315948847568755,truck,0.7564782357487244,2.6002069947896937
1kmN3332E4241,53.094155786423414,8.8147851265837,10426.0,37154.71,53.091995689821516,8.818324434433361,53.098083515125495,8.818324434433361,1.817,212.101,3.5350166666666665,30.8400243280324,auto,0.6769352881006407,2.684156125319123
1kmN3332E4241,53.094155786423414,8.8147851265837,10426.0,37154.71,53.091995689821516,8.818324434433361,53.098083515125495,8.818324434433361,1.054,270.303,4.50505,14.03758004905606,bicycle,0.6769352881006407,1.557017367136134
1kmN3332E4241,53.094155786423414,8.8147851265837,10426.0,37154.71,53.091995689821516,8.818324434433361,53.098083515125495,8.818324434433361,2.419,333.149,5.552483333333333,26.139655229341823,truck,0.6769352881006407,3.573458264802949
1kmN3332E4241,53.094155786423414,8.8147851265837,10426.0,37154.71,53.095039602473506,8.808210358088646,53.091995689821516,8.808210358088646,0.514,81.406,1.3567666666666667,22.730511264525955,auto,0.33846764405032037,1.5186089690853375
1kmN3332E4241,53.094155786423414,8.8147851265837,10426.0,37154.71,53.095039602473506,8.808210358088646,53.091995689821516,8.808210358088646,0.681,161.527,2.6921166666666663,15.177648318856912,bicycle,0.33846764405032037,2.0120091594301845
1kmN3332E4241,53.094155786423414,8.8147851265837,10426.0,37154.71,53.095039602473506,8.808210358088646,53.091995689821516,8.808210358088646,0.514,81.406,1.3567666666666667,22.730511264525955,truck,0.33846764405032037,1.5186089690853375
1kmN3332E4241,53.094155786423414,8.8147851265837,10426.0,37154.71,53.095039602473506,8.808210358088646,53.091995689821516,8.813267396261002,0.899,98.767,1.6461166666666667,32.76802980752681,auto,0.47810704837361784,1.8803320366393645
1kmN3332E4241,53.094155786423414,8.8147851265837,10426.0,37154.71,53.095039602473506,8.808210358088646,53.091995689821516,8.813267396261002,0.899,209.339,3.488983333333333,15.460091048490726,bicycle,0.47810704837361784,1.8803320366393645
1kmN3332E4241,53.094155786423414,8.8147851265837,10426.0,37154.71,53.095039602473506,8.808210358088646,53.091995689821516,8.813267396261002,0.899,98.767,1.6461166666666667,32.76802980752681,truck,0.47810704837361784,1.8803320366393645
1kmN3332E4241,53.094155786423414,8.8147851265837,10426.0,37154.71,53.095039602473506,8.808210358088646,53.091995689821516,8.818324434433361,1.023,112.323,1.87205,32.78758580166128,auto,0.7554232985840056,1.3542076368541325
1kmN3332E4241,53.094155786423414,8.8147851265837,10426.0,37154.71,53.095039602473506,8.808210358088646,53.091995689821516,8.818324434433361,1.39,340.088,5.6681333333333335,14.713838771141585,bicycle,0.7554232985840056,1.840027971874139
1kmN3332E4241,53.094155786423414,8.8147851265837,10426.0,37154.71,53.095039602473506,8.808210358088646,53.091995689821516,8.818324434433361,1.493,248.901,4.14835,21.594127785746142,truck,0.7554232985840056,1.9763753683511438
1kmN3332E4241,53.094155786423414,8.8147851265837,10426.0,37154.71,53.095039602473506,8.808210358088646,53.095039602473506,8.813267396261002,0.408,61.701,1.02835,23.805124714348224,auto,0.3376654225166834,1.2082966534124218
1kmN3332E4241,53.094155786423414,8.8147851265837,10426.0,37154.71,53.095039602473506,8.808210358088646,53.095039602473506,8.813267396261002,0.795,191.454,3.1909,14.948760537779311,bicycle,0.3376654225166834,2.354401567310969
1kmN3332E4241,53.094155786423414,8.8147851265837,10426.0,37154.71,53.095039602473506,8.808210358088646,53.095039602473506,8.813267396261002,0.518,66.592,1.1098666666666666,28.003363767419515,truck,0.3376654225166834,1.534062908008908
1kmN3332E4241,53.094155786423414,8.8147851265837,10426.0,37154.71,53.095039602473506,8.808210358088646,53.095039602473506,8.818324434433361,0.886,134.383,2.239716666666667,23.735145070433017,auto,0.6753308446130901,1.3119495534186747
1kmN3332E4241,53.094155786423414,8.8147851265837,10426.0,37154.71,53.095039602473506,8.808210358088646,53.095039602473506,8.818324434433361,1.273,297.799,4.963316666666667,15.38890325353678,bicycle,0.6753308446130901,1.8850020107245742
1kmN3332E4241,53.094155786423414,8.8147851265837,10426.0,37154.71,53.095039602473506,8.808210358088646,53.095039602473506,8.818324434433361,0.996,139.275,2.32125,25.74474959612278,truck,0.6753308446130901,1.4748326808182846
1kmN3332E4241,53.094155786423414,8.8147851265837,10426.0,37154.71,53.095039602473506,8.808210358088646,53.098083515125495,8.808210358088646,0.895,91.497,1.52495,35.21426932030559,auto,0.33846764405032037,2.6442704811894497
1kmN3332E4241,53.094155786423414,8.8147851265837,10426.0,37154.71,53.095039602473506,8.808210358088646,53.098083515125495,8.808210358088646,0.846,194.754,3.2459,15.638189716257433,bicycle,0.33846764405032037,2.4995003654595243
1kmN3332E4241,53.094155786423414,8.8147851265837,10426.0,37154.71,53.095039602473506,8.808210358088646,53.098083515125495,8.808210358088646,0.895,91.497,1.52495,35.21426932030559,truck,0.33846764405032037,2.6442704811894497
1kmN3332E4241,53.094155786423414,8.8147851265837,10426.0,37154.71,53.095039602473506,8.808210358088646,53.098083515125495,8.813267396261002,0.546,58.247,0.9707833333333333,33.74594399711573,auto,0.478090177001808,1.1420439621329748
1kmN3332E4241,53.094155786423414,8.8147851265837,10426.0,37154.71,53.095039602473506,8.808210358088646,53.098083515125495,8.813267396261002,1.056,246.245,4.1040833333333335,15.438283010822555,bicycle,0.478090177001808,2.208788322367072
1kmN3332E4241,53.094155786423414,8.8147851265837,10426.0,37154.71,53.095039602473506,8.808210358088646,53.098083515125495,8.813267396261002,0.546,58.247,0.9707833333333333,33.74594399711573,truck,0.478090177001808,1.1420439621329748
1kmN3332E4241,53.094155786423414,8.8147851265837,10426.0,37154.71,53.095039602473506,8.808210358088646,53.098083515125495,8.818324434433361,0.998,111.683,1.8613833333333334,32.16962295067289,auto,0.7553805865971953,1.3211883091882806
1kmN3332E4241,53.094155786423414,8.8147851265837,10426.0,37154.71,53.095039602473506,8.808210358088646,53.098083515125495,8.818324434433361,1.508,347.834,5.797233333333334,15.607444930627828,bicycle,0.7553805865971953,1.9963446595750771
1kmN3332E4241,53.094155786423414,8.8147851265837,10426.0,37154.71,53.095039602473506,8.808210358088646,53.098083515125495,8.818324434433361,0.998,111.683,1.8613833333333334,32.16962295067289,truck,0.7553805865971953,1.3211883091882806
1kmN3332E4241,53.094155786423414,8.8147851265837,10426.0,37154.71,53.095039602473506,8.813267396261002,53.091995689821516,8.808210358088646,0.863,109.394,1.8232333333333335,28.400095069199406,auto,0.47810704837361784,1.8050350919018594
1kmN3332E4241,53.094155786423414,8.8147851265837,10426.0,37154.71,53.095039602473506,8.813267396261002,53.091995689821516,8.808210358088646,0.826,188.632,3.143866666666667,15.764027312439033,bicycle,0.47810704837361784,1.7276465653660902
1kmN3332E4241,53.094155786423414,8.8147851265837,10426.0,37154.71,53.095039602473506,8.813267396261002,53.091995689821516,8.808210358088646,0.973,115.727,1.9287833333333333,30.267785391481674,truck,0.47810704837361784,2.035109089710903
1kmN3332E4241,53.094155786423414,8.8147851265837,10426.0,37154.71,53.095039602473506,8.813267396261002,53.091995689821516,8.813267396261002,0.696,98.868,1.6478,25.34288141764777,auto,0.33846764405032037,2.056326541796488
1kmN3332E4241,53.094155786423414,8.8147851265837,10426.0,37154.71,53.095039602473506,8.813267396261002,53.091995689821516,8.813267396261002,0.484,108.434,1.8072333333333332,16.068760720807127,bicycle,0.33846764405032037,1.4299742043527301
1kmN3332E4241,53.094155786423414,8.8147851265837,10426.0,37154.71,53.095039602473506,8.813267396261002,53.091995689821516,8.813267396261002,0.696,98.868,1.6478,25.34288141764777,truck,0.33846764405032037,2.056326541796488
1kmN3332E4241,53.094155786423414,8.8147851265837,10426.0,37154.71,53.095039602473506,8.813267396261002,53.091995689821516,8.818324434433361,0.908,123.353,2.055883333333333,26.499558178560722,auto,0.4781070483737679,1.8991562728231448
1kmN3332E4241,53.094155786423414,8.8147851265837,10426.0,37154.71,53.095039602473506,8.813267396261002,53.091995689821516,8.818324434433361,0.966,236.483,3.9413833333333335,14.705496801038553,bicycle,0.4781070483737679,2.0204680171224205
1kmN3332E4241,53.094155786423414,8.8147851265837,10426.0,37154.71,53.095039602473506,8.813267396261002,53.091995689821516,8.818324434433361,1.952,283.222,4.720366666666666,24.81163186475627,truck,0.4781070483737679,4.082767670210108
1kmN3332E4241,53.094155786423414,8.8147851265837,10426.0,37154.71,53.095039602473506,8.813267396261002,53.095039602473506,8.808210358088646,0.408,60.53,1.0088333333333332,24.265653395010737,auto,0.3376654225166834,1.2082966534124218
1kmN3332E4241,53.094155786423414,8.8147851265837,10426.0,37154.71,53.095039602473506,8.813267396261002,53.095039602473506,8.808210358088646,0.584,137.904,2.2984,15.24538809606683,bicycle,0.3376654225166834,1.7295226607667997
1kmN3332E4241,53.094155786423414,8.8147851265837,10426.0,37154.71,53.095039602473506,8.813267396261002,53.095039602473506,8.808210358088646,0.518,66.862,1.1143666666666665,27.890281475277444,truck,0.3376654225166834,1.534062908008908
1kmN3332E4241,53.094155786423414,8.8147851265837,10426.0,37154.71,53.095039602473506,8.813267396261002,53.095039602473506,8.818324434433361,0.477,72.682,1.2113666666666667,23.626207314052998,auto,0.3376654225168958,1.4126409403856928
1kmN3332E4241,53.094155786423414,8.8147851265837,10426.0,37154.71,53.095039602473506,8.813267396261002,53.095039602473506,8.818324434433361,0.477,106.345,1.7724166666666668,16.14744463773567,bicycle,0.3376654225168958,1.4126409403856928
1kmN3332E4241,53.094155786423414,8.8147851265837,10426.0,37154.71,53.095039602473506,8.813267396261002,53.095039602473506,8.818324434433361,0.477,72.682,1.2113666666666667,23.626207314052998,truck,0.3376654225168958,1.4126409403856928
1kmN3332E4241,53.094155786423414,8.8147851265837,10426.0,37154.71,53.095039602473506,8.813267396261002,53.098083515125495,8.808210358088646,0.838,90.571,1.5095166666666666,33.30867496218436,auto,0.478090177001808,1.752807399757203
1kmN3332E4241,53.094155786423414,8.8147851265837,10426.0,37154.71,53.095039602473506,8.813267396261002,53.098083515125495,8.808210358088646,0.926,212.859,3.54765,15.66107141347089,bicycle,0.478090177001808,1.9368730932877924
1kmN3332E4241,53.094155786423414,8.8147851265837,10426.0,37154.71,53.095039602473506,8.813267396261002,53.098083515125495,8.808210358088646,0.838,90.571,1.5095166666666666,33.30867496218436,truck,0.478090177001808,1.752807399757203
1kmN3332E4241,53.094155786423414,8.8147851265837,10426.0,37154.71,53.095039602473506,8.813267396261002,53.098083515125495,8.813267396261002,0.489,57.322,0.9553666666666667,30.710721886884613,auto,0.33846764405032037,1.4447466651414982
1kmN3332E4241,53.094155786423414,8.8147851265837,10426.0,37154.71,53.095039602473506,8.813267396261002,53.098083515125495,8.813267396261002,0.489,110.15,1.8358333333333334,15.981842941443485,bicycle,0.33846764405032037,1.4447466651414982
1kmN3332E4241,53.094155786423414,8.8147851265837,10426.0,37154.71,53.095039602473506,8.813267396261002,53.098083515125495,8.813267396261002,0.489,57.322,0.9553666666666667,30.710721886884613,truck,0.33846764405032037,1.4447466651414982
1kmN3332E4241,53.094155786423414,8.8147851265837,10426.0,37154.71,53.095039602473506,8.813267396261002,53.098083515125495,8.818324434433361,0.941,110.757,1.84595,30.585877190606457,auto,0.478090177001958,1.9682479274117068
1kmN3332E4241,53.094155786423414,8.8147851265837,10426.0,37154.71,53.095039602473506,8.813267396261002,53.098083515125495,8.818324434433361,0.987,229.479,3.82465,15.483769756709764,bicycle,0.478090177001958,2.064464085393576
1kmN3332E4241,53.094155786423414,8.8147851265837,10426.0,37154.71,53.095039602473506,8.813267396261002,53.098083515125495,8.818324434433361,0.941,110.757,1.84595,30.585877190606457,truck,0.478090177001958,1.9682479274117068
1kmN3332E4241,53.094155786423414,8.8147851265837,10426.0,37154.71,53.095039602473506,8.818324434433361,53.091995689821516,8.808210358088646,1.341,182.592,3.0432,26.439274447949526,auto,0.7554232985840056,1.7751636764627485
1kmN3332E4241,53.094155786423414,8.8147851265837,10426.0,37154.71,53.095039602473506,8.818324434433361,53.091995689821516,8.808210358088646,1.344,300.527,5.008783333333333,16.099718161762507,bicycle,0.7554232985840056,1.7791349598552828
1kmN3332E4241,53.094155786423414,8.8147851265837,10426.0,37154.71,53.095039602473506,8.818324434433361,53.091995689821516,8.808210358088646,1.451,188.925,3.14875,27.649067090115125,truck,0.7554232985840056,1.9207774008556662
1kmN3332E4241,53.094155786423414,8.8147851265837,10426.0,37154.71,53.095039602473506,8.818324434433361,53.091995689821516,8.813267396261002,0.794,115.416,1.9236,24.766063630692454,auto,0.4781070483737679,1.66071594782112
1kmN3332E4241,53.094155786423414,8.8147851265837,10426.0,37154.71,53.095039602473506,8.818324434433361,53.091995689821516,8.813267396261002,0.794,176.31,2.9385,16.21235324144972,bicycle,0.4781070483737679,1.66071594782112
1kmN3332E4241,53.094155786423414,8.8147851265837,10426.0,37154.71,53.095039602473506,8.818324434433361,53.091995689821516,8.813267396261002,0.794,115.416,1.9236,24.766063630692454,truck,0.4781070483737679,1.66071594782112
1kmN3332E4241,53.094155786423414,8.8147851265837,10426.0,37154.71,53.095039602473506,8.818324434433361,53.091995689821516,8.818324434433361,1.006,139.9,2.3316666666666666,25.887062187276626,auto,0.33846764405032037,2.9722191107000966
1kmN3332E4241,53.094155786423414,8.8147851265837,10426.0,37154.71,53.095039602473506,8.818324434433361,53.091995689821516,8.818324434433361,1.056,253.288,4.221466666666667,15.009001610814567,bicycle,0.33846764405032037,3.119943718587775
1kmN3332E4241,53.094155786423414,8.8147851265837,10426.0,37154.71,53.095039602473506,8.818324434433361,53.091995689821516,8.818324434433361,1.476,276.478,4.607966666666667,19.218889025528252,truck,0.33846764405032037,4.360830424844276
1kmN3332E4241,53.094155786423414,8.8147851265837,10426.0,37154.71,53.095039602473506,8.818324434433361,53.095039602473506,8.808210358088646,0.886,133.728,2.2288,23.85139985642498,auto,0.6753308446130901,1.3119495534186747
1kmN3332E4241,53.094155786423414,8.8147851265837,10426.0,37154.71,53.095039602473506,8.818324434433361,53.095039602473506,8.808210358088646,1.062,243.25,4.054166666666666,15.71716341212744,bicycle,0.6753308446130901,1.5725625572580504
1kmN3332E4241,53.094155786423414,8.8147851265837,10426.0,37154.71,53.095039602473506,8.818324434433361,53.095039602473506,8.808210358088646,0.996,140.06,2.3343333333333334,25.600456947022707,truck,0.6753308446130901,1.4748326808182846
1kmN3332E4241,53.094155786423414,8.8147851265837,10426.0,37154.71,53.095039602473506,8.818324434433361,53.095039602473506,8.813267396261002,0.477,73.197,1.21995,23.45997786794541,auto,0.3376654225168958,1.4126409403856928
1kmN3332E4241,53.094155786423414,8.8147851265837,10426.0,37154.71,53.095039602473506,8.818324434433361,53.095039602473506,8.813267396261002,0.477,105.345,1.75575,16.300726185390857,bicycle,0.3376654225168958,1.4126409403856928
1kmN3332E4241,53.094155786423414,8.8147851265837,10426.0,37154.71,53.095039602473506,8.818324434433361,53.095039602473506,8.813267396261002,0.477,73.197,1.21995,23.45997786794541,truck,0.3376654225168958,1.4126409403856928
1kmN3332E4241,53.094155786423414,8.8147851265837,10426.0,37154.71,53.095039602473506,8.818324434433361,53.098083515125495,8.808210358088646,1.316,163.769,2.7294833333333335,28.928551801623016,auto,0.7553805865971953,1.7421681511941656
1kmN3332E4241,53.094155786423414,8.8147851265837,10426.0,37154.71,53.095039602473506,8.818324434433361,53.098083515125495,8.808210358088646,1.258,295.054,4.917566666666667,15.34905474930013,bicycle,0.7553805865971953,1.6653856642874318
1kmN3332E4241,53.094155786423414,8.8147851265837,10426.0,37154.71,53.095039602473506,8.818324434433361,53.098083515125495,8.808210358088646,1.316,163.769,2.7294833333333335,28.928551801623016,truck,0.7553805865971953,1.7421681511941656
1kmN3332E4241,53.094155786423414,8.8147851265837,10426.0,37154.71,53.095039602473506,8.818324434433361,53.098083515125495,8.813267396261002,0.967,130.519,2.175316666666667,26.671978792359727,auto,0.478090177001958,2.022630973227546
1kmN3332E4241,53.094155786423414,8.8147851265837,10426.0,37154.71,53.095039602473506,8.818324434433361,53.098083515125495,8.813267396261002,0.729,164.654,2.7442333333333333,15.938877889392302,bicycle,0.478090177001958,1.52481693845179
1kmN3332E4241,53.094155786423414,8.8147851265837,10426.0,37154.71,53.095039602473506,8.818324434433361,53.098083515125495,8.813267396261002,0.967,130.519,2.175316666666667,26.671978792359727,truck,0.478090177001958,2.022630973227546
1kmN3332E4241,53.094155786423414,8.8147851265837,10426.0,37154.71,53.095039602473506,8.818324434433361,53.098083515125495,8.818324434433361,1.419,183.955,3.065916666666667,27.769835013997987,auto,0.33846764405032037,4.192424371852323
1kmN3332E4241,53.094155786423414,8.8147851265837,10426.0,37154.71,53.095039602473506,8.818324434433361,53.098083515125495,8.818324434433361,0.587,145.284,2.4213999999999998,14.54530436937309,bicycle,0.33846764405032037,1.7342868966013485
1kmN3332E4241,53.094155786423414,8.8147851265837,10426.0,37154.71,53.095039602473506,8.818324434433361,53.098083515125495,8.818324434433361,1.419,183.955,3.065916666666667,27.769835013997987,truck,0.33846764405032037,4.192424371852323
1kmN3332E4241,53.094155786423414,8.8147851265837,10426.0,37154.71,53.098083515125495,8.808210358088646,53.091995689821516,8.808210358088646,1.016,124.448,2.074133333333333,29.390588840318852,auto,0.6769352881006407,1.500882016138816
1kmN3332E4241,53.094155786423414,8.8147851265837,10426.0,37154.71,53.098083515125495,8.808210358088646,53.091995689821516,8.808210358088646,1.307,303.732,5.062200000000001,15.491288372644302,bicycle,0.6769352881006407,1.9307606250919611
1kmN3332E4241,53.094155786423414,8.8147851265837,10426.0,37154.71,53.098083515125495,8.808210358088646,53.091995689821516,8.808210358088646,1.016,124.448,2.074133333333333,29.390588840318852,truck,0.6769352881006407,1.500882016138816
1kmN3332E4241,53.094155786423414,8.8147851265837,10426.0,37154.71,53.098083515125495,8.808210358088646,53.091995689821516,8.813267396261002,1.201,167.671,2.7945166666666665,25.786212284771967,auto,0.7564782357486296,1.5876200308809423
1kmN3332E4241,53.094155786423414,8.8147851265837,10426.0,37154.71,53.098083515125495,8.808210358088646,53.091995689821516,8.813267396261002,1.117,249.944,4.165733333333333,16.08840380245175,bicycle,0.7564782357486296,1.4765791627760303
1kmN3332E4241,53.094155786423414,8.8147851265837,10426.0,37154.71,53.098083515125495,8.808210358088646,53.091995689821516,8.813267396261002,1.401,141.809,2.3634833333333334,35.56614883399502,truck,0.7564782357486296,1.8520030501783513
1kmN3332E4241,53.094155786423414,8.8147851265837,10426.0,37154.71,53.098083515125495,8.808210358088646,53.091995689821516,8.818324434433361,1.525,155.365,2.5894166666666667,35.336143919158104,auto,0.9561972240338769,1.5948592629944418
1kmN3332E4241,53.094155786423414,8.8147851265837,10426.0,37154.71,53.098083515125495,8.808210358088646,53.091995689821516,8.818324434433361,1.608,380.693,6.344883333333333,15.205953353489559,bicycle,0.9561972240338769,1.681661439275451
1kmN3332E4241,53.094155786423414,8.8147851265837,10426.0,37154.71,53.098083515125495,8.808210358088646,53.091995689821516,8.818324434433361,1.996,291.943,4.865716666666667,24.613023775188992,truck,0.9561972240338769,2.087435468155348
1kmN3332E4241,53.094155786423414,8.8147851265837,10426.0,37154.71,53.098083515125495,8.808210358088646,53.095039602473506,8.808210358088646,0.562,75.584,1.2597333333333334,26.767569856054195,auto,0.33846764405032037,1.6604245926575094
1kmN3332E4241,53.094155786423414,8.8147851265837,10426.0,37154.71,53.098083515125495,8.808210358088646,53.095039602473506,8.808210358088646,1.088,259.604,4.326733333333333,15.087594952311985,bicycle,0.33846764405032037,3.2144874676358897
1kmN3332E4241,53.094155786423414,8.8147851265837,10426.0,37154.71,53.098083515125495,8.808210358088646,53.095039602473506,8.808210358088646,0.562,75.584,1.2597333333333334,26.767569856054195,truck,0.33846764405032037,1.6604245926575094
1kmN3332E4241,53.094155786423414,8.8147851265837,10426.0,37154.71,53.098083515125495,8.808210358088646,53.095039602473506,8.813267396261002,0.505,68.802,1.1467,26.42365047527688,auto,0.478090177001808,1.0562860821925866
1kmN3332E4241,53.094155786423414,8.8147851265837,10426.0,37154.71,53.098083515125495,8.808210358088646,53.095039602473506,8.813267396261002,0.891,204.509,3.4084833333333333,15.684395307785968,bicycle,0.478090177001808,1.863665146997217
1kmN3332E4241,53.094155786423414,8.8147851265837,10426.0,37154.71,53.098083515125495,8.808210358088646,53.095039602473506,8.813267396261002,0.505,68.802,1.1467,26.42365047527688,truck,0.478090177001808,1.0562860821925866
1kmN3332E4241,53.094155786423414,8.8147851265837,10426.0,37154.71,53.098083515125495,8.808210358088646,53.095039602473506,8.818324434433361,0.983,141.485,2.3580833333333335,25.011838710817397,auto,0.7553805865971953,1.3013307694710219
1kmN3332E4241,53.094155786423414,8.8147851265837,10426.0,37154.71,53.098083515125495,8.808210358088646,53.095039602473506,8.818324434433361,1.123,265.304,4.421733333333333,15.238368060790643,bicycle,0.7553805865971953,1.4866678068321033
1kmN3332E4241,53.094155786423414,8.8147851265837,10426.0,37154.71,53.098083515125495,8.808210358088646,53.095039602473506,8.818324434433361,0.983,141.485,2.3580833333333335,25.011838710817397,truck,0.7553805865971953,1.3013307694710219
1kmN3332E4241,53.094155786423414,8.8147851265837,10426.0,37154.71,53.098083515125495,8.808210358088646,53.098083515125495,8.813267396261002,0.43,45.228,0.7538,34.22658530114088,auto,0.3376415339577221,1.27354000249816
1kmN3332E4241,53.094155786423414,8.8147851265837,10426.0,37154.71,53.098083515125495,8.808210358088646,53.098083515125495,8.813267396261002,0.495,116.05,1.9341666666666666,15.355450236966824,bicycle,0.3376415339577221,1.4660518633409052
1kmN3332E4241,53.094155786423414,8.8147851265837,10426.0,37154.71,53.098083515125495,8.808210358088646,53.098083515125495,8.813267396261002,0.496,60.219,1.00365,29.651771035719623,truck,0.3376415339577221,1.4690135842769474
1kmN3332E4241,53.094155786423414,8.8147851265837,10426.0,37154.71,53.098083515125495,8.808210358088646,53.098083515125495,8.818324434433361,0.882,98.664,1.6444,32.181950863536855,auto,0.6752830674951638,1.3061189336075225
1kmN3332E4241,53.094155786423414,8.8147851265837,10426.0,37154.71,53.098083515125495,8.808210358088646,53.098083515125495,8.818324434433361,0.947,217.639,3.6273166666666667,15.664471900716322,bicycle,0.6752830674951638,1.4023748640888025
1kmN3332E4241,53.094155786423414,8.8147851265837,10426.0,37154.71,53.098083515125495,8.808210358088646,53.098083515125495,8.818324434433361,0.949,113.655,1.89425,30.05939025999736,truck,0.6752830674951638,1.4053365850266881
1kmN3332E4241,53.094155786423414,8.8147851265837,10426.0,37154.71,53.098083515125495,8.813267396261002,53.091995689821516,8.808210358088646,1.0,107.188,1.7864666666666666,33.58584916221965,auto,0.7564782357486296,1.3219150964870459
1kmN3332E4241,53.094155786423414,8.8147851265837,10426.0,37154.71,53.098083515125495,8.813267396261002,53.091995689821516,8.808210358088646,0.964,217.472,3.6245333333333334,15.957916421424365,bicycle,0.7564782357486296,1.2743261530135122
1kmN3332E4241,53.094155786423414,8.8147851265837,10426.0,37154.71,53.098083515125495,8.813267396261002,53.091995689821516,8.808210358088646,1.0,107.188,1.7864666666666666,33.58584916221965,truck,0.7564782357486296,1.3219150964870459
1kmN3332E4241,53.094155786423414,8.8147851265837,10426.0,37154.71,53.098083515125495,8.813267396261002,53.091995689821516,8.813267396261002,1.186,150.411,2.50685,28.386221752398423,auto,0.6769352881006407,1.7520138495478699
1kmN3332E4241,53.094155786423414,8.8147851265837,10426.0,37154.71,53.098083515125495,8.813267396261002,53.091995689821516,8.813267396261002,0.923,196.334,3.2722333333333333,16.924220970387196,bicycle,0.6769352881006407,1.363498130803275
1kmN3332E4241,53.094155786423414,8.8147851265837,10426.0,37154.71,53.098083515125495,8.813267396261002,53.091995689821516,8.813267396261002,1.386,124.549,2.075816666666667,40.06134131948068,truck,0.6769352881006407,2.0474630653232273
1kmN3332E4241,53.094155786423414,8.8147851265837,10426.0,37154.71,53.098083515125495,8.813267396261002,53.091995689821516,8.818324434433361,1.51,138.105,2.3017499999999997,39.36135549038776,auto,0.7564782357487244,1.9960917956951891
1kmN3332E4241,53.094155786423414,8.8147851265837,10426.0,37154.71,53.098083515125495,8.813267396261002,53.091995689821516,8.818324434433361,1.179,288.523,4.808716666666667,14.710785621943483,bicycle,0.7564782357487244,1.5585378987580318
1kmN3332E4241,53.094155786423414,8.8147851265837,10426.0,37154.71,53.098083515125495,8.813267396261002,53.091995689821516,8.818324434433361,1.98,274.683,4.57805,25.949913172639008,truck,0.7564782357487244,2.617391891044023
1kmN3332E4241,53.094155786423414,8.8147851265837,10426.0,37154.71,53.098083515125495,8.813267396261002,53.095039602473506,8.808210358088646,0.546,58.324,0.9720666666666666,33.70139222275564,auto,0.478090177001808,1.1420439621329748
1kmN3332E4241,53.094155786423414,8.8147851265837,10426.0,37154.71,53.098083515125495,8.813267396261002,53.095039602473506,8.808210358088646,0.721,166.745,2.7790833333333333,15.566283846592102,bicycle,0.478090177001808,1.5080836935858513
1kmN3332E4241,53.094155786423414,8.8147851265837,10426.0,37154.71,53.098083515125495,8.813267396261002,53.095039602473506,8.808210358088646,0.546,58.324,0.9720666666666666,33.70139222275564,truck,0.478090177001808,1.1420439621329748
1kmN3332E4241,53.094155786423414,8.8147851265837,10426.0,37154.71,53.098083515125495,8.813267396261002,53.095039602473506,8.813267396261002,0.489,51.542,0.8590333333333333,34.154669977882115,auto,0.33846764405032037,1.4447466651414982
1kmN3332E4241,53.094155786423414,8.8147851265837,10426.0,37154.71,53.098083515125495,8.813267396261002,53.095039602473506,8.813267396261002,0.489,104.95,1.7491666666666668,16.773701762744164,bicycle,0.33846764405032037,1.4447466651414982
1kmN3332E4241,53.094155786423414,8.8147851265837,10426.0,37154.71,53.098083515125495,8.813267396261002,53.095039602473506,8.813267396261002,0.489,51.542,0.8590333333333333,34.154669977882115,truck,0.33846764405032037,1.4447466651414982
1kmN3332E4241,53.094155786423414,8.8147851265837,10426.0,37154.71,53.098083515125495,8.813267396261002,53.095039602473506,8.818324434433361,0.721,102.354,1.7059,25.359048009848173,auto,0.478090177001958,1.508083693585378
1kmN3332E4241,53.094155786423414,8.8147851265837,10426.0,37154.71,53.098083515125495,8.813267396261002,53.095039602473506,8.818324434433361,0.721,165.745,2.7624166666666667,15.66020091103804,bicycle,0.478090177001958,1.508083693585378
1kmN3332E4241,53.094155786423414,8.8147851265837,10426.0,37154.71,53.098083515125495,8.813267396261002,53.095039602473506,8.818324434433361,0.967,124.224,2.0704000000000002,28.023570324574962,truck,0.478090177001958,2.022630973227546
1kmN3332E4241,53.094155786423414,8.8147851265837,10426.0,37154.71,53.098083515125495,8.813267396261002,53.098083515125495,8.808210358088646,0.442,45.131,0.7521833333333333,35.257361902018566,auto,0.3376415339577221,1.3090806537306667
1kmN3332E4241,53.094155786423414,8.8147851265837,10426.0,37154.71,53.098083515125495,8.813267396261002,53.098083515125495,8.808210358088646,0.53,125.05,2.0841666666666665,15.257896841263495,bicycle,0.3376415339577221,1.5697120961023834
1kmN3332E4241,53.094155786423414,8.8147851265837,10426.0,37154.71,53.098083515125495,8.813267396261002,53.098083515125495,8.808210358088646,0.442,45.131,0.7521833333333333,35.257361902018566,truck,0.3376415339577221,1.3090806537306667
1kmN3332E4241,53.094155786423414,8.8147851265837,10426.0,37154.71,53.098083515125495,8.813267396261002,53.098083515125495,8.818324434433361,0.452,53.435,0.8905833333333334,30.451950968466363,auto,0.3376415339579345,1.338697863090247
1kmN3332E4241,53.094155786423414,8.8147851265837,10426.0,37154.71,53.098083515125495,8.813267396261002,53.098083515125495,8.818324434433361,0.452,101.589,1.69315,16.01748220771934,bicycle,0.3376415339579345,1.338697863090247
1kmN3332E4241,53.094155786423414,8.8147851265837,10426.0,37154.71,53.098083515125495,8.813267396261002,53.098083515125495,8.818324434433361,0.452,53.435,0.8905833333333334,30.451950968466363,truck,0.3376415339579345,1.338697863090247
1kmN3332E4241,53.094155786423414,8.8147851265837,10426.0,37154.71,53.098083515125495,8.818324434433361,53.091995689821516,8.808210358088646,1.446,162.968,2.716133333333333,31.942467232830985,auto,0.9561972240338769,1.5122403241245657
1kmN3332E4241,53.094155786423414,8.8147851265837,10426.0,37154.71,53.098083515125495,8.818324434433361,53.091995689821516,8.808210358088646,1.41,321.411,5.35685,15.792863343196093,bicycle,0.9561972240338769,1.4745911874243691
1kmN3332E4241,53.094155786423414,8.8147851265837,10426.0,37154.71,53.098083515125495,8.818324434433361,53.091995689821516,8.808210358088646,1.446,162.968,2.716133333333333,31.942467232830985,truck,0.9561972240338769,1.5122403241245657
1kmN3332E4241,53.094155786423414,8.8147851265837,10426.0,37154.71,53.098083515125495,8.818324434433361,53.091995689821516,8.813267396261002,1.631,206.191,3.436516666666667,28.476509643970882,auto,0.7564782357487244,2.1560435223701018
1kmN3332E4241,53.094155786423414,8.8147851265837,10426.0,37154.71,53.098083515125495,8.818324434433361,53.091995689821516,8.813267396261002,1.37,300.273,5.00455,16.425053201586557,bicycle,0.7564782357487244,1.811023682187026
1kmN3332E4241,53.094155786423414,8.8147851265837,10426.0,37154.71,53.098083515125495,8.818324434433361,53.091995689821516,8.813267396261002,1.831,180.329,3.0054833333333333,36.5531888936333,truck,0.7564782357487244,2.420426541667478
1kmN3332E4241,53.094155786423414,8.8147851265837,10426.0,37154.71,53.098083515125495,8.818324434433361,53.091995689821516,8.818324434433361,1.955,193.885,3.2314166666666666,36.299868478737395,auto,0.6769352881006407,2.8880160842041196
1kmN3332E4241,53.094155786423414,8.8147851265837,10426.0,37154.71,53.098083515125495,8.818324434433361,53.091995689821516,8.818324434433361,1.039,270.553,4.509216666666666,13.82501764903734,bicycle,0.6769352881006407,1.534858675952982
1kmN3332E4241,53.094155786423414,8.8147851265837,10426.0,37154.71,53.098083515125495,8.818324434433361,53.091995689821516,8.818324434433361,2.425,330.463,5.507716666666667,26.41748092827336,truck,0.6769352881006407,3.5823217412762096
1kmN3332E4241,53.094155786423414,8.8147851265837,10426.0,37154.71,53.098083515125495,8.818324434433361,53.095039602473506,8.808210358088646,0.991,114.103,1.9017166666666665,31.266487296565387,auto,0.7553805865971953,1.3119214573202265
1kmN3332E4241,53.094155786423414,8.8147851265837,10426.0,37154.71,53.098083515125495,8.818324434433361,53.095039602473506,8.808210358088646,1.167,270.684,4.5114,15.520680941614575,bicycle,0.7553805865971953,1.5449165900027289
1kmN3332E4241,53.094155786423414,8.8147851265837,10426.0,37154.71,53.098083515125495,8.818324434433361,53.095039602473506,8.808210358088646,0.991,114.103,1.9017166666666665,31.266487296565387,truck,0.7553805865971953,1.3119214573202265
1kmN3332E4241,53.094155786423414,8.8147851265837,10426.0,37154.71,53.098083515125495,8.818324434433361,53.095039602473506,8.813267396261002,0.934,107.322,1.7887,31.330016212892048,auto,0.478090177001958,1.9536063381535966
1kmN3332E4241,53.094155786423414,8.8147851265837,10426.0,37154.71,53.098083515125495,8.818324434433361,53.095039602473506,8.813267396261002,0.935,208.889,3.4814833333333337,16.113821216052543,bicycle,0.478090177001958,1.9556979937618981
1kmN3332E4241,53.094155786423414,8.8147851265837,10426.0,37154.71,53.098083515125495,8.818324434433361,53.095039602473506,8.813267396261002,0.934,107.322,1.7887,31.330016212892048,truck,0.478090177001958,1.9536063381535966
1kmN3332E4241,53.094155786423414,8.8147851265837,10426.0,37154.71,53.098083515125495,8.818324434433361,53.095039602473506,8.818324434433361,1.166,158.134,2.6355666666666666,26.544576118987692,auto,0.33846764405032037,3.444937855940668
1kmN3332E4241,53.094155786423414,8.8147851265837,10426.0,37154.71,53.098083515125495,8.818324434433361,53.095039602473506,8.818324434433361,0.572,143.434,2.3905666666666665,14.356428740744871,bicycle,0.33846764405032037,1.6899695142350448
1kmN3332E4241,53.094155786423414,8.8147851265837,10426.0,37154.71,53.098083515125495,8.818324434433361,53.095039602473506,8.818324434433361,1.412,180.004,3.0000666666666667,28.239372458389813,truck,0.33846764405032037,4.171742926748047
1kmN3332E4241,53.094155786423414,8.8147851265837,10426.0,37154.71,53.098083515125495,8.818324434433361,53.098083515125495,8.808210358088646,0.887,100.911,1.68185,31.643725659244282,auto,0.6752830674951638,1.3135232359522364
1kmN3332E4241,53.094155786423414,8.8147851265837,10426.0,37154.71,53.098083515125495,8.818324434433361,53.098083515125495,8.808210358088646,0.956,221.539,3.6923166666666662,15.53496224141122,bicycle,0.6752830674951638,1.4157026083092874
1kmN3332E4241,53.094155786423414,8.8147851265837,10426.0,37154.71,53.098083515125495,8.818324434433361,53.098083515125495,8.808210358088646,0.887,100.911,1.68185,31.643725659244282,truck,0.6752830674951638,1.3135232359522364
1kmN3332E4241,53.094155786423414,8.8147851265837,10426.0,37154.71,53.098083515125495,8.818324434433361,53.098083515125495,8.813267396261002,0.445,55.779,0.9296500000000001,28.720486204485557,auto,0.3376415339579345,1.3179658165379644
1kmN3332E4241,53.094155786423414,8.8147851265837,10426.0,37154.71,53.098083515125495,8.818324434433361,53.098083515125495,8.813267396261002,0.445,102.989,1.7164833333333334,15.555059278175339,bicycle,0.3376415339579345,1.3179658165379644
1kmN3332E4241,53.094155786423414,8.8147851265837,10426.0,37154.71,53.098083515125495,8.818324434433361,53.098083515125495,8.813267396261002,0.445,55.779,0.9296500000000001,28.720486204485557,truck,0.3376415339579345,1.3179658165379644
1kmN3329E4239,53.0669042683857,8.785691478935195,9969.0,36437.78,53.064742630278616,8.779118297202569,53.064742630278616,8.784174115532572,0.616,142.03,2.367166666666667,15.613602759980285,bicycle,0.3378216326209532,1.8234474661105315
1kmN3329E4239,53.0669042683857,8.785691478935195,9969.0,36437.78,53.064742630278616,8.779118297202569,53.064742630278616,8.789229933862574,3.37,258.335,4.305583333333333,46.962277662724766,auto,0.6756432648217596,4.987839256991682
1kmN3329E4239,53.0669042683857,8.785691478935195,9969.0,36437.78,53.064742630278616,8.779118297202569,53.064742630278616,8.789229933862574,1.017,236.19,3.9365,15.501079639273463,bicycle,0.6756432648217596,1.5052322030743444
1kmN3329E4239,53.0669042683857,8.785691478935195,9969.0,36437.78,53.064742630278616,8.779118297202569,53.064742630278616,8.789229933862574,3.37,258.335,4.305583333333333,46.962277662724766,truck,0.6756432648217596,4.987839256991682
1kmN3329E4239,53.0669042683857,8.785691478935195,9969.0,36437.78,53.064742630278616,8.779118297202569,53.06778772088488,8.779118297202569,0.624,172.076,2.8679333333333332,13.054696761895908,bicycle,0.33859862658908946,1.842889932206556
1kmN3329E4239,53.0669042683857,8.785691478935195,9969.0,36437.78,53.064742630278616,8.779118297202569,53.06778772088488,8.784174115532572,0.479,114.739,1.9123166666666667,15.028891658459633,bicycle,0.4782932337036902,1.0014776840785242
1kmN3329E4239,53.0669042683857,8.785691478935195,9969.0,36437.78,53.064742630278616,8.779118297202569,53.06778772088488,8.789229933862574,3.323,276.556,4.609266666666667,43.256338680050334,auto,0.7557185847093858,4.397139447454334
1kmN3329E4239,53.0669042683857,8.785691478935195,9969.0,36437.78,53.064742630278616,8.779118297202569,53.06778772088488,8.789229933862574,0.968,219.96,3.666,15.842880523731587,bicycle,0.7557185847093858,1.2809000858067394
1kmN3329E4239,53.0669042683857,8.785691478935195,9969.0,36437.78,53.064742630278616,8.779118297202569,53.06778772088488,8.789229933862574,3.316,259.172,4.319533333333334,46.06053123022548,truck,0.7557185847093858,4.387876740222261
1kmN3329E4239,53.0669042683857,8.785691478935195,9969.0,36437.78,53.064742630278616,8.779118297202569,53.070832811491144,8.779118297202569,0.987,252.596,4.209933333333334,14.066731064624935,bicycle,0.6771972531788863,1.4574778550368352
1kmN3329E4239,53.0669042683857,8.785691478935195,9969.0,36437.78,53.064742630278616,8.779118297202569,53.070832811491144,8.784174115532572,3.102,265.653,4.42755,42.03679235694683,auto,0.756771721848056,4.0989903698103785
1kmN3329E4239,53.0669042683857,8.785691478935195,9969.0,36437.78,53.064742630278616,8.779118297202569,53.070832811491144,8.784174115532572,0.953,234.23,3.903833333333333,14.647141698330701,bicycle,0.756771721848056,1.259296525605832
1kmN3329E4239,53.0669042683857,8.785691478935195,9969.0,36437.78,53.064742630278616,8.779118297202569,53.070832811491144,8.784174115532572,2.242,197.338,3.2889666666666666,40.900384112537886,truck,0.756771721848056,2.96258427115244
1kmN3329E4239,53.0669042683857,8.785691478935195,9969.0,36437.78,53.064742630278616,8.779118297202569,53.070832811491144,8.789229933862574,3.123,217.996,3.6332666666666666,51.57342336556634,auto,0.9565695982251873,3.2647911932329787
1kmN3329E4239,53.0669042683857,8.785691478935195,9969.0,36437.78,53.064742630278616,8.779118297202569,53.070832811491144,8.789229933862574,0.961,218.944,3.6490666666666667,15.80130078924291,bicycle,0.9565695982251873,1.0046315519362448
1kmN3329E4239,53.0669042683857,8.785691478935195,9969.0,36437.78,53.064742630278616,8.779118297202569,53.070832811491144,8.789229933862574,3.123,217.996,3.6332666666666666,51.57342336556634,truck,0.9565695982251873,3.2647911932329787
1kmN3329E4239,53.0669042683857,8.785691478935195,9969.0,36437.78,53.064742630278616,8.784174115532572,53.064742630278616,8.779118297202569,0.678,162.319,2.7053166666666666,15.03705666003364,bicycle,0.3378216326209532,2.0069762695177604
1kmN3329E4239,53.0669042683857,8.785691478935195,9969.0,36437.78,53.064742630278616,8.784174115532572,53.064742630278616,8.789229933862574,0.796,110.12,1.8353333333333335,26.02252088630585,auto,0.3378216326209532,2.356273024389583
1kmN3329E4239,53.0669042683857,8.785691478935195,9969.0,36437.78,53.064742630278616,8.784174115532572,53.064742630278616,8.789229933862574,0.789,200.86,3.347666666666667,14.141192870656178,bicycle,0.3378216326209532,2.3355520304565087
1kmN3329E4239,53.0669042683857,8.785691478935195,9969.0,36437.78,53.064742630278616,8.784174115532572,53.064742630278616,8.789229933862574,0.796,110.12,1.8353333333333335,26.02252088630585,truck,0.3378216326209532,2.356273024389583
1kmN3329E4239,53.0669042683857,8.785691478935195,9969.0,36437.78,53.064742630278616,8.784174115532572,53.06778772088488,8.779118297202569,0.604,157.596,2.6266000000000003,13.797304500114215,bicycle,0.4782932337036902,1.2628236350384732
1kmN3329E4239,53.0669042683857,8.785691478935195,9969.0,36437.78,53.064742630278616,8.784174115532572,53.06778772088488,8.784174115532572,1.262,133.235,2.2205833333333334,34.09914812173978,auto,0.33859862658908946,3.727126753917746
1kmN3329E4239,53.0669042683857,8.785691478935195,9969.0,36437.78,53.064742630278616,8.784174115532572,53.06778772088488,8.784174115532572,0.487,121.558,2.0259666666666667,14.422744698004243,bicycle,0.33859862658908946,1.4382810849112062
1kmN3329E4239,53.0669042683857,8.785691478935195,9969.0,36437.78,53.064742630278616,8.784174115532572,53.06778772088488,8.784174115532572,1.262,133.235,2.2205833333333334,34.09914812173978,truck,0.33859862658908946,3.727126753917746
1kmN3329E4239,53.0669042683857,8.785691478935195,9969.0,36437.78,53.064742630278616,8.784174115532572,53.06778772088488,8.789229933862574,1.429,191.242,3.1873666666666667,26.899948756026397,auto,0.4782932337036902,2.987706911374136
1kmN3329E4239,53.0669042683857,8.785691478935195,9969.0,36437.78,53.064742630278616,8.784174115532572,53.06778772088488,8.789229933862574,0.975,226.779,3.7796499999999997,15.477623589485798,bicycle,0.4782932337036902,2.0384984174876015
1kmN3329E4239,53.0669042683857,8.785691478935195,9969.0,36437.78,53.064742630278616,8.784174115532572,53.06778772088488,8.789229933862574,1.836,211.487,3.524783333333333,31.25298481703367,truck,0.4782932337036902,3.8386493276997298
1kmN3329E4239,53.0669042683857,8.785691478935195,9969.0,36437.78,53.064742630278616,8.784174115532572,53.070832811491144,8.779118297202569,1.765,175.64,2.927333333333333,36.17626964245047,auto,0.756771721848056,2.332275307129374
1kmN3329E4239,53.0669042683857,8.785691478935195,9969.0,36437.78,53.064742630278616,8.784174115532572,53.070832811491144,8.779118297202569,0.995,259.415,4.323583333333334,13.807991056800876,bicycle,0.756771721848056,1.314795428098429
1kmN3329E4239,53.0669042683857,8.785691478935195,9969.0,36437.78,53.064742630278616,8.784174115532572,53.070832811491144,8.779118297202569,1.765,175.64,2.927333333333333,36.17626964245047,truck,0.756771721848056,2.332275307129374
1kmN3329E4239,53.0669042683857,8.785691478935195,9969.0,36437.78,53.064742630278616,8.784174115532572,53.070832811491144,8.784174115532572,1.719,212.718,3.5452999999999997,29.092037345217612,auto,0.6771972531788863,2.538403680656859
1kmN3329E4239,53.0669042683857,8.785691478935195,9969.0,36437.78,53.064742630278616,8.784174115532572,53.070832811491144,8.784174115532572,0.961,241.049,4.017483333333334,14.352268625881043,bicycle,0.6771972531788863,1.4190843147825722
1kmN3329E4239,53.0669042683857,8.785691478935195,9969.0,36437.78,53.064742630278616,8.784174115532572,53.070832811491144,8.784174115532572,1.719,212.718,3.5452999999999997,29.092037345217612,truck,0.6771972531788863,2.538403680656859
1kmN3329E4239,53.0669042683857,8.785691478935195,9969.0,36437.78,53.064742630278616,8.784174115532572,53.070832811491144,8.789229933862574,1.741,171.873,2.86455,36.46646070063361,auto,0.756771721848056,2.300561648562176
1kmN3329E4239,53.0669042683857,8.785691478935195,9969.0,36437.78,53.064742630278616,8.784174115532572,53.070832811491144,8.789229933862574,0.968,225.763,3.762716666666667,15.435655975514145,bicycle,0.756771721848056,1.279117562210331
1kmN3329E4239,53.0669042683857,8.785691478935195,9969.0,36437.78,53.064742630278616,8.784174115532572,53.070832811491144,8.789229933862574,1.741,171.873,2.86455,36.46646070063361,truck,0.756771721848056,2.300561648562176
1kmN3329E4239,53.0669042683857,8.785691478935195,9969.0,36437.78,53.064742630278616,8.789229933862574,53.064742630278616,8.779118297202569,2.565,181.15,3.0191666666666666,50.974330665194586,auto,0.6756432648217596,3.7963821050990103
1kmN3329E4239,53.0669042683857,8.785691478935195,9969.0,36437.78,53.064742630278616,8.789229933862574,53.064742630278616,8.779118297202569,1.1,274.329,4.57215,14.435221941537351,bicycle,0.6756432648217596,1.6280780957539618
1kmN3329E4239,53.0669042683857,8.785691478935195,9969.0,36437.78,53.064742630278616,8.789229933862574,53.064742630278616,8.779118297202569,2.565,181.15,3.0191666666666666,50.974330665194586,truck,0.6756432648217596,3.7963821050990103
1kmN3329E4239,53.0669042683857,8.785691478935195,9969.0,36437.78,53.064742630278616,8.789229933862574,53.064742630278616,8.784174115532572,1.466,165.029,2.7504833333333334,31.9798338473844,auto,0.3378216326209532,4.339568157983829
1kmN3329E4239,53.0669042683857,8.785691478935195,9969.0,36437.78,53.064742630278616,8.789229933862574,53.064742630278616,8.784174115532572,0.76,182.91,3.0484999999999998,14.958176152206004,bicycle,0.3378216326209532,2.2497079127337725
1kmN3329E4239,53.0669042683857,8.785691478935195,9969.0,36437.78,53.064742630278616,8.789229933862574,53.064742630278616,8.784174115532572,1.466,165.029,2.7504833333333334,31.9798338473844,truck,0.3378216326209532,4.339568157983829
1kmN3329E4239,53.0669042683857,8.785691478935195,9969.0,36437.78,53.064742630278616,8.789229933862574,53.06778772088488,8.779118297202569,2.841,225.496,3.7582666666666666,45.35601518430482,auto,0.7557185847093858,3.759335892331557
1kmN3329E4239,53.0669042683857,8.785691478935195,9969.0,36437.78,53.064742630278616,8.789229933862574,53.06778772088488,8.779118297202569,0.969,244.556,4.075933333333333,14.264217602512307,bicycle,0.7557185847093858,1.2822233296970358
1kmN3329E4239,53.0669042683857,8.785691478935195,9969.0,36437.78,53.064742630278616,8.789229933862574,53.06778772088488,8.779118297202569,2.841,225.496,3.7582666666666666,45.35601518430482,truck,0.7557185847093858,3.759335892331557
1kmN3329E4239,53.0669042683857,8.785691478935195,9969.0,36437.78,53.064742630278616,8.789229933862574,53.06778772088488,8.784174115532572,1.252,123.502,2.0583666666666667,36.49495554727859,auto,0.4782932337036902,2.617641044814848
1kmN3329E4239,53.0669042683857,8.785691478935195,9969.0,36437.78,53.064742630278616,8.789229933862574,53.06778772088488,8.784174115532572,0.816,179.718,2.9953,16.34560811938704,bicycle,0.4782932337036902,1.7060663678665464
1kmN3329E4239,53.0669042683857,8.785691478935195,9969.0,36437.78,53.064742630278616,8.789229933862574,53.06778772088488,8.784174115532572,1.252,123.502,2.0583666666666667,36.49495554727859,truck,0.4782932337036902,2.617641044814848
1kmN3329E4239,53.0669042683857,8.785691478935195,9969.0,36437.78,53.064742630278616,8.789229933862574,53.06778772088488,8.789229933862574,0.684,96.287,1.6047833333333335,25.573545753840083,auto,0.33859862658908946,2.0200908872264174
1kmN3329E4239,53.0669042683857,8.785691478935195,9969.0,36437.78,53.064742630278616,8.789229933862574,53.06778772088488,8.789229933862574,0.499,109.269,1.82115,16.440161436454986,bicycle,0.33859862658908946,1.4737212759151785
1kmN3329E4239,53.0669042683857,8.785691478935195,9969.0,36437.78,53.064742630278616,8.789229933862574,53.06778772088488,8.789229933862574,0.687,96.173,1.6028833333333334,25.71615734145758,truck,0.33859862658908946,2.02895093497741
1kmN3329E4239,53.0669042683857,8.785691478935195,9969.0,36437.78,53.064742630278616,8.789229933862574,53.070832811491144,8.779118297202569,1.755,165.907,2.7651166666666667,38.081575822599405,auto,0.9565695982251873,1.8346809299147862
1kmN3329E4239,53.0669042683857,8.785691478935195,9969.0,36437.78,53.064742630278616,8.789229933862574,53.070832811491144,8.779118297202569,1.333,325.075,5.417916666666667,14.762131815734831,bicycle,0.9565695982251873,1.3935211849438234
1kmN3329E4239,53.0669042683857,8.785691478935195,9969.0,36437.78,53.064742630278616,8.789229933862574,53.070832811491144,8.779118297202569,1.755,165.907,2.7651166666666667,38.081575822599405,truck,0.9565695982251873,1.8346809299147862
1kmN3329E4239,53.0669042683857,8.785691478935195,9969.0,36437.78,53.064742630278616,8.789229933862574,53.070832811491144,8.784174115532572,0.994,139.679,2.3279833333333335,25.618740111255093,auto,0.756771721848056,1.313474025658129
1kmN3329E4239,53.0669042683857,8.785691478935195,9969.0,36437.78,53.064742630278616,8.789229933862574,53.070832811491144,8.784174115532572,0.994,234.539,3.908983333333333,15.257164053739464,bicycle,0.756771721848056,1.313474025658129
1kmN3329E4239,53.0669042683857,8.785691478935195,9969.0,36437.78,53.064742630278616,8.789229933862574,53.070832811491144,8.784174115532572,1.159,173.864,2.8977333333333335,23.998067455022316,truck,0.756771721848056,1.5315054283076173
1kmN3329E4239,53.0669042683857,8.785691478935195,9969.0,36437.78,53.064742630278616,8.789229933862574,53.070832811491144,8.789229933862574,1.007,116.16,1.936,31.20867768595041,auto,0.6771972531788863,1.4870113475401145
1kmN3329E4239,53.0669042683857,8.785691478935195,9969.0,36437.78,53.064742630278616,8.789229933862574,53.070832811491144,8.789229933862574,1.002,219.653,3.660883333333333,16.422266028690707,bicycle,0.6771972531788863,1.4796279744142948
1kmN3329E4239,53.0669042683857,8.785691478935195,9969.0,36437.78,53.064742630278616,8.789229933862574,53.070832811491144,8.789229933862574,1.731,162.14,2.7023333333333333,38.43345257185149,truck,0.6771972531788863,2.556123776158827
1kmN3329E4239,53.0669042683857,8.785691478935195,9969.0,36437.78,53.06778772088488,8.779118297202569,53.064742630278616,8.779118297202569,0.611,151.515,2.5252499999999998,14.51737451737452,bicycle,0.33859862658908946,1.8044963919522525
1kmN3329E4239,53.0669042683857,8.785691478935195,9969.0,36437.78,53.06778772088488,8.779118297202569,53.064742630278616,8.784174115532572,0.58,161.296,2.6882666666666664,12.94514433091955,bicycle,0.4782932337036902,1.212645212454163
1kmN3329E4239,53.0669042683857,8.785691478935195,9969.0,36437.78,53.06778772088488,8.779118297202569,53.064742630278616,8.789229933862574,3.327,228.814,3.8135666666666665,52.34469918798675,auto,0.7557185847093858,4.402432423015519
1kmN3329E4239,53.0669042683857,8.785691478935195,9969.0,36437.78,53.06778772088488,8.779118297202569,53.064742630278616,8.789229933862574,0.972,247.956,4.1326,14.112181193437545,bicycle,0.7557185847093858,1.2861930613679244
1kmN3329E4239,53.0669042683857,8.785691478935195,9969.0,36437.78,53.06778772088488,8.779118297202569,53.064742630278616,8.789229933862574,3.327,228.814,3.8135666666666665,52.34469918798675,truck,0.7557185847093858,4.402432423015519
1kmN3329E4239,53.0669042683857,8.785691478935195,9969.0,36437.78,53.06778772088488,8.779118297202569,53.06778772088488,8.784174115532572,0.435,126.504,2.1084,12.379055207740466,bicycle,0.3377977500719584,1.2877528044734916
1kmN3329E4239,53.0669042683857,8.785691478935195,9969.0,36437.78,53.06778772088488,8.779118297202569,53.06778772088488,8.789229933862574,0.923,231.725,3.862083333333333,14.339410939691446,bicycle,0.675595499723766,1.3662021141013987
1kmN3329E4239,53.0669042683857,8.785691478935195,9969.0,36437.78,53.06778772088488,8.779118297202569,53.070832811491144,8.779118297202569,0.559,137.561,2.2926833333333336,14.629146342349939,bicycle,0.3385986265897968,1.650922230931591
1kmN3329E4239,53.0669042683857,8.785691478935195,9969.0,36437.78,53.06778772088488,8.779118297202569,53.070832811491144,8.784174115532572,0.908,245.996,4.099933333333333,13.288020943429974,bicycle,0.47827636586210814,1.8984839411065222
1kmN3329E4239,53.0669042683857,8.785691478935195,9969.0,36437.78,53.06778772088488,8.779118297202569,53.070832811491144,8.789229933862574,0.916,230.709,3.84515,14.293330559275972,bicycle,0.7556758817217102,1.2121598983852866
1kmN3329E4239,53.0669042683857,8.785691478935195,9969.0,36437.78,53.06778772088488,8.784174115532572,53.064742630278616,8.779118297202569,0.784,195.66,3.261,14.425022999080037,bicycle,0.4782932337036902,1.6391618044207996
1kmN3329E4239,53.0669042683857,8.785691478935195,9969.0,36437.78,53.06778772088488,8.784174115532572,53.064742630278616,8.784174115532572,1.301,158.072,2.634533333333333,29.629535907687636,auto,0.33859862658908946,3.8423073746806558
1kmN3329E4239,53.0669042683857,8.785691478935195,9969.0,36437.78,53.06778772088488,8.784174115532572,53.064742630278616,8.784174115532572,0.745,198.141,3.3023499999999997,13.53581540418187,bicycle,0.33859862658908946,2.200245191496609
1kmN3329E4239,53.0669042683857,8.785691478935195,9969.0,36437.78,53.06778772088488,8.784174115532572,53.064742630278616,8.784174115532572,1.301,158.072,2.634533333333333,29.629535907687636,truck,0.33859862658908946,3.8423073746806558
1kmN3329E4239,53.0669042683857,8.785691478935195,9969.0,36437.78,53.06778772088488,8.784174115532572,53.064742630278616,8.789229933862574,1.285,158.776,2.646266666666667,29.13538570060966,auto,0.4782932337036902,2.6866363758682748
1kmN3329E4239,53.0669042683857,8.785691478935195,9969.0,36437.78,53.06778772088488,8.784174115532572,53.064742630278616,8.789229933862574,0.75,165.581,2.7596833333333333,16.306218708668265,bicycle,0.4782932337036902,1.5680757057596935
1kmN3329E4239,53.0669042683857,8.785691478935195,9969.0,36437.78,53.06778772088488,8.784174115532572,53.064742630278616,8.789229933862574,1.702,192.519,3.20865,31.82646907577953,truck,0.4782932337036902,3.5584864682706643
1kmN3329E4239,53.0669042683857,8.785691478935195,9969.0,36437.78,53.06778772088488,8.784174115532572,53.06778772088488,8.779118297202569,0.646,158.787,2.64645,14.646035254775265,bicycle,0.3377977500719584,1.9123869234250013
1kmN3329E4239,53.0669042683857,8.785691478935195,9969.0,36437.78,53.06778772088488,8.784174115532572,53.06778772088488,8.789229933862574,0.678,97.197,1.61995,25.111886169326215,auto,0.3377977500719584,2.007118164213856
1kmN3329E4239,53.0669042683857,8.785691478935195,9969.0,36437.78,53.06778772088488,8.784174115532572,53.06778772088488,8.789229933862574,0.488,105.221,1.7536833333333335,16.696286862888588,bicycle,0.3377977500719584,1.444651422030032
1kmN3329E4239,53.0669042683857,8.785691478935195,9969.0,36437.78,53.06778772088488,8.784174115532572,53.06778772088488,8.789229933862574,0.671,79.814,1.3302333333333332,30.265366978224375,truck,0.3377977500719584,1.986395705291294
1kmN3329E4239,53.0669042683857,8.785691478935195,9969.0,36437.78,53.06778772088488,8.784174115532572,53.070832811491144,8.779118297202569,1.589,166.639,2.7773166666666667,34.32809846434508,auto,0.47827636586210814,3.322346896936414
1kmN3329E4239,53.0669042683857,8.785691478935195,9969.0,36437.78,53.06778772088488,8.784174115532572,53.070832811491144,8.779118297202569,1.009,239.307,3.98845,15.17882886835738,bicycle,0.47827636586210814,2.10965891693445
1kmN3329E4239,53.0669042683857,8.785691478935195,9969.0,36437.78,53.06778772088488,8.784174115532572,53.070832811491144,8.779118297202569,1.589,166.639,2.7773166666666667,34.32809846434508,truck,0.47827636586210814,3.322346896936414
1kmN3329E4239,53.0669042683857,8.785691478935195,9969.0,36437.78,53.06778772088488,8.784174115532572,53.070832811491144,8.784174115532572,0.77,122.306,2.0384333333333333,22.664464539760928,auto,0.3385986265897968,2.2740789227501343
1kmN3329E4239,53.0669042683857,8.785691478935195,9969.0,36437.78,53.06778772088488,8.784174115532572,53.070832811491144,8.784174115532572,0.473,119.491,1.9915166666666666,14.250445640257423,bicycle,0.3385986265897968,1.3969341954036538
1kmN3329E4239,53.0669042683857,8.785691478935195,9969.0,36437.78,53.06778772088488,8.784174115532572,53.070832811491144,8.784174115532572,0.77,122.306,2.0384333333333333,22.664464539760928,truck,0.3385986265897968,2.2740789227501343
1kmN3329E4239,53.0669042683857,8.785691478935195,9969.0,36437.78,53.06778772088488,8.784174115532572,53.070832811491144,8.789229933862574,0.479,38.637,0.64395,44.6307943163289,auto,0.47827636586210814,1.0015130041740354
1kmN3329E4239,53.0669042683857,8.785691478935195,9969.0,36437.78,53.06778772088488,8.784174115532572,53.070832811491144,8.789229933862574,0.481,104.205,1.73675,16.617244853893766,bicycle,0.47827636586210814,1.0056946868636973
1kmN3329E4239,53.0669042683857,8.785691478935195,9969.0,36437.78,53.06778772088488,8.784174115532572,53.070832811491144,8.789229933862574,0.479,38.637,0.64395,44.6307943163289,truck,0.47827636586210814,1.0015130041740354
1kmN3329E4239,53.0669042683857,8.785691478935195,9969.0,36437.78,53.06778772088488,8.789229933862574,53.064742630278616,8.779118297202569,2.807,207.925,3.465416666666667,48.60021642419141,auto,0.7557185847093858,3.714345600061485
1kmN3329E4239,53.0669042683857,8.785691478935195,9969.0,36437.78,53.06778772088488,8.789229933862574,53.064742630278616,8.779118297202569,1.055,254.249,4.2374833333333335,14.938111850980729,bicycle,0.7557185847093858,1.3960223042625104
1kmN3329E4239,53.0669042683857,8.785691478935195,9969.0,36437.78,53.06778772088488,8.789229933862574,53.064742630278616,8.779118297202569,3.23,258.842,4.314033333333333,44.9231577564692,truck,0.7557185847093858,4.274077765656786
1kmN3329E4239,53.0669042683857,8.785691478935195,9969.0,36437.78,53.06778772088488,8.789229933862574,53.064742630278616,8.784174115532572,1.011,128.289,2.13815,28.370320136566658,auto,0.4782932337036902,2.1137660513640664
1kmN3329E4239,53.0669042683857,8.785691478935195,9969.0,36437.78,53.06778772088488,8.789229933862574,53.064742630278616,8.784174115532572,1.016,256.729,4.278816666666667,14.246929641762327,bicycle,0.4782932337036902,2.1242198894024646
1kmN3329E4239,53.0669042683857,8.785691478935195,9969.0,36437.78,53.06778772088488,8.789229933862574,53.064742630278616,8.784174115532572,1.011,128.289,2.13815,28.370320136566658,truck,0.4782932337036902,2.1137660513640664
1kmN3329E4239,53.0669042683857,8.785691478935195,9969.0,36437.78,53.06778772088488,8.789229933862574,53.064742630278616,8.789229933862574,1.027,127.162,2.1193666666666666,29.07472358094399,auto,0.33859862658908946,3.0330896800899563
1kmN3329E4239,53.0669042683857,8.785691478935195,9969.0,36437.78,53.06778772088488,8.789229933862574,53.064742630278616,8.789229933862574,0.499,109.269,1.82115,16.440161436454986,bicycle,0.33859862658908946,1.4737212759151785
1kmN3329E4239,53.0669042683857,8.785691478935195,9969.0,36437.78,53.06778772088488,8.789229933862574,53.064742630278616,8.789229933862574,1.45,178.079,2.9679833333333336,29.312833068469608,truck,0.33859862658908946,4.282356412979977
1kmN3329E4239,53.0669042683857,8.785691478935195,9969.0,36437.78,53.06778772088488,8.789229933862574,53.06778772088488,8.779118297202569,2.386,188.755,3.1459166666666665,45.50660909644778,auto,0.675595499723766,3.531699072855837
1kmN3329E4239,53.0669042683857,8.785691478935195,9969.0,36437.78,53.06778772088488,8.789229933862574,53.06778772088488,8.779118297202569,0.917,217.375,3.622916666666667,15.186658999424957,bicycle,0.675595499723766,1.3573210602719206
1kmN3329E4239,53.0669042683857,8.785691478935195,9969.0,36437.78,53.06778772088488,8.789229933862574,53.06778772088488,8.779118297202569,2.386,188.755,3.1459166666666665,45.50660909644778,truck,0.675595499723766,3.531699072855837
1kmN3329E4239,53.0669042683857,8.785691478935195,9969.0,36437.78,53.06778772088488,8.789229933862574,53.06778772088488,8.784174115532572,0.846,91.522,1.5253666666666668,33.2772448154542,auto,0.3377977500719584,2.504457178355342
1kmN3329E4239,53.0669042683857,8.785691478935195,9969.0,36437.78,53.06778772088488,8.789229933862574,53.06778772088488,8.784174115532572,0.959,206.338,3.4389666666666665,16.731770202289447,bicycle,0.3377977500719584,2.8389768723909845
1kmN3329E4239,53.0669042683857,8.785691478935195,9969.0,36437.78,53.06778772088488,8.789229933862574,53.06778772088488,8.784174115532572,0.846,91.522,1.5253666666666668,33.2772448154542,truck,0.3377977500719584,2.504457178355342
1kmN3329E4239,53.0669042683857,8.785691478935195,9969.0,36437.78,53.06778772088488,8.789229933862574,53.070832811491144,8.779118297202569,1.299,136.855,2.2809166666666667,34.17047239779329,auto,0.7556758817217102,1.7189909476009684
1kmN3329E4239,53.0669042683857,8.785691478935195,9969.0,36437.78,53.06778772088488,8.789229933862574,53.070832811491144,8.779118297202569,1.28,297.895,4.964916666666666,15.468537571963276,bicycle,0.7556758817217102,1.6938478929401384
1kmN3329E4239,53.0669042683857,8.785691478935195,9969.0,36437.78,53.06778772088488,8.789229933862574,53.070832811491144,8.779118297202569,1.299,136.855,2.2809166666666667,34.17047239779329,truck,0.7556758817217102,1.7189909476009684
1kmN3329E4239,53.0669042683857,8.785691478935195,9969.0,36437.78,53.06778772088488,8.789229933862574,53.070832811491144,8.784174115532572,0.732,111.119,1.8519833333333333,23.715116226747902,auto,0.47827636586210814,1.5304958644162712
1kmN3329E4239,53.0669042683857,8.785691478935195,9969.0,36437.78,53.06778772088488,8.789229933862574,53.070832811491144,8.784174115532572,0.643,154.52,2.5753333333333335,14.980585037535594,bicycle,0.47827636586210814,1.3444109847263148
1kmN3329E4239,53.0669042683857,8.785691478935195,9969.0,36437.78,53.06778772088488,8.789229933862574,53.070832811491144,8.784174115532572,0.893,143.072,2.384533333333333,22.469805412659362,truck,0.47827636586210814,1.8671213209340578
1kmN3329E4239,53.0669042683857,8.785691478935195,9969.0,36437.78,53.06778772088488,8.789229933862574,53.070832811491144,8.789229933862574,0.745,87.599,1.4599833333333334,30.616787862875146,auto,0.3385986265897968,2.200245191492013
1kmN3329E4239,53.0669042683857,8.785691478935195,9969.0,36437.78,53.06778772088488,8.789229933862574,53.070832811491144,8.789229933862574,0.498,111.833,1.8638833333333333,16.03104629223932,bicycle,0.3385986265897968,1.470767926661775
1kmN3329E4239,53.0669042683857,8.785691478935195,9969.0,36437.78,53.06778772088488,8.789229933862574,53.070832811491144,8.789229933862574,0.738,101.695,1.6949166666666666,26.125178229018143,truck,0.3385986265897968,2.179571746739739
1kmN3329E4239,53.0669042683857,8.785691478935195,9969.0,36437.78,53.070832811491144,8.779118297202569,53.064742630278616,8.779118297202569,3.277,218.696,3.6449333333333334,53.94337344990306,auto,0.6771972531788863,4.83906274666232
1kmN3329E4239,53.0669042683857,8.785691478935195,9969.0,36437.78,53.070832811491144,8.779118297202569,53.064742630278616,8.779118297202569,1.019,241.285,4.021416666666666,15.203597405557744,bicycle,0.6771972531788863,1.5047314430420822
1kmN3329E4239,53.0669042683857,8.785691478935195,9969.0,36437.78,53.070832811491144,8.779118297202569,53.064742630278616,8.779118297202569,3.277,218.696,3.6449333333333334,53.94337344990306,truck,0.6771972531788863,4.83906274666232
1kmN3329E4239,53.0669042683857,8.785691478935195,9969.0,36437.78,53.070832811491144,8.779118297202569,53.064742630278616,8.784174115532572,0.993,106.37,1.7728333333333335,33.607220080849864,auto,0.756771721848056,1.312152623217829
1kmN3329E4239,53.0669042683857,8.785691478935195,9969.0,36437.78,53.070832811491144,8.779118297202569,53.064742630278616,8.784174115532572,0.989,251.065,4.1844166666666665,14.181188138529864,bicycle,0.756771721848056,1.3068670134566294
1kmN3329E4239,53.0669042683857,8.785691478935195,9969.0,36437.78,53.070832811491144,8.779118297202569,53.064742630278616,8.784174115532572,0.993,106.37,1.7728333333333335,33.607220080849864,truck,0.756771721848056,1.312152623217829
1kmN3329E4239,53.0669042683857,8.785691478935195,9969.0,36437.78,53.070832811491144,8.779118297202569,53.064742630278616,8.789229933862574,1.553,141.105,2.35175,39.62155841394706,auto,0.9565695982251873,1.6235096775827138
1kmN3329E4239,53.0669042683857,8.785691478935195,9969.0,36437.78,53.070832811491144,8.779118297202569,53.064742630278616,8.789229933862574,1.381,337.725,5.62875,14.72085276482345,bicycle,0.9565695982251873,1.4437004924286723
1kmN3329E4239,53.0669042683857,8.785691478935195,9969.0,36437.78,53.070832811491144,8.779118297202569,53.064742630278616,8.789229933862574,1.553,141.105,2.35175,39.62155841394706,truck,0.9565695982251873,1.6235096775827138
1kmN3329E4239,53.0669042683857,8.785691478935195,9969.0,36437.78,53.070832811491144,8.779118297202569,53.06778772088488,8.779118297202569,0.547,133.211,2.2201833333333334,14.782563001553925,bicycle,0.3385986265897968,1.6154820399276928
1kmN3329E4239,53.0669042683857,8.785691478935195,9969.0,36437.78,53.070832811491144,8.779118297202569,53.06778772088488,8.784174115532572,0.827,69.604,1.1600666666666666,42.77340382736624,auto,0.47827636586210814,1.7291257921752134
1kmN3329E4239,53.0669042683857,8.785691478935195,9969.0,36437.78,53.070832811491144,8.779118297202569,53.06778772088488,8.784174115532572,0.843,216.274,3.6045666666666665,14.032199894578174,bicycle,0.47827636586210814,1.7625792536925091
1kmN3329E4239,53.0669042683857,8.785691478935195,9969.0,36437.78,53.070832811491144,8.779118297202569,53.06778772088488,8.784174115532572,0.827,69.604,1.1600666666666666,42.77340382736624,truck,0.47827636586210814,1.7291257921752134
1kmN3329E4239,53.0669042683857,8.785691478935195,9969.0,36437.78,53.070832811491144,8.779118297202569,53.06778772088488,8.789229933862574,1.506,166.802,2.7800333333333334,32.50320739559478,auto,0.7556758817217102,1.9929179115373816
1kmN3329E4239,53.0669042683857,8.785691478935195,9969.0,36437.78,53.070832811491144,8.779118297202569,53.06778772088488,8.789229933862574,1.331,321.495,5.35825,14.904119815238182,bicycle,0.7556758817217102,1.761337144924472
1kmN3329E4239,53.0669042683857,8.785691478935195,9969.0,36437.78,53.070832811491144,8.779118297202569,53.06778772088488,8.789229933862574,1.499,149.419,2.4903166666666667,36.11588887624733,truck,0.7556758817217102,1.9836546808728652
1kmN3329E4239,53.0669042683857,8.785691478935195,9969.0,36437.78,53.070832811491144,8.779118297202569,53.070832811491144,8.784174115532572,1.285,155.899,2.598316666666667,29.67305755649491,auto,0.33777386656882386,3.8043203669167576
1kmN3329E4239,53.0669042683857,8.785691478935195,9969.0,36437.78,53.070832811491144,8.779118297202569,53.070832811491144,8.784174115532572,1.317,335.765,5.5960833333333335,14.12059029380668,bicycle,0.33777386656882386,3.899058306015074
1kmN3329E4239,53.0669042683857,8.785691478935195,9969.0,36437.78,53.070832811491144,8.779118297202569,53.070832811491144,8.784174115532572,1.285,155.899,2.598316666666667,29.67305755649491,truck,0.33777386656882386,3.8043203669167576
1kmN3329E4239,53.0669042683857,8.785691478935195,9969.0,36437.78,53.070832811491144,8.779118297202569,53.070832811491144,8.789229933862574,1.306,108.242,1.8040333333333334,43.436004508416325,auto,0.675547732717493,1.93324607092739
1kmN3329E4239,53.0669042683857,8.785691478935195,9969.0,36437.78,53.070832811491144,8.779118297202569,53.070832811491144,8.789229933862574,1.324,320.479,5.341316666666667,14.872737371247414,bicycle,0.675547732717493,1.9598911163153634
1kmN3329E4239,53.0669042683857,8.785691478935195,9969.0,36437.78,53.070832811491144,8.779118297202569,53.070832811491144,8.789229933862574,1.306,108.242,1.8040333333333334,43.436004508416325,truck,0.675547732717493,1.93324607092739
1kmN3329E4239,53.0669042683857,8.785691478935195,9969.0,36437.78,53.070832811491144,8.784174115532572,53.064742630278616,8.779118297202569,3.234,243.099,4.0516499999999995,47.89159971863316,auto,0.756771721848056,4.27341549192997
1kmN3329E4239,53.0669042683857,8.785691478935195,9969.0,36437.78,53.070832811491144,8.784174115532572,53.064742630278616,8.779118297202569,1.073,255.719,4.261983333333333,15.105643303782667,bicycle,0.756771721848056,1.4178648184418234
1kmN3329E4239,53.0669042683857,8.785691478935195,9969.0,36437.78,53.070832811491144,8.784174115532572,53.064742630278616,8.779118297202569,3.234,243.099,4.0516499999999995,47.89159971863316,truck,0.756771721848056,4.27341549192997
1kmN3329E4239,53.0669042683857,8.785691478935195,9969.0,36437.78,53.070832811491144,8.784174115532572,53.064742630278616,8.784174115532572,0.951,130.773,2.17955,26.179715996421276,auto,0.6771972531788863,1.4043175685309324
1kmN3329E4239,53.0669042683857,8.785691478935195,9969.0,36437.78,53.070832811491144,8.784174115532572,53.064742630278616,8.784174115532572,1.043,265.5,4.425,14.142372881355932,bicycle,0.6771972531788863,1.5401716340460174
1kmN3329E4239,53.0669042683857,8.785691478935195,9969.0,36437.78,53.070832811491144,8.784174115532572,53.064742630278616,8.784174115532572,0.951,130.773,2.17955,26.179715996421276,truck,0.6771972531788863,1.4043175685309324
1kmN3329E4239,53.0669042683857,8.785691478935195,9969.0,36437.78,53.070832811491144,8.784174115532572,53.064742630278616,8.789229933862574,1.511,165.508,2.7584666666666666,32.86608502308045,auto,0.756771721848056,1.996639087293192
1kmN3329E4239,53.0669042683857,8.785691478935195,9969.0,36437.78,53.070832811491144,8.784174115532572,53.064742630278616,8.789229933862574,0.995,235.589,3.926483333333333,15.204445029267072,bicycle,0.756771721848056,1.314795428098429
1kmN3329E4239,53.0669042683857,8.785691478935195,9969.0,36437.78,53.070832811491144,8.784174115532572,53.064742630278616,8.789229933862574,1.511,165.508,2.7584666666666666,32.86608502308045,truck,0.756771721848056,1.996639087293192
1kmN3329E4239,53.0669042683857,8.785691478935195,9969.0,36437.78,53.070832811491144,8.784174115532572,53.06778772088488,8.779118297202569,2.325,198.593,3.309883333333333,42.14650063194574,auto,0.47827636586210814,4.861206126732009
1kmN3329E4239,53.0669042683857,8.785691478935195,9969.0,36437.78,53.070832811491144,8.784174115532572,53.06778772088488,8.779118297202569,0.601,147.646,2.4607666666666663,14.653969630061093,bicycle,0.47827636586210814,1.256595648243414
1kmN3329E4239,53.0669042683857,8.785691478935195,9969.0,36437.78,53.070832811491144,8.784174115532572,53.06778772088488,8.779118297202569,2.325,198.593,3.309883333333333,42.14650063194574,truck,0.47827636586210814,4.861206126732009
1kmN3329E4239,53.0669042683857,8.785691478935195,9969.0,36437.78,53.070832811491144,8.784174115532572,53.06778772088488,8.784174115532572,0.785,94.007,1.5667833333333334,30.061591158105248,auto,0.3385986265897968,2.318379161505007
1kmN3329E4239,53.0669042683857,8.785691478935195,9969.0,36437.78,53.070832811491144,8.784174115532572,53.06778772088488,8.784174115532572,0.897,230.708,3.8451333333333335,13.99691384780762,bicycle,0.3385986265897968,2.64915427754139
1kmN3329E4239,53.0669042683857,8.785691478935195,9969.0,36437.78,53.070832811491144,8.784174115532572,53.06778772088488,8.784174115532572,0.785,94.007,1.5667833333333334,30.061591158105248,truck,0.3385986265897968,2.318379161505007
1kmN3329E4239,53.0669042683857,8.785691478935195,9969.0,36437.78,53.070832811491144,8.784174115532572,53.06778772088488,8.789229933862574,0.628,96.722,1.6120333333333332,23.374206488699574,auto,0.47827636586210814,1.3130483645538502
1kmN3329E4239,53.0669042683857,8.785691478935195,9969.0,36437.78,53.070832811491144,8.784174115532572,53.06778772088488,8.789229933862574,0.733,175.229,2.9204833333333338,15.05915116790029,bicycle,0.47827636586210814,1.5325867057611022
1kmN3329E4239,53.0669042683857,8.785691478935195,9969.0,36437.78,53.070832811491144,8.784174115532572,53.06778772088488,8.789229933862574,0.628,96.722,1.6120333333333332,23.374206488699574,truck,0.47827636586210814,1.3130483645538502
1kmN3329E4239,53.0669042683857,8.785691478935195,9969.0,36437.78,53.070832811491144,8.784174115532572,53.070832811491144,8.779118297202569,0.904,117.493,1.9582166666666665,27.698671410211677,auto,0.33777386656882386,2.676346779527431
1kmN3329E4239,53.0669042683857,8.785691478935195,9969.0,36437.78,53.070832811491144,8.784174115532572,53.070832811491144,8.779118297202569,0.841,193.065,3.21775,15.6817652086085,bicycle,0.33777386656882386,2.489831461927621
1kmN3329E4239,53.0669042683857,8.785691478935195,9969.0,36437.78,53.070832811491144,8.784174115532572,53.070832811491144,8.779118297202569,0.904,117.493,1.9582166666666665,27.698671410211677,truck,0.33777386656882386,2.676346779527431
1kmN3329E4239,53.0669042683857,8.785691478935195,9969.0,36437.78,53.070832811491144,8.784174115532572,53.070832811491144,8.789229933862574,0.435,63.016,1.0502666666666667,24.850831534848293,auto,0.33777386656882386,1.287843859617735
1kmN3329E4239,53.0669042683857,8.785691478935195,9969.0,36437.78,53.070832811491144,8.784174115532572,53.070832811491144,8.789229933862574,0.442,108.613,1.8102166666666666,14.65017999686962,bicycle,0.33777386656882386,1.3085677837954919
1kmN3329E4239,53.0669042683857,8.785691478935195,9969.0,36437.78,53.070832811491144,8.784174115532572,53.070832811491144,8.789229933862574,0.435,63.016,1.0502666666666667,24.850831534848293,truck,0.33777386656882386,1.287843859617735
1kmN3329E4239,53.0669042683857,8.785691478935195,9969.0,36437.78,53.070832811491144,8.789229933862574,53.064742630278616,8.779118297202569,3.279,217.315,3.6219166666666665,54.31930607643283,auto,0.9565695982251873,3.4278739425587372
1kmN3329E4239,53.0669042683857,8.785691478935195,9969.0,36437.78,53.070832811491144,8.789229933862574,53.064742630278616,8.779118297202569,1.081,259.555,4.325916666666667,14.993354009747451,bicycle,0.9565695982251873,1.1300798206483669
1kmN3329E4239,53.0669042683857,8.785691478935195,9969.0,36437.78,53.070832811491144,8.789229933862574,53.064742630278616,8.779118297202569,3.279,217.315,3.6219166666666665,54.31930607643283,truck,0.9565695982251873,3.4278739425587372
1kmN3329E4239,53.0669042683857,8.785691478935195,9969.0,36437.78,53.070832811491144,8.789229933862574,53.064742630278616,8.784174115532572,0.995,104.989,1.7498166666666668,34.11785996628218,auto,0.756771721848056,1.314795428098429
1kmN3329E4239,53.0669042683857,8.785691478935195,9969.0,36437.78,53.070832811491144,8.789229933862574,53.064742630278616,8.784174115532572,1.043,262.036,4.367266666666667,14.329328794516782,bicycle,0.756771721848056,1.3782227452328255
1kmN3329E4239,53.0669042683857,8.785691478935195,9969.0,36437.78,53.070832811491144,8.789229933862574,53.064742630278616,8.784174115532572,0.995,104.989,1.7498166666666668,34.11785996628218,truck,0.756771721848056,1.314795428098429
1kmN3329E4239,53.0669042683857,8.785691478935195,9969.0,36437.78,53.070832811491144,8.789229933862574,53.064742630278616,8.789229933862574,1.555,139.723,2.3287166666666668,40.06498572174946,auto,0.6771972531788863,2.2962290421299683
1kmN3329E4239,53.0669042683857,8.785691478935195,9969.0,36437.78,53.070832811491144,8.789229933862574,53.064742630278616,8.789229933862574,1.064,242.576,4.042933333333333,15.790515137523911,bicycle,0.6771972531788863,1.571181801174461
1kmN3329E4239,53.0669042683857,8.785691478935195,9969.0,36437.78,53.070832811491144,8.789229933862574,53.064742630278616,8.789229933862574,1.555,139.723,2.3287166666666668,40.06498572174946,truck,0.6771972531788863,2.2962290421299683
1kmN3329E4239,53.0669042683857,8.785691478935195,9969.0,36437.78,53.070832811491144,8.789229933862574,53.06778772088488,8.779118297202569,2.37,165.455,2.7575833333333337,51.56689129974917,auto,0.7556758817217102,3.136265239271975
1kmN3329E4239,53.0669042683857,8.785691478935195,9969.0,36437.78,53.070832811491144,8.789229933862574,53.06778772088488,8.779118297202569,0.944,222.682,3.7113666666666663,15.261224526454766,bicycle,0.7556758817217102,1.249212821043352
1kmN3329E4239,53.0669042683857,8.785691478935195,9969.0,36437.78,53.070832811491144,8.789229933862574,53.06778772088488,8.779118297202569,2.37,165.455,2.7575833333333337,51.56689129974917,truck,0.7556758817217102,3.136265239271975
1kmN3329E4239,53.0669042683857,8.785691478935195,9969.0,36437.78,53.070832811491144,8.789229933862574,53.06778772088488,8.784174115532572,0.83,68.222,1.1370333333333333,43.79818826771423,auto,0.47827636586210814,1.7353983162097064
1kmN3329E4239,53.0669042683857,8.785691478935195,9969.0,36437.78,53.070832811491144,8.789229933862574,53.06778772088488,8.784174115532572,0.897,227.244,3.7874,14.210276178909014,bicycle,0.47827636586210814,1.8754846863133816
1kmN3329E4239,53.0669042683857,8.785691478935195,9969.0,36437.78,53.070832811491144,8.789229933862574,53.06778772088488,8.784174115532572,0.83,68.222,1.1370333333333333,43.79818826771423,truck,0.47827636586210814,1.7353983162097064
1kmN3329E4239,53.0669042683857,8.785691478935195,9969.0,36437.78,53.070832811491144,8.789229933862574,53.06778772088488,8.789229933862574,0.536,83.251,1.3875166666666667,23.17809996276321,auto,0.3385986265897968,1.5829951981741195
1kmN3329E4239,53.0669042683857,8.785691478935195,9969.0,36437.78,53.070832811491144,8.789229933862574,53.06778772088488,8.789229933862574,0.536,120.506,2.0084333333333335,16.01248070635487,bicycle,0.3385986265897968,1.5829951981741195
1kmN3329E4239,53.0669042683857,8.785691478935195,9969.0,36437.78,53.070832811491144,8.789229933862574,53.06778772088488,8.789229933862574,0.536,83.251,1.3875166666666667,23.17809996276321,truck,0.3385986265897968,1.5829951981741195
1kmN3329E4239,53.0669042683857,8.785691478935195,9969.0,36437.78,53.070832811491144,8.789229933862574,53.070832811491144,8.779118297202569,1.283,113.555,1.8925833333333335,40.67456298709875,auto,0.675547732717493,1.8991996240427573
1kmN3329E4239,53.0669042683857,8.785691478935195,9969.0,36437.78,53.070832811491144,8.789229933862574,53.070832811491144,8.779118297202569,1.307,303.201,5.05335,15.518418474873101,bicycle,0.675547732717493,1.9347263512267217
1kmN3329E4239,53.0669042683857,8.785691478935195,9969.0,36437.78,53.070832811491144,8.789229933862574,53.070832811491144,8.779118297202569,1.283,113.555,1.8925833333333335,40.67456298709875,truck,0.675547732717493,1.8991996240427573
1kmN3329E4239,53.0669042683857,8.785691478935195,9969.0,36437.78,53.070832811491144,8.789229933862574,53.070832811491144,8.784174115532572,0.464,76.694,1.2782333333333333,21.78006102172269,auto,0.33777386656882386,1.3737001169255842
1kmN3329E4239,53.0669042683857,8.785691478935195,9969.0,36437.78,53.070832811491144,8.789229933862574,53.070832811491144,8.784174115532572,0.465,122.136,2.0356,13.706032619375124,bicycle,0.33777386656882386,1.3766606775224066
1kmN3329E4239,53.0669042683857,8.785691478935195,9969.0,36437.78,53.070832811491144,8.789229933862574,53.070832811491144,8.784174115532572,0.464,76.694,1.2782333333333333,21.78006102172269,truck,0.33777386656882386,1.3737001169255842
1kmN3334E4238,53.111677095361486,8.769501083835149,9356.0,30114.56,53.109514594997094,8.762919621244587,53.109514594997094,8.767981808273161,0.477,99.769,1.6628166666666668,17.21175916366807,auto,0.33789549515729944,1.411679074851068
1kmN3334E4238,53.111677095361486,8.769501083835149,9356.0,30114.56,53.109514594997094,8.762919621244587,53.109514594997094,8.767981808273161,0.477,134.402,2.2400333333333333,12.776595586375203,bicycle,0.33789549515729944,1.411679074851068
1kmN3334E4238,53.111677095361486,8.769501083835149,9356.0,30114.56,53.109514594997094,8.762919621244587,53.109514594997094,8.767981808273161,0.474,105.518,1.7586333333333333,16.17164843912887,truck,0.33789549515729944,1.402800590103577
1kmN3334E4238,53.111677095361486,8.769501083835149,9356.0,30114.56,53.109514594997094,8.762919621244587,53.109514594997094,8.773043995301737,1.796,183.489,3.05815,35.23698968330527,auto,0.675790989893018,2.6576264360735533
1kmN3334E4238,53.111677095361486,8.769501083835149,9356.0,30114.56,53.109514594997094,8.762919621244587,53.109514594997094,8.773043995301737,1.133,254.129,4.235483333333333,16.050116279527327,bicycle,0.675790989893018,1.6765538708637726
1kmN3334E4238,53.111677095361486,8.769501083835149,9356.0,30114.56,53.109514594997094,8.762919621244587,53.109514594997094,8.773043995301737,1.796,183.489,3.05815,35.23698968330527,truck,0.675790989893018,2.6576264360735533
1kmN3334E4238,53.111677095361486,8.769501083835149,9356.0,30114.56,53.109514594997094,8.762919621244587,53.11256033874284,8.762919621244587,0.616,86.045,1.4340833333333334,25.772560869312567,auto,0.33867125238633644,1.8188730093255836
1kmN3334E4238,53.111677095361486,8.769501083835149,9356.0,30114.56,53.109514594997094,8.762919621244587,53.11256033874284,8.762919621244587,0.457,110.692,1.8448666666666667,14.86286271817295,bicycle,0.33867125238633644,1.3493911773730385
1kmN3334E4238,53.111677095361486,8.769501083835149,9356.0,30114.56,53.109514594997094,8.762919621244587,53.11256033874284,8.762919621244587,0.616,86.045,1.4340833333333334,25.772560869312567,truck,0.33867125238633644,1.8188730093255836
1kmN3334E4238,53.111677095361486,8.769501083835149,9356.0,30114.56,53.109514594997094,8.762919621244587,53.11256033874284,8.767981808273161,0.555,79.039,1.3173166666666667,25.278659902073663,auto,0.4783967981134446,1.160124821463354
1kmN3334E4238,53.111677095361486,8.769501083835149,9356.0,30114.56,53.109514594997094,8.762919621244587,53.11256033874284,8.767981808273161,0.555,128.026,2.133766666666667,15.606204989611484,bicycle,0.4783967981134446,1.160124821463354
1kmN3334E4238,53.111677095361486,8.769501083835149,9356.0,30114.56,53.109514594997094,8.762919621244587,53.11256033874284,8.767981808273161,0.555,79.039,1.3173166666666667,25.278659902073663,truck,0.4783967981134446,1.160124821463354
1kmN3334E4238,53.111677095361486,8.769501083835149,9356.0,30114.56,53.109514594997094,8.762919621244587,53.11256033874284,8.773043995301737,1.021,141.911,2.3651833333333334,25.900740605027092,auto,0.7558831481335004,1.35073787862734
1kmN3334E4238,53.111677095361486,8.769501083835149,9356.0,30114.56,53.109514594997094,8.762919621244587,53.11256033874284,8.773043995301737,1.021,230.623,3.8437166666666664,15.937699188719252,bicycle,0.7558831481335004,1.35073787862734
1kmN3334E4238,53.111677095361486,8.769501083835149,9356.0,30114.56,53.109514594997094,8.762919621244587,53.11256033874284,8.773043995301737,2.377,255.199,4.253316666666667,33.531479355326624,truck,0.7558831481335004,3.1446659524947966
1kmN3334E4238,53.111677095361486,8.769501083835149,9356.0,30114.56,53.109514594997094,8.762919621244587,53.11560608248858,8.762919621244587,1.143,139.138,2.318966666666667,29.573516940016386,auto,0.6773425047726729,1.6874771506973556
1kmN3334E4238,53.111677095361486,8.769501083835149,9356.0,30114.56,53.109514594997094,8.762919621244587,53.11560608248858,8.762919621244587,1.061,232.396,3.8732666666666664,16.435738997228867,bicycle,0.6773425047726729,1.566415797803932
1kmN3334E4238,53.111677095361486,8.769501083835149,9356.0,30114.56,53.109514594997094,8.762919621244587,53.11560608248858,8.762919621244587,1.143,139.138,2.318966666666667,29.573516940016386,truck,0.6773425047726729,1.6874771506973556
1kmN3334E4238,53.111677095361486,8.769501083835149,9356.0,30114.56,53.109514594997094,8.762919621244587,53.11560608248858,8.767981808273161,1.067,148.966,2.482766666666667,25.785749768403527,auto,0.7569346480466903,1.4096329224107387
1kmN3334E4238,53.111677095361486,8.769501083835149,9356.0,30114.56,53.109514594997094,8.762919621244587,53.11560608248858,8.767981808273161,1.067,239.241,3.98735,16.05577639284236,bicycle,0.7569346480466903,1.4096329224107387
1kmN3334E4238,53.111677095361486,8.769501083835149,9356.0,30114.56,53.109514594997094,8.762919621244587,53.11560608248858,8.767981808273161,3.348,345.689,5.7614833333333335,34.866021192459115,truck,0.7569346480466903,4.423103115493114
1kmN3334E4238,53.111677095361486,8.769501083835149,9356.0,30114.56,53.109514594997094,8.762919621244587,53.11560608248858,8.773043995301737,1.019,135.458,2.257633333333333,27.08145698297627,auto,0.9567766922168135,1.0650343055901763
1kmN3334E4238,53.111677095361486,8.769501083835149,9356.0,30114.56,53.109514594997094,8.762919621244587,53.11560608248858,8.773043995301737,1.019,231.934,3.8655666666666666,15.816568506557898,bicycle,0.9567766922168135,1.0650343055901763
1kmN3334E4238,53.111677095361486,8.769501083835149,9356.0,30114.56,53.109514594997094,8.762919621244587,53.11560608248858,8.773043995301737,4.388,471.215,7.853583333333333,33.523550820750614,truck,0.9567766922168135,4.586232122600289
1kmN3334E4238,53.111677095361486,8.769501083835149,9356.0,30114.56,53.109514594997094,8.767981808273161,53.109514594997094,8.762919621244587,0.477,99.763,1.6627166666666668,17.21279432254443,auto,0.33789549515729944,1.411679074851068
1kmN3334E4238,53.111677095361486,8.769501083835149,9356.0,30114.56,53.109514594997094,8.767981808273161,53.109514594997094,8.762919621244587,0.474,133.393,2.2232166666666666,12.79227545673311,bicycle,0.33789549515729944,1.402800590103577
1kmN3334E4238,53.111677095361486,8.769501083835149,9356.0,30114.56,53.109514594997094,8.767981808273161,53.109514594997094,8.762919621244587,0.477,99.763,1.6627166666666668,17.21279432254443,truck,0.33789549515729944,1.411679074851068
1kmN3334E4238,53.111677095361486,8.769501083835149,9356.0,30114.56,53.109514594997094,8.767981808273161,53.109514594997094,8.773043995301737,1.288,166.197,2.76995,27.899420567158252,auto,0.3378954951575117,3.811829451587072
1kmN3334E4238,53.111677095361486,8.769501083835149,9356.0,30114.56,53.109514594997094,8.767981808273161,53.109514594997094,8.773043995301737,0.724,195.322,3.2553666666666667,13.344118942054658,bicycle,0.3378954951575117,2.1426743190598136
1kmN3334E4238,53.111677095361486,8.769501083835149,9356.0,30114.56,53.109514594997094,8.767981808273161,53.109514594997094,8.773043995301737,1.288,166.197,2.76995,27.899420567158252,truck,0.3378954951575117,3.811829451587072
1kmN3334E4238,53.111677095361486,8.769501083835149,9356.0,30114.56,53.109514594997094,8.767981808273161,53.11256033874284,8.762919621244587,0.534,103.001,1.7166833333333333,18.663896467024593,auto,0.4783967981134446,1.116228206597173
1kmN3334E4238,53.111677095361486,8.769501083835149,9356.0,30114.56,53.109514594997094,8.767981808273161,53.11256033874284,8.762919621244587,0.534,150.795,2.5132499999999998,12.748433303491497,bicycle,0.4783967981134446,1.116228206597173
1kmN3334E4238,53.111677095361486,8.769501083835149,9356.0,30114.56,53.109514594997094,8.767981808273161,53.11256033874284,8.762919621244587,0.534,103.001,1.7166833333333333,18.663896467024593,truck,0.4783967981134446,1.116228206597173
1kmN3334E4238,53.111677095361486,8.769501083835149,9356.0,30114.56,53.109514594997094,8.767981808273161,53.11256033874284,8.767981808273161,0.474,103.163,1.7193833333333333,16.54081405154949,auto,0.33867125238633644,1.3995873480849457
1kmN3334E4238,53.111677095361486,8.769501083835149,9356.0,30114.56,53.109514594997094,8.767981808273161,53.11256033874284,8.767981808273161,0.474,141.219,2.35365,12.08335988783379,bicycle,0.33867125238633644,1.3995873480849457
1kmN3334E4238,53.111677095361486,8.769501083835149,9356.0,30114.56,53.109514594997094,8.767981808273161,53.11256033874284,8.773043995301737,0.94,166.034,2.767233333333333,20.381367671681705,auto,0.4783967981135945,1.964896094009389
1kmN3334E4238,53.111677095361486,8.769501083835149,9356.0,30114.56,53.109514594997094,8.767981808273161,53.11256033874284,8.773043995301737,0.94,243.817,4.063616666666666,13.879261905445475,bicycle,0.4783967981135945,1.964896094009389
1kmN3334E4238,53.111677095361486,8.769501083835149,9356.0,30114.56,53.109514594997094,8.767981808273161,53.11256033874284,8.773043995301737,1.869,237.907,3.965116666666667,28.281639464160364,truck,0.4783967981135945,3.906798723088881
1kmN3334E4238,53.111677095361486,8.769501083835149,9356.0,30114.56,53.109514594997094,8.767981808273161,53.11560608248858,8.762919621244587,1.062,163.261,2.7210166666666664,23.41771764230282,auto,0.7569346480466903,1.4030273323338374
1kmN3334E4238,53.111677095361486,8.769501083835149,9356.0,30114.56,53.109514594997094,8.767981808273161,53.11560608248858,8.762919621244587,0.98,245.589,4.09315,14.365464251249039,bicycle,0.7569346480466903,1.294695655072656
1kmN3334E4238,53.111677095361486,8.769501083835149,9356.0,30114.56,53.109514594997094,8.767981808273161,53.11560608248858,8.762919621244587,2.387,263.462,4.391033333333334,32.61646840910644,truck,0.7569346480466903,3.1535087027126836
1kmN3334E4238,53.111677095361486,8.769501083835149,9356.0,30114.56,53.109514594997094,8.767981808273161,53.11560608248858,8.767981808273161,0.986,173.089,2.8848166666666666,20.507369041360224,auto,0.6773425047726729,1.4556889506453128
1kmN3334E4238,53.111677095361486,8.769501083835149,9356.0,30114.56,53.109514594997094,8.767981808273161,53.11560608248858,8.767981808273161,0.986,252.434,4.207233333333333,14.06149726265083,bicycle,0.6773425047726729,1.4556889506453128
1kmN3334E4238,53.111677095361486,8.769501083835149,9356.0,30114.56,53.109514594997094,8.767981808273161,53.11560608248858,8.767981808273161,2.392,309.92,5.165333333333334,27.785234899328856,truck,0.6773425047726729,3.531448245378893
1kmN3334E4238,53.111677095361486,8.769501083835149,9356.0,30114.56,53.109514594997094,8.767981808273161,53.11560608248858,8.773043995301737,0.938,159.581,2.659683333333333,21.160413833727073,auto,0.7569346480467851,1.2392086984265298
1kmN3334E4238,53.111677095361486,8.769501083835149,9356.0,30114.56,53.109514594997094,8.767981808273161,53.11560608248858,8.773043995301737,0.938,245.127,4.08545,13.775716261366556,bicycle,0.7569346480467851,1.2392086984265298
1kmN3334E4238,53.111677095361486,8.769501083835149,9356.0,30114.56,53.109514594997094,8.773043995301737,53.109514594997094,8.762919621244587,0.971,116.427,1.94045,30.023963513617975,auto,0.675790989893018,1.4368347825319712
1kmN3334E4238,53.111677095361486,8.769501083835149,9356.0,30114.56,53.109514594997094,8.773043995301737,53.109514594997094,8.762919621244587,0.968,216.97,3.6161666666666665,16.06120661842651,bicycle,0.675790989893018,1.4323955401554562
1kmN3334E4238,53.111677095361486,8.769501083835149,9356.0,30114.56,53.109514594997094,8.773043995301737,53.109514594997094,8.762919621244587,0.971,116.427,1.94045,30.023963513617975,truck,0.675790989893018,1.4368347825319712
1kmN3334E4238,53.111677095361486,8.769501083835149,9356.0,30114.56,53.109514594997094,8.773043995301737,53.109514594997094,8.767981808273161,0.903,141.615,2.36025,22.955195424213535,auto,0.3378954951575117,2.6724239089931103
1kmN3334E4238,53.111677095361486,8.769501083835149,9356.0,30114.56,53.109514594997094,8.773043995301737,53.109514594997094,8.767981808273161,0.491,144.972,2.4162000000000003,12.192699279860939,bicycle,0.3378954951575117,1.4531120036717797
1kmN3334E4238,53.111677095361486,8.769501083835149,9356.0,30114.56,53.109514594997094,8.773043995301737,53.109514594997094,8.767981808273161,0.903,141.615,2.36025,22.955195424213535,truck,0.3378954951575117,2.6724239089931103
1kmN3334E4238,53.111677095361486,8.769501083835149,9356.0,30114.56,53.109514594997094,8.773043995301737,53.11256033874284,8.762919621244587,1.028,127.561,2.1260166666666667,29.012002100955623,auto,0.7558831481335004,1.3599985692741487
1kmN3334E4238,53.111677095361486,8.769501083835149,9356.0,30114.56,53.109514594997094,8.773043995301737,53.11256033874284,8.762919621244587,1.028,233.772,3.8962,15.830809506698834,bicycle,0.7558831481335004,1.3599985692741487
1kmN3334E4238,53.111677095361486,8.769501083835149,9356.0,30114.56,53.109514594997094,8.773043995301737,53.11256033874284,8.762919621244587,1.854,172.31,2.8718333333333335,38.73483837270037,truck,0.7558831481335004,2.452760065597541
1kmN3334E4238,53.111677095361486,8.769501083835149,9356.0,30114.56,53.109514594997094,8.773043995301737,53.11256033874284,8.767981808273161,0.621,67.652,1.1275333333333333,33.04558623544019,auto,0.4783967981135945,1.2980856110423729
1kmN3334E4238,53.111677095361486,8.769501083835149,9356.0,30114.56,53.109514594997094,8.773043995301737,53.11256033874284,8.767981808273161,0.613,134.046,2.2340999999999998,16.463005237008193,bicycle,0.4783967981135945,1.2813630910933569
1kmN3334E4238,53.111677095361486,8.769501083835149,9356.0,30114.56,53.109514594997094,8.773043995301737,53.11256033874284,8.767981808273161,0.621,67.652,1.1275333333333333,33.04558623544019,truck,0.4783967981135945,1.2980856110423729
1kmN3334E4238,53.111677095361486,8.769501083835149,9356.0,30114.56,53.109514594997094,8.773043995301737,53.11256033874284,8.773043995301737,1.088,130.524,2.1754000000000002,30.008274340351203,auto,0.33867125238633644,3.21255492556207
1kmN3334E4238,53.111677095361486,8.769501083835149,9356.0,30114.56,53.109514594997094,8.773043995301737,53.11256033874284,8.773043995301737,0.407,87.805,1.4634166666666668,16.6869768236433,bicycle,0.33867125238633644,1.2017553811615462
1kmN3334E4238,53.111677095361486,8.769501083835149,9356.0,30114.56,53.109514594997094,8.773043995301737,53.11256033874284,8.773043995301737,1.088,130.524,2.1754000000000002,30.008274340351203,truck,0.33867125238633644,3.21255492556207
1kmN3334E4238,53.111677095361486,8.769501083835149,9356.0,30114.56,53.109514594997094,8.773043995301737,53.11560608248858,8.762919621244587,1.21,120.395,2.0065833333333334,36.18090452261307,auto,0.9567766922168135,1.2646629143906905
1kmN3334E4238,53.111677095361486,8.769501083835149,9356.0,30114.56,53.109514594997094,8.773043995301737,53.11560608248858,8.762919621244587,1.128,241.316,4.021933333333333,16.827727958361645,bicycle,0.9567766922168135,1.1789584854815691
1kmN3334E4238,53.111677095361486,8.769501083835149,9356.0,30114.56,53.109514594997094,8.773043995301737,53.11560608248858,8.762919621244587,1.21,120.395,2.0065833333333334,36.18090452261307,truck,0.9567766922168135,1.2646629143906905
1kmN3334E4238,53.111677095361486,8.769501083835149,9356.0,30114.56,53.109514594997094,8.773043995301737,53.11560608248858,8.767981808273161,1.133,137.578,2.2929666666666666,29.647181962232334,auto,0.7569346480467851,1.4968267114256484
1kmN3334E4238,53.111677095361486,8.769501083835149,9356.0,30114.56,53.109514594997094,8.773043995301737,53.11560608248858,8.767981808273161,0.929,201.561,3.35935,16.592495572060074,bicycle,0.7569346480467851,1.227318636288109
1kmN3334E4238,53.111677095361486,8.769501083835149,9356.0,30114.56,53.109514594997094,8.773043995301737,53.11560608248858,8.767981808273161,1.133,137.578,2.2929666666666666,29.647181962232334,truck,0.7569346480467851,1.4968267114256484
1kmN3334E4238,53.111677095361486,8.769501083835149,9356.0,30114.56,53.109514594997094,8.773043995301737,53.11560608248858,8.773043995301737,1.086,124.071,2.06785,31.510989675266586,auto,0.6773425047726729,1.603324746856805
1kmN3334E4238,53.111677095361486,8.769501083835149,9356.0,30114.56,53.109514594997094,8.773043995301737,53.11560608248858,8.773043995301737,0.882,195.655,3.2609166666666667,16.22856558738596,bicycle,0.6773425047726729,1.302147722585361
1kmN3334E4238,53.111677095361486,8.769501083835149,9356.0,30114.56,53.11256033874284,8.762919621244587,53.109514594997094,8.762919621244587,0.616,89.001,1.4833500000000002,24.916573971078975,auto,0.33867125238633644,1.8188730093255836
1kmN3334E4238,53.111677095361486,8.769501083835149,9356.0,30114.56,53.11256033874284,8.762919621244587,53.109514594997094,8.762919621244587,0.457,108.192,1.8032,15.206299911268857,bicycle,0.33867125238633644,1.3493911773730385
1kmN3334E4238,53.111677095361486,8.769501083835149,9356.0,30114.56,53.11256033874284,8.762919621244587,53.109514594997094,8.762919621244587,0.82,107.817,1.7969499999999998,27.37972675923092,truck,0.33867125238633644,2.4212270578684714
1kmN3334E4238,53.111677095361486,8.769501083835149,9356.0,30114.56,53.11256033874284,8.762919621244587,53.109514594997094,8.767981808273161,0.534,99.7,1.6616666666666666,19.28184553660983,auto,0.4783967981134446,1.116228206597173
1kmN3334E4238,53.111677095361486,8.769501083835149,9356.0,30114.56,53.11256033874284,8.762919621244587,53.109514594997094,8.767981808273161,0.534,148.695,2.47825,12.92847775648139,bicycle,0.4783967981134446,1.116228206597173
1kmN3334E4238,53.111677095361486,8.769501083835149,9356.0,30114.56,53.11256033874284,8.762919621244587,53.109514594997094,8.767981808273161,0.752,125.337,2.08895,21.599368103592713,truck,0.4783967981134446,1.5719168752080037
1kmN3334E4238,53.111677095361486,8.769501083835149,9356.0,30114.56,53.11256033874284,8.762919621244587,53.109514594997094,8.773043995301737,1.732,160.759,2.6793166666666663,38.78600887042094,auto,0.7558831481335004,2.291359457181737
1kmN3334E4238,53.111677095361486,8.769501083835149,9356.0,30114.56,53.11256033874284,8.762919621244587,53.109514594997094,8.773043995301737,1.168,252.477,4.20795,16.654190282679213,bicycle,0.7558831481335004,1.5452123822103168
1kmN3334E4238,53.111677095361486,8.769501083835149,9356.0,30114.56,53.11256033874284,8.762919621244587,53.109514594997094,8.773043995301737,1.732,160.759,2.6793166666666663,38.78600887042094,truck,0.7558831481335004,2.291359457181737
1kmN3334E4238,53.111677095361486,8.769501083835149,9356.0,30114.56,53.11256033874284,8.762919621244587,53.11256033874284,8.767981808273161,0.491,63.475,1.0579166666666666,27.84718393068137,auto,0.33787156335230567,1.4532149291534906
1kmN3334E4238,53.111677095361486,8.769501083835149,9356.0,30114.56,53.11256033874284,8.762919621244587,53.11256033874284,8.767981808273161,0.491,112.824,1.8804,15.666879387364391,bicycle,0.33787156335230567,1.4532149291534906
1kmN3334E4238,53.111677095361486,8.769501083835149,9356.0,30114.56,53.11256033874284,8.762919621244587,53.11256033874284,8.767981808273161,0.491,63.475,1.0579166666666666,27.84718393068137,truck,0.33787156335230567,1.4532149291534906
1kmN3334E4238,53.111677095361486,8.769501083835149,9356.0,30114.56,53.11256033874284,8.762919621244587,53.11256033874284,8.773043995301737,0.957,126.346,2.105766666666667,27.2679784084973,auto,0.6757431262830268,1.4162186232867016
1kmN3334E4238,53.111677095361486,8.769501083835149,9356.0,30114.56,53.11256033874284,8.762919621244587,53.11256033874284,8.773043995301737,0.957,215.422,3.5903666666666667,15.992795536203358,bicycle,0.6757431262830268,1.4162186232867016
1kmN3334E4238,53.111677095361486,8.769501083835149,9356.0,30114.56,53.11256033874284,8.762919621244587,53.11256033874284,8.773043995301737,2.313,232.469,3.874483333333333,35.818969410975235,truck,0.6757431262830268,3.4228983026772637
1kmN3334E4238,53.111677095361486,8.769501083835149,9356.0,30114.56,53.11256033874284,8.762919621244587,53.11560608248858,8.762919621244587,1.079,123.573,2.0595499999999998,31.43405112767352,auto,0.33867125238633644,3.185980482244001
1kmN3334E4238,53.111677095361486,8.769501083835149,9356.0,30114.56,53.11256033874284,8.762919621244587,53.11560608248858,8.762919621244587,0.614,140.894,2.3482333333333334,15.688389853364939,bicycle,0.33867125238633644,1.812967577477124
1kmN3334E4238,53.111677095361486,8.769501083835149,9356.0,30114.56,53.11256033874284,8.762919621244587,53.11560608248858,8.762919621244587,1.079,123.573,2.0595499999999998,31.43405112767352,truck,0.33867125238633644,3.185980482244001
1kmN3334E4238,53.111677095361486,8.769501083835149,9356.0,30114.56,53.11256033874284,8.762919621244587,53.11560608248858,8.767981808273161,1.003,133.401,2.2233500000000004,27.067263363842844,auto,0.47837989544907583,2.0966600175754473
1kmN3334E4238,53.111677095361486,8.769501083835149,9356.0,30114.56,53.11256033874284,8.762919621244587,53.11560608248858,8.767981808273161,0.614,148.539,2.47565,14.880940359097611,bicycle,0.47837989544907583,1.2834987545277414
1kmN3334E4238,53.111677095361486,8.769501083835149,9356.0,30114.56,53.11256033874284,8.762919621244587,53.11560608248858,8.767981808273161,1.003,133.401,2.2233500000000004,27.067263363842844,truck,0.47837989544907583,2.0966600175754473
1kmN3334E4238,53.111677095361486,8.769501083835149,9356.0,30114.56,53.11256033874284,8.762919621244587,53.11560608248858,8.773043995301737,0.955,119.894,1.9982333333333335,28.67532987472267,auto,0.7558403570403858,1.2634943227157858
1kmN3334E4238,53.111677095361486,8.769501083835149,9356.0,30114.56,53.11256033874284,8.762919621244587,53.11560608248858,8.773043995301737,0.955,216.732,3.6122,15.862909030507724,bicycle,0.7558403570403858,1.2634943227157858
1kmN3334E4238,53.111677095361486,8.769501083835149,9356.0,30114.56,53.11256033874284,8.762919621244587,53.11560608248858,8.773043995301737,3.649,417.216,6.9536,31.485849056603772,truck,0.7558403570403858,4.827739040408275
1kmN3334E4238,53.111677095361486,8.769501083835149,9356.0,30114.56,53.11256033874284,8.767981808273161,53.109514594997094,8.762919621244587,0.555,85.519,1.4253166666666668,23.363229223915155,auto,0.4783967981134446,1.160124821463354
1kmN3334E4238,53.111677095361486,8.769501083835149,9356.0,30114.56,53.11256033874284,8.767981808273161,53.109514594997094,8.762919621244587,0.552,131.217,2.1869500000000004,15.144379158188343,bicycle,0.4783967981134446,1.1538538764824708
1kmN3334E4238,53.111677095361486,8.769501083835149,9356.0,30114.56,53.11256033874284,8.767981808273161,53.109514594997094,8.762919621244587,0.555,85.519,1.4253166666666668,23.363229223915155,truck,0.4783967981134446,1.160124821463354
1kmN3334E4238,53.111677095361486,8.769501083835149,9356.0,30114.56,53.11256033874284,8.767981808273161,53.109514594997094,8.767981808273161,0.487,110.706,1.8451,15.836540024930898,auto,0.33867125238633644,1.4379726550999337
1kmN3334E4238,53.111677095361486,8.769501083835149,9356.0,30114.56,53.11256033874284,8.767981808273161,53.109514594997094,8.767981808273161,0.474,141.219,2.35365,12.08335988783379,bicycle,0.33867125238633644,1.3995873480849457
1kmN3334E4238,53.111677095361486,8.769501083835149,9356.0,30114.56,53.11256033874284,8.767981808273161,53.109514594997094,8.767981808273161,0.487,110.706,1.8451,15.836540024930898,truck,0.33867125238633644,1.4379726550999337
1kmN3334E4238,53.111677095361486,8.769501083835149,9356.0,30114.56,53.11256033874284,8.767981808273161,53.109514594997094,8.773043995301737,0.909,124.725,2.07875,26.236921226698737,auto,0.4783967981135945,1.9000963292069517
1kmN3334E4238,53.111677095361486,8.769501083835149,9356.0,30114.56,53.11256033874284,8.767981808273161,53.109514594997094,8.773043995301737,0.613,134.646,2.2441,16.38964395526046,bicycle,0.4783967981135945,1.2813630910933569
1kmN3334E4238,53.111677095361486,8.769501083835149,9356.0,30114.56,53.11256033874284,8.767981808273161,53.109514594997094,8.773043995301737,1.466,146.128,2.4354666666666662,36.116281616117384,truck,0.4783967981135945,3.064401780657196
1kmN3334E4238,53.111677095361486,8.769501083835149,9356.0,30114.56,53.11256033874284,8.767981808273161,53.11256033874284,8.762919621244587,0.612,96.652,1.6108666666666667,22.795182717377806,auto,0.33787156335230567,1.8113391784968151
1kmN3334E4238,53.111677095361486,8.769501083835149,9356.0,30114.56,53.11256033874284,8.767981808273161,53.11256033874284,8.762919621244587,0.612,148.019,2.4669833333333333,14.88457562880441,bicycle,0.33787156335230567,1.8113391784968151
1kmN3334E4238,53.111677095361486,8.769501083835149,9356.0,30114.56,53.11256033874284,8.767981808273161,53.11256033874284,8.762919621244587,1.438,148.98,2.4829999999999997,34.748288360853806,truck,0.33787156335230567,4.25605512855951
1kmN3334E4238,53.111677095361486,8.769501083835149,9356.0,30114.56,53.11256033874284,8.767981808273161,53.11256033874284,8.773043995301737,0.502,71.189,1.1864833333333331,25.385944457711165,auto,0.33787156335251795,1.4857716790928595
1kmN3334E4238,53.111677095361486,8.769501083835149,9356.0,30114.56,53.11256033874284,8.767981808273161,53.11256033874284,8.773043995301737,0.502,111.141,1.8523500000000002,16.260425945420682,bicycle,0.33787156335251795,1.4857716790928595
1kmN3334E4238,53.111677095361486,8.769501083835149,9356.0,30114.56,53.11256033874284,8.767981808273161,53.11256033874284,8.773043995301737,0.502,71.189,1.1864833333333331,25.385944457711165,truck,0.33787156335251795,1.4857716790928595
1kmN3334E4238,53.111677095361486,8.769501083835149,9356.0,30114.56,53.11256033874284,8.767981808273161,53.11560608248858,8.762919621244587,0.794,97.065,1.61775,29.44830783495596,auto,0.47837989544907583,1.65976874771177
1kmN3334E4238,53.111677095361486,8.769501083835149,9356.0,30114.56,53.11256033874284,8.767981808273161,53.11560608248858,8.762919621244587,0.484,102.319,1.7053166666666668,17.029095280446448,bicycle,0.47837989544907583,1.011748203894832
1kmN3334E4238,53.111677095361486,8.769501083835149,9356.0,30114.56,53.11256033874284,8.767981808273161,53.11560608248858,8.762919621244587,0.794,97.065,1.61775,29.44830783495596,truck,0.47837989544907583,1.65976874771177
1kmN3334E4238,53.111677095361486,8.769501083835149,9356.0,30114.56,53.11256033874284,8.767981808273161,53.11560608248858,8.767981808273161,0.547,78.244,1.3040666666666667,25.167424978273097,auto,0.33867125238633644,1.6151356105537245
1kmN3334E4238,53.111677095361486,8.769501083835149,9356.0,30114.56,53.11256033874284,8.767981808273161,53.11560608248858,8.767981808273161,0.547,119.758,1.9959666666666667,16.443160373419733,bicycle,0.33867125238633644,1.6151356105537245
1kmN3334E4238,53.111677095361486,8.769501083835149,9356.0,30114.56,53.11256033874284,8.767981808273161,53.11560608248858,8.767981808273161,0.547,78.244,1.3040666666666667,25.167424978273097,truck,0.33867125238633644,1.6151356105537245
1kmN3334E4238,53.111677095361486,8.769501083835149,9356.0,30114.56,53.11256033874284,8.767981808273161,53.11560608248858,8.773043995301737,0.5,64.736,1.0789333333333333,27.805239742956005,auto,0.4783798954492257,1.0451944255108627
1kmN3334E4238,53.111677095361486,8.769501083835149,9356.0,30114.56,53.11256033874284,8.767981808273161,53.11560608248858,8.773043995301737,0.5,112.451,1.8741833333333333,16.006971925549795,bicycle,0.4783798954492257,1.0451944255108627
1kmN3334E4238,53.111677095361486,8.769501083835149,9356.0,30114.56,53.11256033874284,8.767981808273161,53.11560608248858,8.773043995301737,0.5,64.736,1.0789333333333333,27.805239742956005,truck,0.4783798954492257,1.0451944255108627
1kmN3334E4238,53.111677095361486,8.769501083835149,9356.0,30114.56,53.11256033874284,8.773043995301737,53.109514594997094,8.762919621244587,1.021,142.157,2.3692833333333336,25.85591986324978,auto,0.7558831481335004,1.35073787862734
1kmN3334E4238,53.111677095361486,8.769501083835149,9356.0,30114.56,53.11256033874284,8.773043995301737,53.109514594997094,8.762919621244587,1.019,229.614,3.8269,15.976377747001488,bicycle,0.7558831481335004,1.3480919670139664
1kmN3334E4238,53.111677095361486,8.769501083835149,9356.0,30114.56,53.11256033874284,8.773043995301737,53.109514594997094,8.762919621244587,1.021,142.157,2.3692833333333336,25.85591986324978,truck,0.7558831481335004,1.35073787862734
1kmN3334E4238,53.111677095361486,8.769501083835149,9356.0,30114.56,53.11256033874284,8.773043995301737,53.109514594997094,8.767981808273161,0.953,167.345,2.789083333333333,20.501359466969436,auto,0.4783967981135945,1.99207018892654
1kmN3334E4238,53.111677095361486,8.769501083835149,9356.0,30114.56,53.11256033874284,8.773043995301737,53.109514594997094,8.767981808273161,0.94,239.617,3.9936166666666666,14.122537215639959,bicycle,0.4783967981135945,1.964896094009389
1kmN3334E4238,53.111677095361486,8.769501083835149,9356.0,30114.56,53.11256033874284,8.773043995301737,53.109514594997094,8.767981808273161,0.953,167.345,2.789083333333333,20.501359466969436,truck,0.4783967981135945,1.99207018892654
1kmN3334E4238,53.111677095361486,8.769501083835149,9356.0,30114.56,53.11256033874284,8.773043995301737,53.109514594997094,8.773043995301737,0.407,53.535,0.89225,27.36901092743065,auto,0.33867125238633644,1.2017553811615462
1kmN3334E4238,53.111677095361486,8.769501083835149,9356.0,30114.56,53.11256033874284,8.773043995301737,53.109514594997094,8.773043995301737,0.407,89.905,1.4984166666666667,16.29720260274734,bicycle,0.33867125238633644,1.2017553811615462
1kmN3334E4238,53.111677095361486,8.769501083835149,9356.0,30114.56,53.11256033874284,8.773043995301737,53.109514594997094,8.773043995301737,0.407,53.535,0.89225,27.36901092743065,truck,0.33867125238633644,1.2017553811615462
1kmN3334E4238,53.111677095361486,8.769501083835149,9356.0,30114.56,53.11256033874284,8.773043995301737,53.11256033874284,8.762919621244587,1.079,153.29,2.5548333333333333,25.3402048404984,auto,0.6757431262830268,1.5967606003410146
1kmN3334E4238,53.111677095361486,8.769501083835149,9356.0,30114.56,53.11256033874284,8.773043995301737,53.11256033874284,8.762919621244587,1.079,246.416,4.106933333333333,15.763586780079214,bicycle,0.6757431262830268,1.5967606003410146
1kmN3334E4238,53.111677095361486,8.769501083835149,9356.0,30114.56,53.11256033874284,8.773043995301737,53.11256033874284,8.762919621244587,2.46,282.68,4.711333333333333,31.32871090986274,truck,0.6757431262830268,3.6404365865050012
1kmN3334E4238,53.111677095361486,8.769501083835149,9356.0,30114.56,53.11256033874284,8.773043995301737,53.11256033874284,8.767981808273161,0.502,71.481,1.19135,25.28224283376002,auto,0.33787156335251795,1.4857716790928595
1kmN3334E4238,53.111677095361486,8.769501083835149,9356.0,30114.56,53.11256033874284,8.773043995301737,53.11256033874284,8.767981808273161,0.502,111.141,1.8523500000000002,16.260425945420682,bicycle,0.33787156335251795,1.4857716790928595
1kmN3334E4238,53.111677095361486,8.769501083835149,9356.0,30114.56,53.11256033874284,8.773043995301737,53.11256033874284,8.767981808273161,0.502,71.481,1.19135,25.28224283376002,truck,0.33787156335251795,1.4857716790928595
1kmN3334E4238,53.111677095361486,8.769501083835149,9356.0,30114.56,53.11256033874284,8.773043995301737,53.11560608248858,8.762919621244587,1.019,129.77,2.1628333333333334,28.26847499422054,auto,0.7558403570403858,1.3481682877983097
1kmN3334E4238,53.111677095361486,8.769501083835149,9356.0,30114.56,53.11256033874284,8.773043995301737,53.11560608248858,8.762919621244587,1.019,222.427,3.7071166666666664,16.49260206719508,bicycle,0.7558403570403858,1.3481682877983097
1kmN3334E4238,53.111677095361486,8.769501083835149,9356.0,30114.56,53.11256033874284,8.773043995301737,53.11560608248858,8.762919621244587,1.019,129.77,2.1628333333333334,28.26847499422054,truck,0.7558403570403858,1.3481682877983097
1kmN3334E4238,53.111677095361486,8.769501083835149,9356.0,30114.56,53.11256033874284,8.773043995301737,53.11560608248858,8.767981808273161,0.522,72.013,1.2002166666666667,26.095288350714455,auto,0.4783798954492257,1.0911829802333406
1kmN3334E4238,53.111677095361486,8.769501083835149,9356.0,30114.56,53.11256033874284,8.773043995301737,53.11560608248858,8.767981808273161,0.522,113.756,1.8959333333333332,16.519568198600513,bicycle,0.4783798954492257,1.0911829802333406
1kmN3334E4238,53.111677095361486,8.769501083835149,9356.0,30114.56,53.11256033874284,8.773043995301737,53.11560608248858,8.767981808273161,0.522,72.013,1.2002166666666667,26.095288350714455,truck,0.4783798954492257,1.0911829802333406
1kmN3334E4238,53.111677095361486,8.769501083835149,9356.0,30114.56,53.11256033874284,8.773043995301737,53.11560608248858,8.773043995301737,0.474,63.796,1.0632666666666666,26.747758480155493,auto,0.33867125238633644,1.3995873480849457
1kmN3334E4238,53.111677095361486,8.769501083835149,9356.0,30114.56,53.11256033874284,8.773043995301737,53.11560608248858,8.773043995301737,0.474,107.849,1.7974833333333333,15.82212167011284,bicycle,0.33867125238633644,1.3995873480849457
1kmN3334E4238,53.111677095361486,8.769501083835149,9356.0,30114.56,53.11256033874284,8.773043995301737,53.11560608248858,8.773043995301737,0.474,63.796,1.0632666666666666,26.747758480155493,truck,0.33867125238633644,1.3995873480849457
1kmN3334E4238,53.111677095361486,8.769501083835149,9356.0,30114.56,53.11560608248858,8.762919621244587,53.109514594997094,8.762919621244587,1.142,139.51,2.3251666666666666,29.468855279191455,auto,0.6773425047726729,1.6860007927352405
1kmN3334E4238,53.111677095361486,8.769501083835149,9356.0,30114.56,53.11560608248858,8.762919621244587,53.109514594997094,8.762919621244587,0.908,212.303,3.5383833333333334,15.396862032095637,bicycle,0.6773425047726729,1.340533029600349
1kmN3334E4238,53.111677095361486,8.769501083835149,9356.0,30114.56,53.11560608248858,8.762919621244587,53.109514594997094,8.762919621244587,1.538,178.448,2.9741333333333335,31.0275262261275,truck,0.6773425047726729,2.2706385457327496
1kmN3334E4238,53.111677095361486,8.769501083835149,9356.0,30114.56,53.11560608248858,8.762919621244587,53.109514594997094,8.767981808273161,1.074,157.03,2.617166666666667,24.62204674266064,auto,0.7569346480466903,1.4188807485184005
1kmN3334E4238,53.111677095361486,8.769501083835149,9356.0,30114.56,53.11560608248858,8.762919621244587,53.109514594997094,8.767981808273161,1.074,260.006,4.333433333333333,14.870426067090762,bicycle,0.7569346480466903,1.4188807485184005
1kmN3334E4238,53.111677095361486,8.769501083835149,9356.0,30114.56,53.11560608248858,8.762919621244587,53.109514594997094,8.767981808273161,1.47,195.968,3.2661333333333333,27.004408883082956,truck,0.7569346480466903,1.9420434826089839
1kmN3334E4238,53.111677095361486,8.769501083835149,9356.0,30114.56,53.11560608248858,8.762919621244587,53.109514594997094,8.773043995301737,2.054,192.452,3.207533333333333,38.422048095109425,auto,0.9567766922168135,2.1467914265772547
1kmN3334E4238,53.111677095361486,8.769501083835149,9356.0,30114.56,53.11560608248858,8.762919621244587,53.109514594997094,8.773043995301737,1.128,244.416,4.0736,16.614296936370778,bicycle,0.9567766922168135,1.1789584854815691
1kmN3334E4238,53.111677095361486,8.769501083835149,9356.0,30114.56,53.11560608248858,8.762919621244587,53.109514594997094,8.773043995301737,2.45,231.39,3.8564999999999996,38.11746402178141,truck,0.9567766922168135,2.5606811076505718
1kmN3334E4238,53.111677095361486,8.769501083835149,9356.0,30114.56,53.11560608248858,8.762919621244587,53.11256033874284,8.762919621244587,0.56,71.134,1.1855666666666667,28.340877779964575,auto,0.33867125238633644,1.6535209175687124
1kmN3334E4238,53.111677095361486,8.769501083835149,9356.0,30114.56,53.11560608248858,8.762919621244587,53.11256033874284,8.762919621244587,0.56,124.061,2.0676833333333335,16.25007052982001,bicycle,0.33867125238633644,1.6535209175687124
1kmN3334E4238,53.111677095361486,8.769501083835149,9356.0,30114.56,53.11560608248858,8.762919621244587,53.11256033874284,8.762919621244587,0.956,110.072,1.8345333333333333,31.266807180754412,truck,0.33867125238633644,2.82279642356373
1kmN3334E4238,53.111677095361486,8.769501083835149,9356.0,30114.56,53.11560608248858,8.762919621244587,53.11256033874284,8.767981808273161,0.813,95.168,1.5861333333333334,30.754034969737724,auto,0.47837989544907583,1.699486135881195
1kmN3334E4238,53.111677095361486,8.769501083835149,9356.0,30114.56,53.11560608248858,8.762919621244587,53.11256033874284,8.767981808273161,0.484,104.419,1.7403166666666665,16.686618335743496,bicycle,0.47837989544907583,1.011748203894832
1kmN3334E4238,53.111677095361486,8.769501083835149,9356.0,30114.56,53.11560608248858,8.762919621244587,53.11256033874284,8.767981808273161,1.209,134.106,2.2351,32.45492371705964,truck,0.47837989544907583,2.527280120886058
1kmN3334E4238,53.111677095361486,8.769501083835149,9356.0,30114.56,53.11560608248858,8.762919621244587,53.11256033874284,8.773043995301737,1.019,136.041,2.26735,26.965400136723485,auto,0.7558403570403858,1.3481682877983097
1kmN3334E4238,53.111677095361486,8.769501083835149,9356.0,30114.56,53.11560608248858,8.762919621244587,53.11256033874284,8.773043995301737,0.903,200.11,3.335166666666667,16.245065214132225,bicycle,0.7558403570403858,1.1946967260862353
1kmN3334E4238,53.111677095361486,8.769501083835149,9356.0,30114.56,53.11560608248858,8.762919621244587,53.11256033874284,8.773043995301737,1.019,136.041,2.26735,26.965400136723485,truck,0.7558403570403858,1.3481682877983097
1kmN3334E4238,53.111677095361486,8.769501083835149,9356.0,30114.56,53.11560608248858,8.762919621244587,53.11560608248858,8.767981808273161,0.651,90.019,1.5003166666666667,26.03450382696986,auto,0.3378476305925545,1.9269041456890026
1kmN3334E4238,53.111677095361486,8.769501083835149,9356.0,30114.56,53.11560608248858,8.762919621244587,53.11560608248858,8.767981808273161,0.534,118.728,1.9788,16.191631291691937,bicycle,0.3378476305925545,1.580594184021394
1kmN3334E4238,53.111677095361486,8.769501083835149,9356.0,30114.56,53.11560608248858,8.762919621244587,53.11560608248858,8.767981808273161,0.651,90.019,1.5003166666666667,26.03450382696986,truck,0.3378476305925545,1.9269041456890026
1kmN3334E4238,53.111677095361486,8.769501083835149,9356.0,30114.56,53.11560608248858,8.762919621244587,53.11560608248858,8.773043995301737,1.017,139.305,2.32175,26.281899429309785,auto,0.6756952607635207,1.50511637280216
1kmN3334E4238,53.111677095361486,8.769501083835149,9356.0,30114.56,53.11560608248858,8.762919621244587,53.11560608248858,8.773043995301737,0.9,200.821,3.3470166666666668,16.133770870576285,bicycle,0.6756952607635207,1.3319613918603186
1kmN3334E4238,53.111677095361486,8.769501083835149,9356.0,30114.56,53.11560608248858,8.762919621244587,53.11560608248858,8.773043995301737,2.575,328.159,5.469316666666667,28.24850148860766,truck,0.6756952607635207,3.8108895378225784
1kmN3334E4238,53.111677095361486,8.769501083835149,9356.0,30114.56,53.11560608248858,8.767981808273161,53.109514594997094,8.762919621244587,1.067,153.16,2.5526666666666666,25.07965526247062,auto,0.7569346480466903,1.4096329224107387
1kmN3334E4238,53.111677095361486,8.769501083835149,9356.0,30114.56,53.11560608248858,8.767981808273161,53.109514594997094,8.762919621244587,1.064,242.332,4.038866666666666,15.806414340656621,bicycle,0.7569346480466903,1.4056695683645979
1kmN3334E4238,53.111677095361486,8.769501083835149,9356.0,30114.56,53.11560608248858,8.767981808273161,53.109514594997094,8.762919621244587,2.674,306.375,5.10625,31.4203182374541,truck,0.7569346480466903,3.5326695731268183
1kmN3334E4238,53.111677095361486,8.769501083835149,9356.0,30114.56,53.11560608248858,8.767981808273161,53.109514594997094,8.767981808273161,0.999,178.348,2.972466666666667,20.165070536254962,auto,0.6773425047726729,1.4748816041528068
1kmN3334E4238,53.111677095361486,8.769501083835149,9356.0,30114.56,53.11560608248858,8.767981808273161,53.109514594997094,8.767981808273161,0.986,252.334,4.205566666666667,14.067069836011001,bicycle,0.6773425047726729,1.4556889506453128
1kmN3334E4238,53.111677095361486,8.769501083835149,9356.0,30114.56,53.11560608248858,8.767981808273161,53.109514594997094,8.767981808273161,2.606,323.895,5.39825,28.964942342425786,truck,0.6773425047726729,3.847388849271486
1kmN3334E4238,53.111677095361486,8.769501083835149,9356.0,30114.56,53.11560608248858,8.767981808273161,53.109514594997094,8.773043995301737,0.929,123.996,2.0665999999999998,26.971837801219397,auto,0.7569346480467851,1.227318636288109
1kmN3334E4238,53.111677095361486,8.769501083835149,9356.0,30114.56,53.11560608248858,8.767981808273161,53.109514594997094,8.773043995301737,0.929,201.561,3.35935,16.592495572060074,bicycle,0.7569346480467851,1.227318636288109
1kmN3334E4238,53.111677095361486,8.769501083835149,9356.0,30114.56,53.11560608248858,8.767981808273161,53.109514594997094,8.773043995301737,0.929,123.996,2.0665999999999998,26.971837801219397,truck,0.7569346480467851,1.227318636288109
1kmN3334E4238,53.111677095361486,8.769501083835149,9356.0,30114.56,53.11560608248858,8.767981808273161,53.11256033874284,8.762919621244587,1.131,142.506,2.3751,28.57142857142857,auto,0.47837989544907583,2.364229790506312
1kmN3334E4238,53.111677095361486,8.769501083835149,9356.0,30114.56,53.11560608248858,8.767981808273161,53.11256033874284,8.762919621244587,1.131,249.689,4.161483333333333,16.30668551678288,bicycle,0.47837989544907583,2.364229790506312
1kmN3334E4238,53.111677095361486,8.769501083835149,9356.0,30114.56,53.11560608248858,8.767981808273161,53.11256033874284,8.762919621244587,2.092,237.999,3.96665,31.64383043626234,truck,0.47837989544907583,4.37309347633882
1kmN3334E4238,53.111677095361486,8.769501083835149,9356.0,30114.56,53.11560608248858,8.767981808273161,53.11256033874284,8.767981808273161,0.547,82.484,1.3747333333333331,23.873720964065765,auto,0.33867125238633644,1.6151356105537245
1kmN3334E4238,53.111677095361486,8.769501083835149,9356.0,30114.56,53.11560608248858,8.767981808273161,53.11256033874284,8.767981808273161,0.483,108.764,1.8127333333333333,15.986907432606378,bicycle,0.33867125238633644,1.4261617914030145
1kmN3334E4238,53.111677095361486,8.769501083835149,9356.0,30114.56,53.11560608248858,8.767981808273161,53.11256033874284,8.767981808273161,0.547,82.484,1.3747333333333331,23.873720964065765,truck,0.33867125238633644,1.6151356105537245
1kmN3334E4238,53.111677095361486,8.769501083835149,9356.0,30114.56,53.11560608248858,8.767981808273161,53.11256033874284,8.773043995301737,0.522,70.46,1.1743333333333332,26.67045131989782,auto,0.4783798954492257,1.0911829802333406
1kmN3334E4238,53.111677095361486,8.769501083835149,9356.0,30114.56,53.11560608248858,8.767981808273161,53.11256033874284,8.773043995301737,0.522,111.656,1.8609333333333333,16.830264383463494,bicycle,0.4783798954492257,1.0911829802333406
1kmN3334E4238,53.111677095361486,8.769501083835149,9356.0,30114.56,53.11560608248858,8.767981808273161,53.11256033874284,8.773043995301737,0.522,70.46,1.1743333333333332,26.67045131989782,truck,0.4783798954492257,1.0911829802333406
1kmN3334E4238,53.111677095361486,8.769501083835149,9356.0,30114.56,53.11560608248858,8.767981808273161,53.11560608248858,8.762919621244587,0.651,85.088,1.4181333333333332,27.54324934185784,auto,0.3378476305925545,1.9269041456890026
1kmN3334E4238,53.111677095361486,8.769501083835149,9356.0,30114.56,53.11560608248858,8.767981808273161,53.11560608248858,8.762919621244587,0.651,143.145,2.3857500000000003,16.372209996856334,bicycle,0.3378476305925545,1.9269041456890026
1kmN3334E4238,53.111677095361486,8.769501083835149,9356.0,30114.56,53.11560608248858,8.767981808273161,53.11560608248858,8.762919621244587,0.651,85.088,1.4181333333333332,27.54324934185784,truck,0.3378476305925545,1.9269041456890026
1kmN3334E4238,53.111677095361486,8.769501083835149,9356.0,30114.56,53.11560608248858,8.767981808273161,53.11560608248858,8.773043995301737,0.519,73.724,1.2287333333333335,25.343171830068904,auto,0.3378476305927668,1.5361954709861199
1kmN3334E4238,53.111677095361486,8.769501083835149,9356.0,30114.56,53.11560608248858,8.767981808273161,53.11560608248858,8.773043995301737,0.519,112.366,1.8727666666666667,16.62780556396063,bicycle,0.3378476305927668,1.5361954709861199
1kmN3334E4238,53.111677095361486,8.769501083835149,9356.0,30114.56,53.11560608248858,8.767981808273161,53.11560608248858,8.773043995301737,0.519,73.724,1.2287333333333335,25.343171830068904,truck,0.3378476305927668,1.5361954709861199
1kmN3334E4238,53.111677095361486,8.769501083835149,9356.0,30114.56,53.11560608248858,8.773043995301737,53.109514594997094,8.762919621244587,1.019,138.544,2.309066666666667,26.47823074257997,auto,0.9567766922168135,1.0650343055901763
1kmN3334E4238,53.111677095361486,8.769501083835149,9356.0,30114.56,53.11560608248858,8.773043995301737,53.109514594997094,8.762919621244587,1.016,232.425,3.8737500000000002,15.736689254598256,bicycle,0.9567766922168135,1.0618987777032574
1kmN3334E4238,53.111677095361486,8.769501083835149,9356.0,30114.56,53.11560608248858,8.773043995301737,53.109514594997094,8.762919621244587,3.714,426.742,7.112366666666667,31.331343059741013,truck,0.9567766922168135,3.8817835240058054
1kmN3334E4238,53.111677095361486,8.769501083835149,9356.0,30114.56,53.11560608248858,8.773043995301737,53.109514594997094,8.767981808273161,0.951,163.732,2.7288666666666668,20.909779395597685,auto,0.7569346480467851,1.256383232626471
1kmN3334E4238,53.111677095361486,8.769501083835149,9356.0,30114.56,53.11560608248858,8.773043995301737,53.109514594997094,8.767981808273161,0.938,242.427,4.04045,13.929141556014798,bicycle,0.7569346480467851,1.2392086984265298
1kmN3334E4238,53.111677095361486,8.769501083835149,9356.0,30114.56,53.11560608248858,8.773043995301737,53.109514594997094,8.767981808273161,3.646,444.261,7.40435,29.544794613976915,truck,0.7569346480467851,4.816796284075829
1kmN3334E4238,53.111677095361486,8.769501083835149,9356.0,30114.56,53.11560608248858,8.773043995301737,53.109514594997094,8.773043995301737,0.882,114.232,1.9038666666666666,27.79606415015057,auto,0.6773425047726729,1.302147722585361
1kmN3334E4238,53.111677095361486,8.769501083835149,9356.0,30114.56,53.11560608248858,8.773043995301737,53.109514594997094,8.773043995301737,0.882,193.055,3.2175833333333332,16.447126466550984,bicycle,0.6773425047726729,1.302147722585361
1kmN3334E4238,53.111677095361486,8.769501083835149,9356.0,30114.56,53.11560608248858,8.773043995301737,53.109514594997094,8.773043995301737,0.882,114.232,1.9038666666666666,27.79606415015057,truck,0.6773425047726729,1.302147722585361
1kmN3334E4238,53.111677095361486,8.769501083835149,9356.0,30114.56,53.11560608248858,8.773043995301737,53.11256033874284,8.762919621244587,1.076,149.678,2.4946333333333333,25.879554777589224,auto,0.7558403570403858,1.4235810379499327
1kmN3334E4238,53.111677095361486,8.769501083835149,9356.0,30114.56,53.11560608248858,8.773043995301737,53.11256033874284,8.762919621244587,1.076,249.227,4.153783333333333,15.542457277903278,bicycle,0.7558403570403858,1.4235810379499327
1kmN3334E4238,53.111677095361486,8.769501083835149,9356.0,30114.56,53.11560608248858,8.773043995301737,53.11256033874284,8.762919621244587,3.132,358.365,5.9727500000000004,31.46289397681135,truck,0.7558403570403858,4.1437321662260125
1kmN3334E4238,53.111677095361486,8.769501083835149,9356.0,30114.56,53.11560608248858,8.773043995301737,53.11256033874284,8.767981808273161,0.5,67.868,1.1311333333333333,26.52207225791242,auto,0.4783798954492257,1.0451944255108627
1kmN3334E4238,53.111677095361486,8.769501083835149,9356.0,30114.56,53.11560608248858,8.773043995301737,53.11256033874284,8.767981808273161,0.5,113.951,1.8991833333333332,15.796263306157911,bicycle,0.4783798954492257,1.0451944255108627
1kmN3334E4238,53.111677095361486,8.769501083835149,9356.0,30114.56,53.11560608248858,8.773043995301737,53.11256033874284,8.767981808273161,0.5,67.868,1.1311333333333333,26.52207225791242,truck,0.4783798954492257,1.0451944255108627
1kmN3334E4238,53.111677095361486,8.769501083835149,9356.0,30114.56,53.11560608248858,8.773043995301737,53.11256033874284,8.773043995301737,0.474,60.696,1.0116,28.11387900355872,auto,0.33867125238633644,1.3995873480849457
1kmN3334E4238,53.111677095361486,8.769501083835149,9356.0,30114.56,53.11560608248858,8.773043995301737,53.11256033874284,8.773043995301737,0.474,103.149,1.71915,16.54305906988919,bicycle,0.33867125238633644,1.3995873480849457
1kmN3334E4238,53.111677095361486,8.769501083835149,9356.0,30114.56,53.11560608248858,8.773043995301737,53.11256033874284,8.773043995301737,0.474,60.696,1.0116,28.11387900355872,truck,0.33867125238633644,1.3995873480849457
1kmN3334E4238,53.111677095361486,8.769501083835149,9356.0,30114.56,53.11560608248858,8.773043995301737,53.11560608248858,8.762919621244587,1.017,135.983,2.266383333333333,26.923953729510302,auto,0.6756952607635207,1.50511637280216
1kmN3334E4238,53.111677095361486,8.769501083835149,9356.0,30114.56,53.11560608248858,8.773043995301737,53.11560608248858,8.762919621244587,1.017,224.638,3.7439666666666667,16.298222028330024,bicycle,0.6756952607635207,1.50511637280216
1kmN3334E4238,53.111677095361486,8.769501083835149,9356.0,30114.56,53.11560608248858,8.773043995301737,53.11560608248858,8.762919621244587,2.575,319.271,5.321183333333334,29.034895120446265,truck,0.6756952607635207,3.8108895378225784
1kmN3334E4238,53.111677095361486,8.769501083835149,9356.0,30114.56,53.11560608248858,8.773043995301737,53.11560608248858,8.767981808273161,0.519,78.226,1.3037666666666667,23.884641934906554,auto,0.3378476305927668,1.5361954709861199
1kmN3334E4238,53.111677095361486,8.769501083835149,9356.0,30114.56,53.11560608248858,8.773043995301737,53.11560608248858,8.767981808273161,0.519,115.966,1.9327666666666665,16.111618922787713,bicycle,0.3378476305927668,1.5361954709861199
1kmN3334E4238,53.111677095361486,8.769501083835149,9356.0,30114.56,53.11560608248858,8.773043995301737,53.11560608248858,8.767981808273161,0.519,78.226,1.3037666666666667,23.884641934906554,truck,0.3378476305927668,1.5361954709861199
1kmN3332E4240,53.09400821025173,8.799860512535798,8916.0,31606.83,53.09184732179729,8.793284444036225,53.09184732179729,8.79834248222323,0.933,97.11,1.6185,34.587581093605195,auto,0.33775725175380167,2.762338913984542
1kmN3332E4240,53.09400821025173,8.799860512535798,8916.0,31606.83,53.09184732179729,8.793284444036225,53.09184732179729,8.79834248222323,0.662,162.973,2.716216666666667,14.623281157001465,bicycle,0.33775725175380167,1.959987525249482
1kmN3332E4240,53.09400821025173,8.799860512535798,8916.0,31606.83,53.09184732179729,8.793284444036225,53.09184732179729,8.79834248222323,1.036,115.725,1.92875,32.22812702527544,truck,0.33775725175380167,3.0672916558284946
1kmN3332E4240,53.09400821025173,8.799860512535798,8916.0,31606.83,53.09184732179729,8.793284444036225,53.09184732179729,8.803400520410236,1.448,162.323,2.7053833333333333,32.11374851376576,auto,0.6755145030868687,2.143551312937233
1kmN3332E4240,53.09400821025173,8.799860512535798,8916.0,31606.83,53.09184732179729,8.793284444036225,53.09184732179729,8.803400520410236,1.038,250.192,4.169866666666667,14.935729359851633,bicycle,0.6755145030868687,1.5366065351027958
1kmN3332E4240,53.09400821025173,8.799860512535798,8916.0,31606.83,53.09184732179729,8.793284444036225,53.09489183826882,8.793284444036225,0.812,88.237,1.4706166666666667,33.12895950678287,auto,0.33853478572055873,2.3985718285099953
1kmN3332E4240,53.09400821025173,8.799860512535798,8916.0,31606.83,53.09184732179729,8.793284444036225,53.09489183826882,8.793284444036225,0.482,134.905,2.2484166666666665,12.862384641043697,bicycle,0.33853478572055873,1.4237827849037163
1kmN3332E4240,53.09400821025173,8.799860512535798,8916.0,31606.83,53.09184732179729,8.793284444036225,53.09489183826882,8.793284444036225,0.916,106.853,1.7808833333333332,30.861089534219914,truck,0.33853478572055873,2.7057780725556104
1kmN3332E4240,53.09400821025173,8.799860512535798,8916.0,31606.83,53.09184732179729,8.793284444036225,53.09489183826882,8.79834248222323,0.872,87.957,1.4659499999999999,35.69016678604318,auto,0.47820256264065597,1.8234950377195325
1kmN3332E4240,53.09400821025173,8.799860512535798,8916.0,31606.83,53.09184732179729,8.793284444036225,53.09489183826882,8.79834248222323,0.533,134.109,2.23515,14.30776457955842,bicycle,0.47820256264065597,1.1145904301657235
1kmN3332E4240,53.09400821025173,8.799860512535798,8916.0,31606.83,53.09184732179729,8.793284444036225,53.09489183826882,8.803400520410236,1.529,165.639,2.76065,33.23130422183181,auto,0.7555748537817818,2.0236247836294345
1kmN3332E4240,53.09400821025173,8.799860512535798,8916.0,31606.83,53.09184732179729,8.793284444036225,53.09489183826882,8.803400520410236,0.916,215.303,3.5883833333333333,15.316089418168813,bicycle,0.7555748537817818,1.212321976327379
1kmN3332E4240,53.09400821025173,8.799860512535798,8916.0,31606.83,53.09184732179729,8.793284444036225,53.09793635474036,8.793284444036225,1.225,139.06,2.3176666666666668,31.712929670645764,auto,0.6770695714418248,1.8092675430552185
1kmN3332E4240,53.09400821025173,8.799860512535798,8916.0,31606.83,53.09184732179729,8.793284444036225,53.09793635474036,8.793284444036225,0.886,212.769,3.54615,14.99090563004949,bicycle,0.6770695714418248,1.3085804433852437
1kmN3332E4240,53.09400821025173,8.799860512535798,8916.0,31606.83,53.09184732179729,8.793284444036225,53.09793635474036,8.79834248222323,1.18,134.021,2.233683333333333,31.696525171428362,auto,0.756628721891952,1.5595495728068676
1kmN3332E4240,53.09400821025173,8.799860512535798,8916.0,31606.83,53.09184732179729,8.793284444036225,53.09793635474036,8.79834248222323,0.841,203.377,3.389616666666667,14.886639098816483,bicycle,0.756628721891952,1.1115094836699795
1kmN3332E4240,53.09400821025173,8.799860512535798,8916.0,31606.83,53.09184732179729,8.793284444036225,53.09793635474036,8.803400520410236,1.765,192.518,3.2086333333333332,33.004706053459934,auto,0.9563882458927213,1.8454848306427023
1kmN3332E4240,53.09400821025173,8.799860512535798,8916.0,31606.83,53.09184732179729,8.793284444036225,53.09793635474036,8.803400520410236,1.071,250.269,4.17115,15.405823334092513,bicycle,0.9563882458927213,1.1198381040330505
1kmN3332E4240,53.09400821025173,8.799860512535798,8916.0,31606.83,53.09184732179729,8.79834248222323,53.09184732179729,8.793284444036225,0.591,78.841,1.3140166666666666,26.985959082203422,auto,0.33775725175380167,1.7497773828133592
1kmN3332E4240,53.09400821025173,8.799860512535798,8916.0,31606.83,53.09184732179729,8.79834248222323,53.09184732179729,8.793284444036225,0.586,140.27,2.3378333333333337,15.039566550224563,bicycle,0.33775725175380167,1.7349738516558857
1kmN3332E4240,53.09400821025173,8.799860512535798,8916.0,31606.83,53.09184732179729,8.79834248222323,53.09184732179729,8.793284444036225,0.591,78.841,1.3140166666666666,26.985959082203422,truck,0.33775725175380167,1.7497773828133592
1kmN3332E4240,53.09400821025173,8.799860512535798,8916.0,31606.83,53.09184732179729,8.79834248222323,53.09184732179729,8.803400520410236,0.606,74.554,1.2425666666666666,29.26201142795826,auto,0.33775725175380167,1.7941879762857795
1kmN3332E4240,53.09400821025173,8.799860512535798,8916.0,31606.83,53.09184732179729,8.79834248222323,53.09184732179729,8.803400520410236,0.606,134.021,2.233683333333333,16.27804597786914,bicycle,0.33775725175380167,1.7941879762857795
1kmN3332E4240,53.09400821025173,8.799860512535798,8916.0,31606.83,53.09184732179729,8.79834248222323,53.09489183826882,8.793284444036225,0.925,92.306,1.5384333333333333,36.075661387125436,auto,0.47820256264065597,1.93432673152588
1kmN3332E4240,53.09400821025173,8.799860512535798,8916.0,31606.83,53.09184732179729,8.79834248222323,53.09489183826882,8.793284444036225,0.832,197.131,3.2855166666666666,15.193957317722731,bicycle,0.47820256264065597,1.739848476356251
1kmN3332E4240,53.09400821025173,8.799860512535798,8916.0,31606.83,53.09184732179729,8.79834248222323,53.09489183826882,8.793284444036225,0.925,92.306,1.5384333333333333,36.075661387125436,truck,0.47820256264065597,1.93432673152588
1kmN3332E4240,53.09400821025173,8.799860512535798,8916.0,31606.83,53.09184732179729,8.79834248222323,53.09489183826882,8.79834248222323,0.847,96.039,1.6006500000000001,31.749601724299502,auto,0.33853478572055873,2.501958545256116
1kmN3332E4240,53.09400821025173,8.799860512535798,8916.0,31606.83,53.09184732179729,8.79834248222323,53.09489183826882,8.79834248222323,0.565,122.385,2.03975,16.619683784777543,bicycle,0.33853478572055873,1.668956998901659
1kmN3332E4240,53.09400821025173,8.799860512535798,8916.0,31606.83,53.09184732179729,8.79834248222323,53.09489183826882,8.803400520410236,1.344,165.852,2.7642,29.172997612329066,auto,0.47820256264065597,2.810524461806252
1kmN3332E4240,53.09400821025173,8.799860512535798,8916.0,31606.83,53.09184732179729,8.79834248222323,53.09489183826882,8.803400520410236,0.947,205.333,3.4222166666666665,16.60327370661316,bicycle,0.47820256264065597,1.9803323402756847
1kmN3332E4240,53.09400821025173,8.799860512535798,8916.0,31606.83,53.09184732179729,8.79834248222323,53.09793635474036,8.793284444036225,1.347,163.839,2.73065,29.597348616629738,auto,0.756628721891952,1.7802654869244499
1kmN3332E4240,53.09400821025173,8.799860512535798,8916.0,31606.83,53.09184732179729,8.79834248222323,53.09793635474036,8.793284444036225,0.918,201.046,3.3507666666666664,16.438029107766383,bicycle,0.756628721891952,1.2132767015565293
1kmN3332E4240,53.09400821025173,8.799860512535798,8916.0,31606.83,53.09184732179729,8.79834248222323,53.09793635474036,8.79834248222323,1.269,159.863,2.6643833333333333,28.576969029731703,auto,0.6770695714418248,1.874253479295569
1kmN3332E4240,53.09400821025173,8.799860512535798,8916.0,31606.83,53.09184732179729,8.79834248222323,53.09793635474036,8.79834248222323,0.873,191.653,3.1942166666666667,16.39838666757108,bicycle,0.6770695714418248,1.2893800531324129
1kmN3332E4240,53.09400821025173,8.799860512535798,8916.0,31606.83,53.09184732179729,8.79834248222323,53.09793635474036,8.803400520410236,1.58,192.731,3.2121833333333334,29.512636783911255,auto,0.756628721891952,2.088210444944789
1kmN3332E4240,53.09400821025173,8.799860512535798,8916.0,31606.83,53.09184732179729,8.79834248222323,53.09793635474036,8.803400520410236,1.225,264.049,4.400816666666667,16.701445565027708,bicycle,0.756628721891952,1.619023920922384
1kmN3332E4240,53.09400821025173,8.799860512535798,8916.0,31606.83,53.09184732179729,8.803400520410236,53.09184732179729,8.793284444036225,1.18,147.942,2.4657,28.71395546903516,auto,0.6755145030868687,1.7468166776698446
1kmN3332E4240,53.09400821025173,8.799860512535798,8916.0,31606.83,53.09184732179729,8.803400520410236,53.09184732179729,8.793284444036225,1.038,246.492,4.1082,15.159924054330363,bicycle,0.6755145030868687,1.5366065351027958
1kmN3332E4240,53.09400821025173,8.799860512535798,8916.0,31606.83,53.09184732179729,8.803400520410236,53.09184732179729,8.79834248222323,1.635,174.771,2.9128499999999997,33.67835624903446,auto,0.33775725175380167,4.840754688493812
1kmN3332E4240,53.09400821025173,8.799860512535798,8916.0,31606.83,53.09184732179729,8.803400520410236,53.09184732179729,8.79834248222323,0.606,133.421,2.2236833333333332,16.35124905374716,bicycle,0.33775725175380167,1.7941879762857795
1kmN3332E4240,53.09400821025173,8.799860512535798,8916.0,31606.83,53.09184732179729,8.803400520410236,53.09489183826882,8.793284444036225,1.514,161.408,2.6901333333333333,33.76784298176051,auto,0.7555748537817818,2.00377234951927
1kmN3332E4240,53.09400821025173,8.799860512535798,8916.0,31606.83,53.09184732179729,8.803400520410236,53.09489183826882,8.793284444036225,1.284,302.953,5.049216666666666,15.257812267909545,bicycle,0.7555748537817818,1.6993683598300813
1kmN3332E4240,53.09400821025173,8.799860512535798,8916.0,31606.83,53.09184732179729,8.803400520410236,53.09489183826882,8.79834248222323,0.794,100.438,1.6739666666666666,28.459348055516838,auto,0.47820256264065597,1.660384243061134
1kmN3332E4240,53.09400821025173,8.799860512535798,8916.0,31606.83,53.09184732179729,8.803400520410236,53.09489183826882,8.79834248222323,0.576,125.182,2.0863666666666667,16.564681823265325,bicycle,0.47820256264065597,1.2045104836312506
1kmN3332E4240,53.09400821025173,8.799860512535798,8916.0,31606.83,53.09184732179729,8.803400520410236,53.09489183826882,8.79834248222323,1.162,120.261,2.00435,34.78434405168758,truck,0.47820256264065597,2.429932607603322
1kmN3332E4240,53.09400821025173,8.799860512535798,8916.0,31606.83,53.09184732179729,8.803400520410236,53.09489183826882,8.803400520410236,0.946,128.322,2.1387,26.539486604011778,auto,0.33853478572055873,2.794395258337999
1kmN3332E4240,53.09400821025173,8.799860512535798,8916.0,31606.83,53.09184732179729,8.803400520410236,53.09489183826882,8.803400520410236,0.561,124.951,2.0825166666666663,16.163135949292126,bicycle,0.33853478572055873,1.6571413741306742
1kmN3332E4240,53.09400821025173,8.799860512535798,8916.0,31606.83,53.09184732179729,8.803400520410236,53.09489183826882,8.803400520410236,0.946,128.322,2.1387,26.539486604011778,truck,0.33853478572055873,2.794395258337999
1kmN3332E4240,53.09400821025173,8.799860512535798,8916.0,31606.83,53.09184732179729,8.803400520410236,53.09793635474036,8.793284444036225,1.401,173.179,2.8863166666666666,29.12362353403126,auto,0.9563882458927213,1.464886259337352
1kmN3332E4240,53.09400821025173,8.799860512535798,8916.0,31606.83,53.09184732179729,8.803400520410236,53.09793635474036,8.793284444036225,1.201,266.618,4.4436333333333335,16.216459503859454,bicycle,0.9563882458927213,1.255766165213533
1kmN3332E4240,53.09400821025173,8.799860512535798,8916.0,31606.83,53.09184732179729,8.803400520410236,53.09793635474036,8.79834248222323,1.216,164.262,2.7377,26.650107754684587,auto,0.756628721891952,1.6071290512992806
1kmN3332E4240,53.09400821025173,8.799860512535798,8916.0,31606.83,53.09184732179729,8.803400520410236,53.09793635474036,8.79834248222323,1.066,233.225,3.8870833333333334,16.454496730624935,bicycle,0.756628721891952,1.4088812242475601
1kmN3332E4240,53.09400821025173,8.799860512535798,8916.0,31606.83,53.09184732179729,8.803400520410236,53.09793635474036,8.79834248222323,1.647,203.363,3.3893833333333334,29.1557461288435,truck,0.756628721891952,2.1767611410278906
1kmN3332E4240,53.09400821025173,8.799860512535798,8916.0,31606.83,53.09184732179729,8.803400520410236,53.09793635474036,8.803400520410236,1.137,129.896,2.164933333333333,31.511362936503055,auto,0.6770695714418248,1.679295670574517
1kmN3332E4240,53.09400821025173,8.799860512535798,8916.0,31606.83,53.09184732179729,8.803400520410236,53.09793635474036,8.803400520410236,0.959,210.067,3.501116666666667,16.434756530059456,bicycle,0.6770695714418248,1.416398019420371
1kmN3332E4240,53.09400821025173,8.799860512535798,8916.0,31606.83,53.09184732179729,8.803400520410236,53.09793635474036,8.803400520410236,1.137,129.896,2.164933333333333,31.511362936503055,truck,0.6770695714418248,1.679295670574517
1kmN3332E4240,53.09400821025173,8.799860512535798,8916.0,31606.83,53.09489183826882,8.793284444036225,53.09184732179729,8.793284444036225,0.525,55.195,0.9199166666666667,34.242232086239696,auto,0.33853478572055873,1.5508007511918074
1kmN3332E4240,53.09400821025173,8.799860512535798,8916.0,31606.83,53.09489183826882,8.793284444036225,53.09184732179729,8.793284444036225,0.477,122.055,2.03425,14.069067223792553,bicycle,0.33853478572055873,1.4090132539399849
1kmN3332E4240,53.09400821025173,8.799860512535798,8916.0,31606.83,53.09489183826882,8.793284444036225,53.09184732179729,8.793284444036225,0.525,55.195,0.9199166666666667,34.242232086239696,truck,0.33853478572055873,1.5508007511918074
1kmN3332E4240,53.09400821025173,8.799860512535798,8916.0,31606.83,53.09489183826882,8.793284444036225,53.09184732179729,8.79834248222323,0.887,77.258,1.2876333333333332,41.33164203059877,auto,0.47820256264065597,1.8548624982307629
1kmN3332E4240,53.09400821025173,8.799860512535798,8916.0,31606.83,53.09489183826882,8.793284444036225,53.09184732179729,8.79834248222323,0.974,231.885,3.86475,15.121288569765186,bicycle,0.47820256264065597,2.0367937691958997
1kmN3332E4240,53.09400821025173,8.799860512535798,8916.0,31606.83,53.09489183826882,8.793284444036225,53.09184732179729,8.79834248222323,0.887,77.258,1.2876333333333332,41.33164203059877,truck,0.47820256264065597,1.8548624982307629
1kmN3332E4240,53.09400821025173,8.799860512535798,8916.0,31606.83,53.09489183826882,8.793284444036225,53.09184732179729,8.803400520410236,1.403,142.471,2.3745166666666666,35.45142520232188,auto,0.7555748537817818,1.856864337104053
1kmN3332E4240,53.09400821025173,8.799860512535798,8916.0,31606.83,53.09489183826882,8.793284444036225,53.09184732179729,8.803400520410236,1.35,319.103,5.318383333333333,15.230192132320912,bicycle,0.7555748537817818,1.7867190699148052
1kmN3332E4240,53.09400821025173,8.799860512535798,8916.0,31606.83,53.09489183826882,8.793284444036225,53.09489183826882,8.79834248222323,0.826,68.106,1.1351,43.66135142278213,auto,0.3377333547310317,2.4457163866974883
1kmN3332E4240,53.09400821025173,8.799860512535798,8916.0,31606.83,53.09489183826882,8.793284444036225,53.09489183826882,8.79834248222323,0.844,203.02,3.383666666666667,14.966013200669883,bicycle,0.3377333547310317,2.4990128697005813
1kmN3332E4240,53.09400821025173,8.799860512535798,8916.0,31606.83,53.09489183826882,8.793284444036225,53.09489183826882,8.803400520410236,1.483,145.787,2.4297833333333334,36.62054915733228,auto,0.675466709041325,2.195519009522748
1kmN3332E4240,53.09400821025173,8.799860512535798,8916.0,31606.83,53.09489183826882,8.793284444036225,53.09489183826882,8.803400520410236,1.227,284.215,4.736916666666667,15.541755361258204,bicycle,0.675466709041325,1.8165217968202372
1kmN3332E4240,53.09400821025173,8.799860512535798,8916.0,31606.83,53.09489183826882,8.793284444036225,53.09793635474036,8.793284444036225,1.076,133.953,2.2325500000000003,28.917605428769793,auto,0.33853478572126605,3.178403063388378
1kmN3332E4240,53.09400821025173,8.799860512535798,8916.0,31606.83,53.09489183826882,8.793284444036225,53.09793635474036,8.793284444036225,1.062,248.681,4.144683333333334,15.373912763741501,bicycle,0.33853478572126605,3.137048376690016
1kmN3332E4240,53.09400821025173,8.799860512535798,8916.0,31606.83,53.09489183826882,8.793284444036225,53.09793635474036,8.79834248222323,1.134,114.17,1.9028333333333334,35.75720416922133,auto,0.4781856845945554,2.3714637148987365
1kmN3332E4240,53.09400821025173,8.799860512535798,8916.0,31606.83,53.09489183826882,8.793284444036225,53.09793635474036,8.79834248222323,1.152,272.288,4.538133333333334,15.230931954401221,bicycle,0.4781856845945554,2.4091059960876056
1kmN3332E4240,53.09400821025173,8.799860512535798,8916.0,31606.83,53.09489183826882,8.793284444036225,53.09793635474036,8.803400520410236,1.719,172.666,2.8777666666666666,35.8402928196634,auto,0.7555321249333158,2.2752176158647406
1kmN3332E4240,53.09400821025173,8.799860512535798,8916.0,31606.83,53.09489183826882,8.793284444036225,53.09793635474036,8.803400520410236,1.383,319.181,5.319683333333333,15.598672853334001,bicycle,0.7555321249333158,1.8304979422576708
1kmN3332E4240,53.09400821025173,8.799860512535798,8916.0,31606.83,53.09489183826882,8.79834248222323,53.09184732179729,8.793284444036225,1.121,94.773,1.57955,42.5817479661929,auto,0.47820256264065597,2.3441948822059584
1kmN3332E4240,53.09400821025173,8.799860512535798,8916.0,31606.83,53.09489183826882,8.79834248222323,53.09184732179729,8.793284444036225,0.533,132.509,2.208483333333333,14.480525851074269,bicycle,0.47820256264065597,1.1145904301657235
1kmN3332E4240,53.09400821025173,8.799860512535798,8916.0,31606.83,53.09489183826882,8.79834248222323,53.09184732179729,8.79834248222323,1.483,116.836,1.9472666666666667,45.69482008969838,auto,0.33853478572055873,4.3806428838427625
1kmN3332E4240,53.09400821025173,8.799860512535798,8916.0,31606.83,53.09489183826882,8.79834248222323,53.09184732179729,8.79834248222323,0.565,118.285,1.9714166666666666,17.195756013019402,bicycle,0.33853478572055873,1.668956998901659
1kmN3332E4240,53.09400821025173,8.799860512535798,8916.0,31606.83,53.09489183826882,8.79834248222323,53.09184732179729,8.803400520410236,0.576,74.365,1.2394166666666666,27.884085255160358,auto,0.47820256264065597,1.2045104836312506
1kmN3332E4240,53.09400821025173,8.799860512535798,8916.0,31606.83,53.09489183826882,8.79834248222323,53.09184732179729,8.803400520410236,0.638,138.357,2.30595,16.60053340271905,bicycle,0.47820256264065597,1.3341626537443367
1kmN3332E4240,53.09400821025173,8.799860512535798,8916.0,31606.83,53.09489183826882,8.79834248222323,53.09184732179729,8.803400520410236,1.063,106.878,1.7813,35.80531072811991,truck,0.47820256264065597,2.2229073682292007
1kmN3332E4240,53.09400821025173,8.799860512535798,8916.0,31606.83,53.09489183826882,8.79834248222323,53.09489183826882,8.793284444036225,1.232,94.489,1.5748166666666668,46.93879710865815,auto,0.3377333547310317,3.6478481699894743
1kmN3332E4240,53.09400821025173,8.799860512535798,8916.0,31606.83,53.09489183826882,8.79834248222323,53.09489183826882,8.793284444036225,0.778,189.37,3.1561666666666666,14.790093467814332,bicycle,0.3377333547310317,2.303592432022574
1kmN3332E4240,53.09400821025173,8.799860512535798,8916.0,31606.83,53.09489183826882,8.79834248222323,53.09489183826882,8.803400520410236,0.657,77.681,1.2946833333333332,30.447599799178693,auto,0.3377333547310317,1.9453216296128935
1kmN3332E4240,53.09400821025173,8.799860512535798,8916.0,31606.83,53.09489183826882,8.79834248222323,53.09489183826882,8.803400520410236,0.383,81.194,1.3532333333333333,16.9815503608641,bicycle,0.3377333547310317,1.1340307216769225
1kmN3332E4240,53.09400821025173,8.799860512535798,8916.0,31606.83,53.09489183826882,8.79834248222323,53.09489183826882,8.803400520410236,0.657,77.681,1.2946833333333332,30.447599799178693,truck,0.3377333547310317,1.9453216296128935
1kmN3332E4240,53.09400821025173,8.799860512535798,8916.0,31606.83,53.09489183826882,8.79834248222323,53.09793635474036,8.793284444036225,0.606,72.741,1.21235,29.99133913473832,auto,0.4781856845945554,1.2672901333585842
1kmN3332E4240,53.09400821025173,8.799860512535798,8916.0,31606.83,53.09489183826882,8.79834248222323,53.09793635474036,8.793284444036225,0.606,135.735,2.2622500000000003,16.07249419825395,bicycle,0.4781856845945554,1.2672901333585842
1kmN3332E4240,53.09400821025173,8.799860512535798,8916.0,31606.83,53.09489183826882,8.79834248222323,53.09793635474036,8.79834248222323,0.505,64.419,1.07365,28.221487449355006,auto,0.33853478572126605,1.4917226273337645
1kmN3332E4240,53.09400821025173,8.799860512535798,8916.0,31606.83,53.09489183826882,8.79834248222323,53.09793635474036,8.79834248222323,0.505,115.142,1.9190333333333334,15.78919942332077,bicycle,0.33853478572126605,1.4917226273337645
1kmN3332E4240,53.09400821025173,8.799860512535798,8916.0,31606.83,53.09489183826882,8.79834248222323,53.09793635474036,8.79834248222323,0.645,87.709,1.4618166666666668,26.47390803680352,truck,0.33853478572126605,1.9052694943173825
1kmN3332E4240,53.09400821025173,8.799860512535798,8916.0,31606.83,53.09489183826882,8.79834248222323,53.09793635474036,8.803400520410236,0.892,104.56,1.7426666666666668,30.711553175210405,auto,0.4781856845945554,1.8653841566928335
1kmN3332E4240,53.09400821025173,8.799860512535798,8916.0,31606.83,53.09489183826882,8.79834248222323,53.09793635474036,8.803400520410236,0.538,116.16,1.936,16.673553719008265,bicycle,0.4781856845945554,1.125085959978413
1kmN3332E4240,53.09400821025173,8.799860512535798,8916.0,31606.83,53.09489183826882,8.79834248222323,53.09793635474036,8.803400520410236,0.844,113.629,1.8938166666666667,26.73965272949687,truck,0.4781856845945554,1.7650047401891833
1kmN3332E4240,53.09400821025173,8.799860512535798,8916.0,31606.83,53.09489183826882,8.803400520410236,53.09184732179729,8.793284444036225,1.504,129.76,2.1626666666666665,41.72626387176326,auto,0.7555748537817818,1.9905373934458273
1kmN3332E4240,53.09400821025173,8.799860512535798,8916.0,31606.83,53.09489183826882,8.803400520410236,53.09184732179729,8.793284444036225,0.916,216.803,3.613383333333333,15.210121631158241,bicycle,0.7555748537817818,1.212321976327379
1kmN3332E4240,53.09400821025173,8.799860512535798,8916.0,31606.83,53.09489183826882,8.803400520410236,53.09184732179729,8.79834248222323,1.866,151.824,2.5304,44.24596901675625,auto,0.47820256264065597,3.902112087597073
1kmN3332E4240,53.09400821025173,8.799860512535798,8916.0,31606.83,53.09489183826882,8.803400520410236,53.09184732179729,8.79834248222323,0.948,202.579,3.376316666666667,16.846761016689786,bicycle,0.47820256264065597,1.9824235043097667
1kmN3332E4240,53.09400821025173,8.799860512535798,8916.0,31606.83,53.09489183826882,8.803400520410236,53.09184732179729,8.803400520410236,0.471,64.334,1.0722333333333334,26.35620356265738,auto,0.33853478572055873,1.391289816783507
1kmN3332E4240,53.09400821025173,8.799860512535798,8916.0,31606.83,53.09489183826882,8.803400520410236,53.09184732179729,8.803400520410236,0.471,107.401,1.7900166666666666,15.787562499418069,bicycle,0.33853478572055873,1.391289816783507
1kmN3332E4240,53.09400821025173,8.799860512535798,8916.0,31606.83,53.09489183826882,8.803400520410236,53.09184732179729,8.803400520410236,0.752,88.053,1.46755,30.74511941671493,truck,0.33853478572055873,2.2213374569452173
1kmN3332E4240,53.09400821025173,8.799860512535798,8916.0,31606.83,53.09489183826882,8.803400520410236,53.09489183826882,8.793284444036225,1.615,129.476,2.1579333333333333,44.904074886465445,auto,0.675466709041325,2.39093944732248
1kmN3332E4240,53.09400821025173,8.799860512535798,8916.0,31606.83,53.09489183826882,8.803400520410236,53.09489183826882,8.793284444036225,1.161,273.665,4.561083333333333,15.27268740978934,bicycle,0.675466709041325,1.7188115779203712
1kmN3332E4240,53.09400821025173,8.799860512535798,8916.0,31606.83,53.09489183826882,8.803400520410236,53.09489183826882,8.79834248222323,0.383,34.987,0.5831166666666667,39.40892331437391,auto,0.3377333547310317,1.1340307216769225
1kmN3332E4240,53.09400821025173,8.799860512535798,8916.0,31606.83,53.09489183826882,8.803400520410236,53.09489183826882,8.79834248222323,0.383,84.294,1.4049,16.357036087977793,bicycle,0.3377333547310317,1.1340307216769225
1kmN3332E4240,53.09400821025173,8.799860512535798,8916.0,31606.83,53.09489183826882,8.803400520410236,53.09489183826882,8.79834248222323,0.383,34.987,0.5831166666666667,39.40892331437391,truck,0.3377333547310317,1.1340307216769225
1kmN3332E4240,53.09400821025173,8.799860512535798,8916.0,31606.83,53.09489183826882,8.803400520410236,53.09793635474036,8.793284444036225,0.99,107.728,1.7954666666666665,33.08332095648299,auto,0.7555321249333158,1.3103347525922588
1kmN3332E4240,53.09400821025173,8.799860512535798,8916.0,31606.83,53.09489183826882,8.803400520410236,53.09793635474036,8.793284444036225,0.99,220.029,3.66715,16.19786482690918,bicycle,0.7555321249333158,1.3103347525922588
1kmN3332E4240,53.09400821025173,8.799860512535798,8916.0,31606.83,53.09489183826882,8.803400520410236,53.09793635474036,8.79834248222323,0.804,107.723,1.7953833333333333,26.868913788141807,auto,0.4781856845945554,1.6813552264361415
1kmN3332E4240,53.09400821025173,8.799860512535798,8916.0,31606.83,53.09489183826882,8.803400520410236,53.09793635474036,8.79834248222323,0.594,135.973,2.2662166666666668,15.726651614658788,bicycle,0.4781856845945554,1.2421952792326716
1kmN3332E4240,53.09400821025173,8.799860512535798,8916.0,31606.83,53.09489183826882,8.803400520410236,53.09793635474036,8.79834248222323,0.867,118.089,1.96815,26.43091227802759,truck,0.4781856845945554,1.8131032105971823
1kmN3332E4240,53.09400821025173,8.799860512535798,8916.0,31606.83,53.09489183826882,8.803400520410236,53.09793635474036,8.803400520410236,0.816,100.509,1.67515,29.227233382085185,auto,0.33853478572126605,2.4103874532759444
1kmN3332E4240,53.09400821025173,8.799860512535798,8916.0,31606.83,53.09489183826882,8.803400520410236,53.09793635474036,8.803400520410236,0.479,102.17,1.7028333333333334,16.87775276499951,bicycle,0.33853478572126605,1.4149210663225211
1kmN3332E4240,53.09400821025173,8.799860512535798,8916.0,31606.83,53.09489183826882,8.803400520410236,53.09793635474036,8.803400520410236,0.887,85.318,1.4219666666666666,37.42703767083148,truck,0.33853478572126605,2.6201147929604933
1kmN3332E4240,53.09400821025173,8.799860512535798,8916.0,31606.83,53.09793635474036,8.793284444036225,53.09184732179729,8.793284444036225,0.931,95.253,1.58755,35.1862933450915,auto,0.6770695714418248,1.375043332721966
1kmN3332E4240,53.09400821025173,8.799860512535798,8916.0,31606.83,53.09793635474036,8.793284444036225,53.09184732179729,8.793284444036225,0.886,211.219,3.5203166666666665,15.100914216997525,bicycle,0.6770695714418248,1.3085804433852437
1kmN3332E4240,53.09400821025173,8.799860512535798,8916.0,31606.83,53.09793635474036,8.793284444036225,53.09184732179729,8.79834248222323,1.293,117.316,1.9552666666666667,39.67745235091547,auto,0.756628721891952,1.7088962691858305
1kmN3332E4240,53.09400821025173,8.799860512535798,8916.0,31606.83,53.09793635474036,8.793284444036225,53.09184732179729,8.79834248222323,0.918,196.996,3.283266666666667,16.775975146703484,bicycle,0.756628721891952,1.2132767015565293
1kmN3332E4240,53.09400821025173,8.799860512535798,8916.0,31606.83,53.09793635474036,8.793284444036225,53.09184732179729,8.803400520410236,1.183,141.065,2.3510833333333334,30.19033778754475,auto,0.9563882458927213,1.2369453567423891
1kmN3332E4240,53.09400821025173,8.799860512535798,8916.0,31606.83,53.09793635474036,8.793284444036225,53.09184732179729,8.803400520410236,1.201,263.168,4.386133333333333,16.429049124513618,bicycle,0.9563882458927213,1.255766165213533
1kmN3332E4240,53.09400821025173,8.799860512535798,8916.0,31606.83,53.09793635474036,8.793284444036225,53.09489183826882,8.793284444036225,1.042,94.969,1.5828166666666665,39.49920500373806,auto,0.33853478572126605,3.0779702528352133
1kmN3332E4240,53.09400821025173,8.799860512535798,8916.0,31606.83,53.09793635474036,8.793284444036225,53.09489183826882,8.793284444036225,1.131,268.081,4.468016666666667,15.187946926488635,bicycle,0.33853478572126605,3.3408679039890847
1kmN3332E4240,53.09400821025173,8.799860512535798,8916.0,31606.83,53.09793635474036,8.793284444036225,53.09489183826882,8.79834248222323,0.606,66.699,1.11165,32.708136553771425,auto,0.4781856845945554,1.2672901333585842
1kmN3332E4240,53.09400821025173,8.799860512535798,8916.0,31606.83,53.09793635474036,8.793284444036225,53.09489183826882,8.79834248222323,0.606,130.685,2.1780833333333334,16.693576156406625,bicycle,0.4781856845945554,1.2672901333585842
1kmN3332E4240,53.09400821025173,8.799860512535798,8916.0,31606.83,53.09793635474036,8.793284444036225,53.09489183826882,8.803400520410236,1.264,144.38,2.4063333333333334,31.516830585953734,auto,0.7555321249333158,1.672993057855167
1kmN3332E4240,53.09400821025173,8.799860512535798,8916.0,31606.83,53.09793635474036,8.793284444036225,53.09489183826882,8.803400520410236,0.99,211.879,3.5313166666666667,16.820921374935693,bicycle,0.7555321249333158,1.3103347525922588
1kmN3332E4240,53.09400821025173,8.799860512535798,8916.0,31606.83,53.09793635474036,8.793284444036225,53.09793635474036,8.79834248222323,0.915,112.763,1.8793833333333334,29.21170951464576,auto,0.3377094567546637,2.7094296049421014
1kmN3332E4240,53.09400821025173,8.799860512535798,8916.0,31606.83,53.09793635474036,8.793284444036225,53.09793635474036,8.79834248222323,0.915,199.953,3.33255,16.473871359769547,bicycle,0.3377094567546637,2.7094296049421014
1kmN3332E4240,53.09400821025173,8.799860512535798,8916.0,31606.83,53.09793635474036,8.793284444036225,53.09793635474036,8.803400520410236,1.499,171.26,2.8543333333333334,31.50998481840477,auto,0.6754189130885851,2.2193633772340005
1kmN3332E4240,53.09400821025173,8.799860512535798,8916.0,31606.83,53.09793635474036,8.793284444036225,53.09793635474036,8.803400520410236,1.145,246.845,4.114083333333333,16.698738074500195,bicycle,0.6754189130885851,1.6952442074269047
1kmN3332E4240,53.09400821025173,8.799860512535798,8916.0,31606.83,53.09793635474036,8.79834248222323,53.09184732179729,8.793284444036225,1.429,145.795,2.4299166666666663,35.2851606708049,auto,0.756628721891952,1.8886409657127237
1kmN3332E4240,53.09400821025173,8.799860512535798,8916.0,31606.83,53.09793635474036,8.79834248222323,53.09184732179729,8.793284444036225,0.841,205.777,3.4296166666666665,14.713014574029168,bicycle,0.756628721891952,1.1115094836699795
1kmN3332E4240,53.09400821025173,8.799860512535798,8916.0,31606.83,53.09793635474036,8.79834248222323,53.09184732179729,8.79834248222323,1.791,167.859,2.79765,38.41080907189963,auto,0.6770695714418248,2.645222995601548
1kmN3332E4240,53.09400821025173,8.799860512535798,8916.0,31606.83,53.09793635474036,8.79834248222323,53.09184732179729,8.79834248222323,0.873,191.553,3.1925499999999998,16.406947424472598,bicycle,0.6770695714418248,1.2893800531324129
1kmN3332E4240,53.09400821025173,8.799860512535798,8916.0,31606.83,53.09793635474036,8.79834248222323,53.09184732179729,8.803400520410236,1.024,150.713,2.511883333333333,24.459734727594835,auto,0.756628721891952,1.3533718326730784
1kmN3332E4240,53.09400821025173,8.799860512535798,8916.0,31606.83,53.09793635474036,8.79834248222323,53.09184732179729,8.803400520410236,0.938,214.075,3.5679166666666666,15.77391101249562,bicycle,0.756628721891952,1.2397097451634254
1kmN3332E4240,53.09400821025173,8.799860512535798,8916.0,31606.83,53.09793635474036,8.79834248222323,53.09184732179729,8.803400520410236,1.548,191.799,3.19665,29.05541739008024,truck,0.756628721891952,2.0459175751737555
1kmN3332E4240,53.09400821025173,8.799860512535798,8916.0,31606.83,53.09793635474036,8.79834248222323,53.09489183826882,8.793284444036225,1.54,145.511,2.4251833333333335,38.10021235507969,auto,0.4781856845945554,3.2205062794921115
1kmN3332E4240,53.09400821025173,8.799860512535798,8916.0,31606.83,53.09793635474036,8.79834248222323,53.09489183826882,8.793284444036225,1.086,262.638,4.3773,14.885888561441988,bicycle,0.4781856845945554,2.2710842983950865
1kmN3332E4240,53.09400821025173,8.799860512535798,8916.0,31606.83,53.09793635474036,8.79834248222323,53.09489183826882,8.79834248222323,0.505,64.054,1.0675666666666668,28.382302432322724,auto,0.33853478572126605,1.4917226273337645
1kmN3332E4240,53.09400821025173,8.799860512535798,8916.0,31606.83,53.09793635474036,8.79834248222323,53.09489183826882,8.79834248222323,0.505,113.242,1.8873666666666666,16.054114197912433,bicycle,0.33853478572126605,1.4917226273337645
1kmN3332E4240,53.09400821025173,8.799860512535798,8916.0,31606.83,53.09793635474036,8.79834248222323,53.09489183826882,8.79834248222323,0.645,91.877,1.5312833333333333,25.272919228969165,truck,0.33853478572126605,1.9052694943173825
1kmN3332E4240,53.09400821025173,8.799860512535798,8916.0,31606.83,53.09793635474036,8.79834248222323,53.09489183826882,8.803400520410236,0.594,88.454,1.4742333333333333,24.175277545390824,auto,0.4781856845945554,1.2421952792326716
1kmN3332E4240,53.09400821025173,8.799860512535798,8916.0,31606.83,53.09793635474036,8.79834248222323,53.09489183826882,8.803400520410236,0.594,137.073,2.2845500000000003,15.600446477424436,bicycle,0.4781856845945554,1.2421952792326716
1kmN3332E4240,53.09400821025173,8.799860512535798,8916.0,31606.83,53.09793635474036,8.79834248222323,53.09489183826882,8.803400520410236,0.594,88.454,1.4742333333333333,24.175277545390824,truck,0.4781856845945554,1.2421952792326716
1kmN3332E4240,53.09400821025173,8.799860512535798,8916.0,31606.83,53.09793635474036,8.79834248222323,53.09793635474036,8.793284444036225,0.915,123.763,2.0627166666666668,26.615385858455276,auto,0.3377094567546637,2.7094296049421014
1kmN3332E4240,53.09400821025173,8.799860512535798,8916.0,31606.83,53.09793635474036,8.79834248222323,53.09793635474036,8.793284444036225,0.915,209.003,3.4833833333333333,15.760539322402073,bicycle,0.3377094567546637,2.7094296049421014
1kmN3332E4240,53.09400821025173,8.799860512535798,8916.0,31606.83,53.09793635474036,8.79834248222323,53.09793635474036,8.803400520410236,0.737,118.511,1.9751833333333333,22.387795225759636,auto,0.3377094567546637,2.182349310210195
1kmN3332E4240,53.09400821025173,8.799860512535798,8916.0,31606.83,53.09793635474036,8.79834248222323,53.09793635474036,8.803400520410236,0.431,97.202,1.6200333333333332,15.962634513693134,bicycle,0.3377094567546637,1.2762449833115252
1kmN3332E4240,53.09400821025173,8.799860512535798,8916.0,31606.83,53.09793635474036,8.79834248222323,53.09793635474036,8.803400520410236,0.737,118.511,1.9751833333333333,22.387795225759636,truck,0.3377094567546637,2.182349310210195
1kmN3332E4240,53.09400821025173,8.799860512535798,8916.0,31606.83,53.09793635474036,8.803400520410236,53.09184732179729,8.793284444036225,1.66,158.814,2.6469,37.62892440213079,auto,0.9563882458927213,1.7356967812276973
1kmN3332E4240,53.09400821025173,8.799860512535798,8916.0,31606.83,53.09793635474036,8.803400520410236,53.09184732179729,8.793284444036225,1.071,249.669,4.16115,15.442846328538986,bicycle,0.9563882458927213,1.1198381040330505
1kmN3332E4240,53.09400821025173,8.799860512535798,8916.0,31606.83,53.09793635474036,8.803400520410236,53.09184732179729,8.79834248222323,2.021,180.878,3.0146333333333333,40.22379725560875,auto,0.756628721891952,2.671059056476847
1kmN3332E4240,53.09400821025173,8.799860512535798,8916.0,31606.83,53.09793635474036,8.803400520410236,53.09184732179729,8.79834248222323,1.103,235.445,3.9240833333333334,16.865085264074413,bicycle,0.756628721891952,1.457782354920318
1kmN3332E4240,53.09400821025173,8.799860512535798,8916.0,31606.83,53.09793635474036,8.803400520410236,53.09184732179729,8.803400520410236,0.954,131.449,2.190816666666667,26.127243265448953,auto,0.6770695714418248,1.409013253938513
1kmN3332E4240,53.09400821025173,8.799860512535798,8916.0,31606.83,53.09793635474036,8.803400520410236,53.09184732179729,8.803400520410236,0.959,207.967,3.4661166666666667,16.600710689676724,bicycle,0.6770695714418248,1.416398019420371
1kmN3332E4240,53.09400821025173,8.799860512535798,8916.0,31606.83,53.09793635474036,8.803400520410236,53.09184732179729,8.803400520410236,1.441,163.962,2.7327,31.63903831375563,truck,0.6770695714418248,2.1282894118714855
1kmN3332E4240,53.09400821025173,8.799860512535798,8916.0,31606.83,53.09793635474036,8.803400520410236,53.09489183826882,8.793284444036225,1.771,158.53,2.6421666666666668,40.21699362896613,auto,0.7555321249333158,2.344043279637263
1kmN3332E4240,53.09400821025173,8.799860512535798,8916.0,31606.83,53.09793635474036,8.803400520410236,53.09489183826882,8.793284444036225,1.317,306.531,5.10885,15.467277371619835,bicycle,0.7555321249333158,1.7431422920848534
1kmN3332E4240,53.09400821025173,8.799860512535798,8916.0,31606.83,53.09793635474036,8.803400520410236,53.09489183826882,8.79834248222323,0.538,64.041,1.06735,30.243125497728023,auto,0.4781856845945554,1.125085959978413
1kmN3332E4240,53.09400821025173,8.799860512535798,8916.0,31606.83,53.09793635474036,8.803400520410236,53.09489183826882,8.79834248222323,0.538,117.16,1.9526666666666666,16.531239330829635,bicycle,0.4781856845945554,1.125085959978413
1kmN3332E4240,53.09400821025173,8.799860512535798,8916.0,31606.83,53.09793635474036,8.803400520410236,53.09489183826882,8.79834248222323,0.538,64.041,1.06735,30.243125497728023,truck,0.4781856845945554,1.125085959978413
1kmN3332E4240,53.09400821025173,8.799860512535798,8916.0,31606.83,53.09793635474036,8.803400520410236,53.09489183826882,8.803400520410236,0.488,67.576,1.1262666666666665,25.997395525038478,auto,0.33853478572126605,1.4415062220571824
1kmN3332E4240,53.09400821025173,8.799860512535798,8916.0,31606.83,53.09793635474036,8.803400520410236,53.09489183826882,8.803400520410236,0.488,110.116,1.8352666666666666,15.95408478331941,bicycle,0.33853478572126605,1.4415062220571824
1kmN3332E4240,53.09400821025173,8.799860512535798,8916.0,31606.83,53.09793635474036,8.803400520410236,53.09489183826882,8.803400520410236,0.488,67.576,1.1262666666666665,25.997395525038478,truck,0.33853478572126605,1.4415062220571824
1kmN3332E4240,53.09400821025173,8.799860512535798,8916.0,31606.83,53.09793635474036,8.803400520410236,53.09793635474036,8.793284444036225,1.145,136.782,2.2797,30.135544150546124,auto,0.6754189130885851,1.6952442074269047
1kmN3332E4240,53.09400821025173,8.799860512535798,8916.0,31606.83,53.09793635474036,8.803400520410236,53.09793635474036,8.793284444036225,1.145,252.895,4.214916666666666,16.29925463136875,bicycle,0.6754189130885851,1.6952442074269047
1kmN3332E4240,53.09400821025173,8.799860512535798,8916.0,31606.83,53.09793635474036,8.803400520410236,53.09793635474036,8.79834248222323,0.431,71.309,1.1884833333333333,21.758824271831045,auto,0.3377094567546637,1.2762449833115252
1kmN3332E4240,53.09400821025173,8.799860512535798,8916.0,31606.83,53.09793635474036,8.803400520410236,53.09793635474036,8.79834248222323,0.431,98.202,1.6367,15.80008553797275,bicycle,0.3377094567546637,1.2762449833115252
1kmN3332E4240,53.09400821025173,8.799860512535798,8916.0,31606.83,53.09793635474036,8.803400520410236,53.09793635474036,8.79834248222323,0.431,71.309,1.1884833333333333,21.758824271831045,truck,0.3377094567546637,1.2762449833115252
1kmN3329E4243,53.06749046238423,8.845353017590345,8733.0,31837.96,53.06533198968229,8.838785029201663,53.06533198968229,8.843836852607424,0.496,104.032,1.7338666666666667,17.16394955398339,auto,0.3375500796213358,1.4694115923670157
1kmN3329E4243,53.06749046238423,8.845353017590345,8733.0,31837.96,53.06533198968229,8.838785029201663,53.06533198968229,8.843836852607424,0.633,139.147,2.3191166666666665,16.37692512235262,bicycle,0.3375500796213358,1.8752772942909697
1kmN3329E4243,53.06749046238423,8.845353017590345,8733.0,31837.96,53.06533198968229,8.838785029201663,53.06533198968229,8.843836852607424,0.496,104.032,1.7338666666666667,17.16394955398339,truck,0.3375500796213358,1.4694115923670157
1kmN3329E4243,53.06749046238423,8.845353017590345,8733.0,31837.96,53.06533198968229,8.838785029201663,53.06533198968229,8.848888676013189,1.17,133.544,2.2257333333333333,31.54016653687174,auto,0.6751001588238381,1.7330761735242042
1kmN3329E4243,53.06749046238423,8.845353017590345,8733.0,31837.96,53.06533198968229,8.838785029201663,53.06533198968229,8.848888676013189,0.884,195.973,3.2662166666666668,16.238971695080444,bicycle,0.6751001588238381,1.3094353311071767
1kmN3329E4243,53.06749046238423,8.845353017590345,8733.0,31837.96,53.06533198968229,8.838785029201663,53.06533198968229,8.848888676013189,1.17,133.544,2.2257333333333333,31.54016653687174,truck,0.6751001588238381,1.7330761735242042
1kmN3329E4243,53.06749046238423,8.845353017590345,8733.0,31837.96,53.06533198968229,8.838785029201663,53.06837466638494,8.838785029201663,0.918,131.196,2.1866,25.18979237171865,auto,0.33833021275428965,2.7133255186603513
1kmN3329E4243,53.06749046238423,8.845353017590345,8733.0,31837.96,53.06533198968229,8.838785029201663,53.06837466638494,8.838785029201663,0.882,203.661,3.39435,15.59061381413231,bicycle,0.33833021275428965,2.6069205963599456
1kmN3329E4243,53.06749046238423,8.845353017590345,8733.0,31837.96,53.06533198968229,8.838785029201663,53.06837466638494,8.838785029201663,0.918,131.196,2.1866,25.18979237171865,truck,0.33833021275428965,2.7133255186603513
1kmN3329E4243,53.06749046238423,8.845353017590345,8733.0,31837.96,53.06533198968229,8.838785029201663,53.06837466638494,8.843836852607424,1.134,134.929,2.248816666666667,30.25591236872725,auto,0.4779114356293572,2.372824576810232
1kmN3329E4243,53.06749046238423,8.845353017590345,8733.0,31837.96,53.06533198968229,8.838785029201663,53.06837466638494,8.843836852607424,0.996,238.453,3.9742166666666665,15.036925515720078,bicycle,0.4779114356293572,2.084068146828035
1kmN3329E4243,53.06749046238423,8.845353017590345,8733.0,31837.96,53.06533198968229,8.838785029201663,53.06837466638494,8.843836852607424,1.004,132.027,2.2004499999999996,27.37621850076121,truck,0.4779114356293572,2.1008076500154087
1kmN3329E4243,53.06749046238423,8.845353017590345,8733.0,31837.96,53.06533198968229,8.838785029201663,53.06837466638494,8.848888676013189,1.345,153.018,2.5503,31.643336078108458,auto,0.7551128141335385,1.7811908033150428
1kmN3329E4243,53.06749046238423,8.845353017590345,8733.0,31837.96,53.06533198968229,8.838785029201663,53.06837466638494,8.848888676013189,1.344,303.243,5.05405,15.955520819936488,bicycle,0.7551128141335385,1.779866497885069
1kmN3329E4243,53.06749046238423,8.845353017590345,8733.0,31837.96,53.06533198968229,8.838785029201663,53.06837466638494,8.848888676013189,1.343,152.788,2.546466666666667,31.643846375369787,truck,0.7551128141335385,1.7785421924550948
1kmN3329E4243,53.06749046238423,8.845353017590345,8733.0,31837.96,53.06533198968229,8.838785029201663,53.07141734308759,8.838785029201663,0.94,134.714,2.245233333333333,25.119883605267454,auto,0.6766604255085794,1.3891753744775217
1kmN3329E4243,53.06749046238423,8.845353017590345,8733.0,31837.96,53.06533198968229,8.838785029201663,53.07141734308759,8.838785029201663,1.015,234.554,3.9092333333333333,15.578502178602795,bicycle,0.6766604255085794,1.500013835207111
1kmN3329E4243,53.06749046238423,8.845353017590345,8733.0,31837.96,53.06533198968229,8.838785029201663,53.07141734308759,8.838785029201663,1.507,164.003,2.7333833333333333,33.07988268507284,truck,0.6766604255085794,2.2271141375932184
1kmN3329E4243,53.06749046238423,8.845353017590345,8733.0,31837.96,53.06533198968229,8.838785029201663,53.07141734308759,8.843836852607424,1.408,183.287,3.0547833333333334,27.65498916999023,auto,0.7561701461104942,1.862014795535525
1kmN3329E4243,53.06749046238423,8.845353017590345,8733.0,31837.96,53.06533198968229,8.838785029201663,53.07141734308759,8.843836852607424,1.146,266.625,4.44375,15.473417721518985,bicycle,0.7561701461104942,1.515531928752636
1kmN3329E4243,53.06749046238423,8.845353017590345,8733.0,31837.96,53.06533198968229,8.838785029201663,53.07141734308759,8.843836852607424,1.408,183.287,3.0547833333333334,27.65498916999023,truck,0.7561701461104942,1.862014795535525
1kmN3329E4243,53.06749046238423,8.845353017590345,8733.0,31837.96,53.06533198968229,8.838785029201663,53.07141734308759,8.848888676013189,1.794,195.322,3.2553666666666667,33.06539969895864,auto,0.9558060287324175,1.8769498685619181
1kmN3329E4243,53.06749046238423,8.845353017590345,8733.0,31837.96,53.06533198968229,8.838785029201663,53.07141734308759,8.848888676013189,1.539,363.497,6.058283333333334,15.241941474069936,bicycle,0.9558060287324175,1.6101593354051238
1kmN3329E4243,53.06749046238423,8.845353017590345,8733.0,31837.96,53.06533198968229,8.838785029201663,53.07141734308759,8.848888676013189,1.792,195.092,3.2515333333333336,33.06747585754413,truck,0.9558060287324175,1.874857393792061
1kmN3329E4243,53.06749046238423,8.845353017590345,8733.0,31837.96,53.06533198968229,8.843836852607424,53.06533198968229,8.838785029201663,0.496,106.518,1.7753,16.76336393848927,auto,0.3375500796213358,1.4694115923670157
1kmN3329E4243,53.06749046238423,8.845353017590345,8733.0,31837.96,53.06533198968229,8.843836852607424,53.06533198968229,8.838785029201663,0.633,136.047,2.2674499999999997,16.750093717612298,bicycle,0.3375500796213358,1.8752772942909697
1kmN3329E4243,53.06749046238423,8.845353017590345,8733.0,31837.96,53.06533198968229,8.843836852607424,53.06533198968229,8.838785029201663,0.496,106.518,1.7753,16.76336393848927,truck,0.3375500796213358,1.4694115923670157
1kmN3329E4243,53.06749046238423,8.845353017590345,8733.0,31837.96,53.06533198968229,8.843836852607424,53.06533198968229,8.848888676013189,1.535,211.1,3.518333333333333,26.177167219327334,auto,0.3375500796216546,4.547473375567013
1kmN3329E4243,53.06749046238423,8.845353017590345,8733.0,31837.96,53.06533198968229,8.843836852607424,53.06533198968229,8.848888676013189,0.399,90.07,1.5011666666666665,15.94759631397802,bicycle,0.3375500796216546,1.1820468253102532
1kmN3329E4243,53.06749046238423,8.845353017590345,8733.0,31837.96,53.06533198968229,8.843836852607424,53.06533198968229,8.848888676013189,1.535,211.1,3.518333333333333,26.177167219327334,truck,0.3375500796216546,4.547473375567013
1kmN3329E4243,53.06749046238423,8.845353017590345,8733.0,31837.96,53.06533198968229,8.843836852607424,53.06837466638494,8.838785029201663,1.282,208.752,3.4792,22.108530696711885,auto,0.4779114356293572,2.682505385776647
1kmN3329E4243,53.06749046238423,8.845353017590345,8733.0,31837.96,53.06533198968229,8.843836852607424,53.06837466638494,8.838785029201663,1.192,261.344,4.355733333333333,16.41973796987878,bicycle,0.4779114356293572,2.494185974918692
1kmN3329E4243,53.06749046238423,8.845353017590345,8733.0,31837.96,53.06533198968229,8.843836852607424,53.06837466638494,8.838785029201663,1.282,208.752,3.4792,22.108530696711885,truck,0.4779114356293572,2.682505385776647
1kmN3329E4243,53.06749046238423,8.845353017590345,8733.0,31837.96,53.06533198968229,8.843836852607424,53.06837466638494,8.843836852607424,1.499,212.485,3.541416666666667,25.396616231734004,auto,0.33833021275428965,4.430582736897459
1kmN3329E4243,53.06749046238423,8.845353017590345,8733.0,31837.96,53.06533198968229,8.843836852607424,53.06837466638494,8.843836852607424,0.935,211.386,3.5231,15.923476483778492,bicycle,0.33833021275428965,2.763572287524432
1kmN3329E4243,53.06749046238423,8.845353017590345,8733.0,31837.96,53.06533198968229,8.843836852607424,53.06837466638494,8.843836852607424,1.369,209.583,3.4930499999999998,23.51526602825611,truck,0.33833021275428965,4.046342739701548
1kmN3329E4243,53.06749046238423,8.845353017590345,8733.0,31837.96,53.06533198968229,8.843836852607424,53.06837466638494,8.848888676013189,1.71,230.574,3.8429,26.698587004605898,auto,0.47791143562958227,3.578068806299459
1kmN3329E4243,53.06749046238423,8.845353017590345,8733.0,31837.96,53.06533198968229,8.843836852607424,53.06837466638494,8.848888676013189,0.585,139.326,2.3221,15.115628095258604,bicycle,0.47791143562958227,1.2240761705761305
1kmN3329E4243,53.06749046238423,8.845353017590345,8733.0,31837.96,53.06533198968229,8.843836852607424,53.06837466638494,8.848888676013189,1.708,230.344,3.8390666666666666,26.693988122113016,truck,0.47791143562958227,3.573883930502617
1kmN3329E4243,53.06749046238423,8.845353017590345,8733.0,31837.96,53.06533198968229,8.843836852607424,53.07141734308759,8.838785029201663,1.305,212.271,3.5378499999999997,22.132085871362552,auto,0.7561701461104942,1.7258020654643893
1kmN3329E4243,53.06749046238423,8.845353017590345,8733.0,31837.96,53.06533198968229,8.843836852607424,53.07141734308759,8.838785029201663,1.249,284.652,4.7442,15.79613001138232,bicycle,0.7561701461104942,1.651744658823772
1kmN3329E4243,53.06749046238423,8.845353017590345,8733.0,31837.96,53.06533198968229,8.843836852607424,53.07141734308759,8.838785029201663,1.872,241.56,4.026,27.898658718330847,truck,0.7561701461104942,2.4756333077006416
1kmN3329E4243,53.06749046238423,8.845353017590345,8733.0,31837.96,53.06533198968229,8.843836852607424,53.07141734308759,8.843836852607424,1.773,260.844,4.3473999999999995,24.469798040207937,auto,0.6766604255085794,2.6202212116474954
1kmN3329E4243,53.06749046238423,8.845353017590345,8733.0,31837.96,53.06533198968229,8.843836852607424,53.07141734308759,8.843836852607424,1.457,324.308,5.405133333333334,16.1735140668747,bicycle,0.6766604255085794,2.1532218304401587
1kmN3329E4243,53.06749046238423,8.845353017590345,8733.0,31837.96,53.06533198968229,8.843836852607424,53.07141734308759,8.843836852607424,1.773,260.844,4.3473999999999995,24.469798040207937,truck,0.6766604255085794,2.6202212116474954
1kmN3329E4243,53.06749046238423,8.845353017590345,8733.0,31837.96,53.06533198968229,8.843836852607424,53.07141734308759,8.848888676013189,2.159,272.879,4.547983333333334,28.482953983267304,auto,0.7561701461106365,2.8551775167332685
1kmN3329E4243,53.06749046238423,8.845353017590345,8733.0,31837.96,53.06533198968229,8.843836852607424,53.07141734308759,8.848888676013189,1.033,234.164,3.902733333333333,15.881177294545703,bicycle,0.7561701461106365,1.3660946617811331
1kmN3329E4243,53.06749046238423,8.845353017590345,8733.0,31837.96,53.06533198968229,8.843836852607424,53.07141734308759,8.848888676013189,2.157,272.649,4.54415,28.480573924716392,truck,0.7561701461106365,2.852532609353247
1kmN3329E4243,53.06749046238423,8.845353017590345,8733.0,31837.96,53.06533198968229,8.848888676013189,53.06533198968229,8.838785029201663,1.17,133.984,2.2330666666666668,31.43658944351564,auto,0.6751001588238381,1.7330761735242042
1kmN3329E4243,53.06749046238423,8.845353017590345,8733.0,31837.96,53.06533198968229,8.848888676013189,53.06533198968229,8.838785029201663,0.884,195.573,3.25955,16.272184810786765,bicycle,0.6751001588238381,1.3094353311071767
1kmN3329E4243,53.06749046238423,8.845353017590345,8733.0,31837.96,53.06533198968229,8.848888676013189,53.06533198968229,8.838785029201663,1.17,133.984,2.2330666666666668,31.43658944351564,truck,0.6751001588238381,1.7330761735242042
1kmN3329E4243,53.06749046238423,8.845353017590345,8733.0,31837.96,53.06533198968229,8.848888676013189,53.06533198968229,8.843836852607424,1.535,202.662,3.3777,27.26707522870592,auto,0.3375500796216546,4.547473375567013
1kmN3329E4243,53.06749046238423,8.845353017590345,8733.0,31837.96,53.06533198968229,8.848888676013189,53.06533198968229,8.843836852607424,0.399,86.57,1.4428333333333332,16.592353009125567,bicycle,0.3375500796216546,1.1820468253102532
1kmN3329E4243,53.06749046238423,8.845353017590345,8733.0,31837.96,53.06533198968229,8.848888676013189,53.06533198968229,8.843836852607424,1.535,202.662,3.3777,27.26707522870592,truck,0.3375500796216546,4.547473375567013
1kmN3329E4243,53.06749046238423,8.845353017590345,8733.0,31837.96,53.06533198968229,8.848888676013189,53.06837466638494,8.838785029201663,0.958,110.284,1.8380666666666667,31.27198868376192,auto,0.7551128141335385,1.268684601915101
1kmN3329E4243,53.06749046238423,8.845353017590345,8733.0,31837.96,53.06533198968229,8.848888676013189,53.06837466638494,8.838785029201663,1.336,289.074,4.8179,16.637954295439922,bicycle,0.7551128141335385,1.769272054445277
1kmN3329E4243,53.06749046238423,8.845353017590345,8733.0,31837.96,53.06533198968229,8.848888676013189,53.06837466638494,8.838785029201663,0.958,110.284,1.8380666666666667,31.27198868376192,truck,0.7551128141335385,1.268684601915101
1kmN3329E4243,53.06749046238423,8.845353017590345,8733.0,31837.96,53.06533198968229,8.848888676013189,53.06837466638494,8.843836852607424,0.688,86.726,1.4454333333333333,28.558909669533932,auto,0.47791143562958227,1.4395972741134664
1kmN3329E4243,53.06749046238423,8.845353017590345,8733.0,31837.96,53.06533198968229,8.848888676013189,53.06837466638494,8.843836852607424,1.079,239.516,3.9919333333333333,16.217705706508127,bicycle,0.47791143562958227,2.2577404923959743
1kmN3329E4243,53.06749046238423,8.845353017590345,8733.0,31837.96,53.06533198968229,8.848888676013189,53.06837466638494,8.843836852607424,0.704,77.734,1.2955666666666665,32.60349396660406,truck,0.47791143562958227,1.473076280488198
1kmN3329E4243,53.06749046238423,8.845353017590345,8733.0,31837.96,53.06533198968229,8.848888676013189,53.06837466638494,8.848888676013189,0.354,45.586,0.7597666666666666,27.95595138858421,auto,0.33833021275428965,1.046315069287325
1kmN3329E4243,53.06749046238423,8.845353017590345,8733.0,31837.96,53.06533198968229,8.848888676013189,53.06837466638494,8.848888676013189,0.729,167.455,2.790916666666667,15.67227016213311,bicycle,0.33833021275428965,2.15469967658322
1kmN3329E4243,53.06749046238423,8.845353017590345,8733.0,31837.96,53.06533198968229,8.848888676013189,53.06837466638494,8.848888676013189,0.354,45.586,0.7597666666666666,27.95595138858421,truck,0.33833021275428965,1.046315069287325
1kmN3329E4243,53.06749046238423,8.845353017590345,8733.0,31837.96,53.06533198968229,8.848888676013189,53.07141734308759,8.838785029201663,1.305,146.944,2.4490666666666665,31.97136324041812,auto,0.9558060287324175,1.36533978733183
1kmN3329E4243,53.06749046238423,8.845353017590345,8733.0,31837.96,53.06533198968229,8.848888676013189,53.07141734308759,8.838785029201663,1.644,368.631,6.14385,16.05507946971362,bicycle,0.9558060287324175,1.7200142608226272
1kmN3329E4243,53.06749046238423,8.845353017590345,8733.0,31837.96,53.06533198968229,8.848888676013189,53.07141734308759,8.838785029201663,1.872,176.232,2.9372,38.24050115756503,truck,0.9558060287324175,1.9585563845863496
1kmN3329E4243,53.06749046238423,8.845353017590345,8733.0,31837.96,53.06533198968229,8.848888676013189,53.07141734308759,8.843836852607424,1.223,146.857,2.4476166666666668,29.980184805627243,auto,0.7561701461106365,1.617360862883181
1kmN3329E4243,53.06749046238423,8.845353017590345,8733.0,31837.96,53.06533198968229,8.848888676013189,53.07141734308759,8.843836852607424,1.601,352.037,5.867283333333333,16.37214270090928,bicycle,0.7561701461106365,2.117248357707255
1kmN3329E4243,53.06749046238423,8.845353017590345,8733.0,31837.96,53.06533198968229,8.848888676013189,53.07141734308759,8.843836852607424,1.235,144.716,2.4119333333333333,30.72224218469278,truck,0.7561701461106365,1.6332303071633103
1kmN3329E4243,53.06749046238423,8.845353017590345,8733.0,31837.96,53.06533198968229,8.848888676013189,53.07141734308759,8.848888676013189,0.803,87.89,1.4648333333333334,32.89111389236546,auto,0.6766604255085794,1.1867104528781383
1kmN3329E4243,53.06749046238423,8.845353017590345,8733.0,31837.96,53.06533198968229,8.848888676013189,53.07141734308759,8.848888676013189,1.177,262.293,4.37155,16.154453225972482,bicycle,0.6766604255085794,1.7394249103830246
1kmN3329E4243,53.06749046238423,8.845353017590345,8733.0,31837.96,53.06533198968229,8.848888676013189,53.07141734308759,8.848888676013189,0.803,87.89,1.4648333333333334,32.89111389236546,truck,0.6766604255085794,1.1867104528781383
1kmN3329E4243,53.06749046238423,8.845353017590345,8733.0,31837.96,53.06837466638494,8.838785029201663,53.06533198968229,8.838785029201663,0.521,80.652,1.3442,23.255467936319,auto,0.33833021275428965,1.5399156810697638
1kmN3329E4243,53.06749046238423,8.845353017590345,8733.0,31837.96,53.06837466638494,8.838785029201663,53.06533198968229,8.838785029201663,0.521,123.752,2.062533333333333,15.156118688990885,bicycle,0.33833021275428965,1.5399156810697638
1kmN3329E4243,53.06749046238423,8.845353017590345,8733.0,31837.96,53.06837466638494,8.838785029201663,53.06533198968229,8.838785029201663,0.521,80.652,1.3442,23.255467936319,truck,0.33833021275428965,1.5399156810697638
1kmN3329E4243,53.06749046238423,8.845353017590345,8733.0,31837.96,53.06837466638494,8.838785029201663,53.06533198968229,8.843836852607424,0.886,149.33,2.4888333333333335,21.35940534386928,auto,0.4779114356293572,1.8538999780016454
1kmN3329E4243,53.06749046238423,8.845353017590345,8733.0,31837.96,53.06837466638494,8.838785029201663,53.06533198968229,8.843836852607424,0.755,171.75,2.8625,15.825327510917031,bicycle,0.4779114356293572,1.5797906133083999
1kmN3329E4243,53.06749046238423,8.845353017590345,8733.0,31837.96,53.06837466638494,8.838785029201663,53.06533198968229,8.843836852607424,0.886,149.33,2.4888333333333335,21.35940534386928,truck,0.4779114356293572,1.8538999780016454
1kmN3329E4243,53.06749046238423,8.845353017590345,8733.0,31837.96,53.06837466638494,8.838785029201663,53.06533198968229,8.848888676013189,0.784,77.167,1.2861166666666668,36.5752199774515,auto,0.7551128141335385,1.0382554570996234
1kmN3329E4243,53.06749046238423,8.845353017590345,8733.0,31837.96,53.06837466638494,8.838785029201663,53.06533198968229,8.848888676013189,1.163,257.879,4.297983333333334,16.235521310382,bicycle,0.7551128141335385,1.5401672150597732
1kmN3329E4243,53.06749046238423,8.845353017590345,8733.0,31837.96,53.06837466638494,8.838785029201663,53.06533198968229,8.848888676013189,0.784,77.167,1.2861166666666668,36.5752199774515,truck,0.7551128141335385,1.0382554570996234
1kmN3329E4243,53.06749046238423,8.845353017590345,8733.0,31837.96,53.06837466638494,8.838785029201663,53.06837466638494,8.843836852607424,0.748,78.552,1.3092000000000001,34.28047662694775,auto,0.3375262346766712,2.216124031711303
1kmN3329E4243,53.06749046238423,8.845353017590345,8733.0,31837.96,53.06837466638494,8.838785029201663,53.06837466638494,8.843836852607424,0.625,151.342,2.522366666666667,14.866989996167618,bicycle,0.3375262346766712,1.8517079141972785
1kmN3329E4243,53.06749046238423,8.845353017590345,8733.0,31837.96,53.06837466638494,8.838785029201663,53.06837466638494,8.843836852607424,0.618,75.65,1.2608333333333335,29.409120951751483,truck,0.3375262346766712,1.830968785558269
1kmN3329E4243,53.06749046238423,8.845353017590345,8733.0,31837.96,53.06837466638494,8.838785029201663,53.06837466638494,8.848888676013189,0.959,96.64,1.6106666666666667,35.72433774834437,auto,0.6750524689345049,1.4206303126535846
1kmN3329E4243,53.06749046238423,8.845353017590345,8733.0,31837.96,53.06837466638494,8.838785029201663,53.06837466638494,8.848888676013189,0.973,216.131,3.6021833333333335,16.206837519837507,bicycle,0.6750524689345049,1.4413694413054619
1kmN3329E4243,53.06749046238423,8.845353017590345,8733.0,31837.96,53.06837466638494,8.838785029201663,53.06837466638494,8.848888676013189,0.957,96.411,1.6068500000000001,35.73451162211781,truck,0.6750524689345049,1.4176675799890308
1kmN3329E4243,53.06749046238423,8.845353017590345,8733.0,31837.96,53.06837466638494,8.838785029201663,53.07141734308759,8.838785029201663,0.656,93.612,1.5601999999999998,25.22753493141905,auto,0.33833021275428965,1.938934139696286
1kmN3329E4243,53.06749046238423,8.845353017590345,8733.0,31837.96,53.06837466638494,8.838785029201663,53.07141734308759,8.838785029201663,0.818,196.107,3.26845,15.016292126237207,bicycle,0.33833021275428965,2.4177562900481124
1kmN3329E4243,53.06749046238423,8.845353017590345,8733.0,31837.96,53.06837466638494,8.838785029201663,53.07141734308759,8.838785029201663,1.223,122.901,2.04835,35.82395586691728,truck,0.33833021275428965,3.6148116659276797
1kmN3329E4243,53.06749046238423,8.845353017590345,8733.0,31837.96,53.06837466638494,8.838785029201663,53.07141734308759,8.843836852607424,1.022,126.91,2.1151666666666666,28.990623276337562,auto,0.4778945944402906,2.138546892745177
1kmN3329E4243,53.06749046238423,8.845353017590345,8733.0,31837.96,53.06837466638494,8.838785029201663,53.07141734308759,8.843836852607424,0.775,179.513,2.9918833333333335,15.54204987939592,bicycle,0.4778945944402906,1.621696518471147
1kmN3329E4243,53.06749046238423,8.845353017590345,8733.0,31837.96,53.06837466638494,8.838785029201663,53.07141734308759,8.843836852607424,1.022,126.91,2.1151666666666666,28.990623276337562,truck,0.4778945944402906,2.138546892745177
1kmN3329E4243,53.06749046238423,8.845353017590345,8733.0,31837.96,53.06837466638494,8.838785029201663,53.07141734308759,8.848888676013189,1.408,138.945,2.31575,36.480621828781175,auto,0.7550701784790954,1.8647273328104048
1kmN3329E4243,53.06749046238423,8.845353017590345,8733.0,31837.96,53.06837466638494,8.838785029201663,53.07141734308759,8.848888676013189,1.168,276.386,4.606433333333333,15.213505749205819,bicycle,0.7550701784790954,1.5468760828995403
1kmN3329E4243,53.06749046238423,8.845353017590345,8733.0,31837.96,53.06837466638494,8.838785029201663,53.07141734308759,8.848888676013189,1.406,138.715,2.311916666666667,36.48920448401398,truck,0.7550701784790954,1.862078572394481
1kmN3329E4243,53.06749046238423,8.845353017590345,8733.0,31837.96,53.06837466638494,8.843836852607424,53.06533198968229,8.838785029201663,0.909,113.526,1.8921,28.825114951641034,auto,0.4779114356293572,1.902026049665345
1kmN3329E4243,53.06749046238423,8.845353017590345,8733.0,31837.96,53.06837466638494,8.843836852607424,53.06533198968229,8.838785029201663,0.996,233.003,3.883383333333333,15.388643064681572,bicycle,0.4779114356293572,2.084068146828035
1kmN3329E4243,53.06749046238423,8.845353017590345,8733.0,31837.96,53.06837466638494,8.843836852607424,53.06533198968229,8.838785029201663,0.909,113.526,1.8921,28.825114951641034,truck,0.4779114356293572,1.902026049665345
1kmN3329E4243,53.06749046238423,8.845353017590345,8733.0,31837.96,53.06837466638494,8.843836852607424,53.06533198968229,8.843836852607424,1.274,182.204,3.0367333333333333,25.17178547123005,auto,0.33833021275428965,3.7655519725199214
1kmN3329E4243,53.06749046238423,8.845353017590345,8733.0,31837.96,53.06837466638494,8.843836852607424,53.06533198968229,8.843836852607424,0.935,214.086,3.5681000000000003,15.722653513074185,bicycle,0.33833021275428965,2.763572287524432
1kmN3329E4243,53.06749046238423,8.845353017590345,8733.0,31837.96,53.06837466638494,8.843836852607424,53.06533198968229,8.843836852607424,1.274,182.204,3.0367333333333333,25.17178547123005,truck,0.33833021275428965,3.7655519725199214
1kmN3329E4243,53.06749046238423,8.845353017590345,8733.0,31837.96,53.06837466638494,8.843836852607424,53.06533198968229,8.848888676013189,0.59,67.439,1.1239833333333331,31.495128931330534,auto,0.47791143562958227,1.2345383600682343
1kmN3329E4243,53.06749046238423,8.845353017590345,8733.0,31837.96,53.06837466638494,8.843836852607424,53.06533198968229,8.848888676013189,1.45,319.066,5.3177666666666665,16.36025148401898,bicycle,0.47791143562958227,3.034034952710067
1kmN3329E4243,53.06749046238423,8.845353017590345,8733.0,31837.96,53.06837466638494,8.843836852607424,53.06533198968229,8.848888676013189,0.59,67.439,1.1239833333333331,31.495128931330534,truck,0.47791143562958227,1.2345383600682343
1kmN3329E4243,53.06749046238423,8.845353017590345,8733.0,31837.96,53.06837466638494,8.843836852607424,53.06837466638494,8.838785029201663,0.697,89.826,1.4970999999999999,27.93400574443925,auto,0.3375262346766712,2.065024665912805
1kmN3329E4243,53.06749046238423,8.845353017590345,8733.0,31837.96,53.06837466638494,8.843836852607424,53.06837466638494,8.838785029201663,0.476,102.836,1.7139333333333333,16.663425259636703,bicycle,0.3375262346766712,1.4102607474526474
1kmN3329E4243,53.06749046238423,8.845353017590345,8733.0,31837.96,53.06837466638494,8.843836852607424,53.06837466638494,8.838785029201663,0.697,89.826,1.4970999999999999,27.93400574443925,truck,0.3375262346766712,2.065024665912805
1kmN3329E4243,53.06749046238423,8.845353017590345,8733.0,31837.96,53.06837466638494,8.843836852607424,53.06837466638494,8.848888676013189,0.765,86.913,1.44855,31.68685927306617,auto,0.33752623467699,2.266490486975328
1kmN3329E4243,53.06749046238423,8.845353017590345,8733.0,31837.96,53.06837466638494,8.843836852607424,53.06837466638494,8.848888676013189,0.436,98.168,1.6361333333333334,15.988916958683072,bicycle,0.33752623467699,1.2917514409428015
1kmN3329E4243,53.06749046238423,8.845353017590345,8733.0,31837.96,53.06837466638494,8.843836852607424,53.06837466638494,8.848888676013189,0.765,86.913,1.44855,31.68685927306617,truck,0.33752623467699,2.266490486975328
1kmN3329E4243,53.06749046238423,8.845353017590345,8733.0,31837.96,53.06837466638494,8.843836852607424,53.07141734308759,8.838785029201663,1.044,126.485,2.1080833333333335,29.714195359133498,auto,0.4778945944402906,2.1845821487533903
1kmN3329E4243,53.06749046238423,8.845353017590345,8733.0,31837.96,53.06837466638494,8.843836852607424,53.07141734308759,8.838785029201663,0.671,155.844,2.5974,15.500115500115502,bicycle,0.4778945944402906,1.4040753082505029
1kmN3329E4243,53.06749046238423,8.845353017590345,8733.0,31837.96,53.06837466638494,8.843836852607424,53.07141734308759,8.838785029201663,1.611,155.774,2.596233333333333,37.230860092184834,truck,0.4778945944402906,3.3710362467832486
1kmN3329E4243,53.06749046238423,8.845353017590345,8733.0,31837.96,53.06837466638494,8.843836852607424,53.07141734308759,8.843836852607424,1.084,135.806,2.2634333333333334,28.735107432661298,auto,0.33833021275428965,3.203970438156668
1kmN3329E4243,53.06749046238423,8.845353017590345,8733.0,31837.96,53.06837466638494,8.843836852607424,53.07141734308759,8.843836852607424,0.402,90.45,1.5075,16.0,bicycle,0.33833021275428965,1.1881882990211996
1kmN3329E4243,53.06749046238423,8.845353017590345,8733.0,31837.96,53.06837466638494,8.843836852607424,53.07141734308759,8.843836852607424,0.956,132.985,2.216416666666667,25.879610482385228,truck,0.33833021275428965,2.825641825533002
1kmN3329E4243,53.06749046238423,8.845353017590345,8733.0,31837.96,53.06837466638494,8.843836852607424,53.07141734308759,8.848888676013189,1.214,129.217,2.1536166666666667,33.82217510079943,auto,0.4778945944405157,2.5403091269974776
1kmN3329E4243,53.06749046238423,8.845353017590345,8733.0,31837.96,53.06837466638494,8.843836852607424,53.07141734308759,8.848888676013189,0.651,147.072,2.4512,15.93505221932115,bicycle,0.4778945944405157,1.362225075515122
1kmN3329E4243,53.06749046238423,8.845353017590345,8733.0,31837.96,53.06837466638494,8.843836852607424,53.07141734308759,8.848888676013189,1.214,129.217,2.1536166666666667,33.82217510079943,truck,0.4778945944405157,2.5403091269974776
1kmN3329E4243,53.06749046238423,8.845353017590345,8733.0,31837.96,53.06837466638494,8.848888676013189,53.06533198968229,8.838785029201663,1.343,164.635,2.7439166666666663,29.36678106113524,auto,0.7551128141335385,1.7785421924550948
1kmN3329E4243,53.06749046238423,8.845353017590345,8733.0,31837.96,53.06837466638494,8.848888676013189,53.06533198968229,8.838785029201663,1.344,304.943,5.0823833333333335,15.866571785546808,bicycle,0.7551128141335385,1.779866497885069
1kmN3329E4243,53.06749046238423,8.845353017590345,8733.0,31837.96,53.06837466638494,8.848888676013189,53.06533198968229,8.838785029201663,1.343,164.635,2.7439166666666663,29.36678106113524,truck,0.7551128141335385,1.7785421924550948
1kmN3329E4243,53.06749046238423,8.845353017590345,8733.0,31837.96,53.06837466638494,8.848888676013189,53.06533198968229,8.843836852607424,1.708,233.313,3.88855,26.354296588702727,auto,0.47791143562958227,3.573883930502617
1kmN3329E4243,53.06749046238423,8.845353017590345,8733.0,31837.96,53.06837466638494,8.848888676013189,53.06533198968229,8.843836852607424,0.585,136.826,2.2804333333333333,15.391811497814743,bicycle,0.47791143562958227,1.2240761705761305
1kmN3329E4243,53.06749046238423,8.845353017590345,8733.0,31837.96,53.06837466638494,8.848888676013189,53.06533198968229,8.843836852607424,1.708,233.313,3.88855,26.354296588702727,truck,0.47791143562958227,3.573883930502617
1kmN3329E4243,53.06749046238423,8.845353017590345,8733.0,31837.96,53.06837466638494,8.848888676013189,53.06533198968229,8.848888676013189,0.354,42.321,0.7053499999999999,30.1127100021266,auto,0.33833021275428965,1.046315069287325
1kmN3329E4243,53.06749046238423,8.845353017590345,8733.0,31837.96,53.06837466638494,8.848888676013189,53.06533198968229,8.848888676013189,0.756,174.051,2.9008499999999997,15.636796111484566,bicycle,0.33833021275428965,2.2345033683085247
1kmN3329E4243,53.06749046238423,8.845353017590345,8733.0,31837.96,53.06837466638494,8.848888676013189,53.06533198968229,8.848888676013189,0.354,42.321,0.7053499999999999,30.1127100021266,truck,0.33833021275428965,1.046315069287325
1kmN3329E4243,53.06749046238423,8.845353017590345,8733.0,31837.96,53.06837466638494,8.848888676013189,53.06837466638494,8.838785029201663,0.816,88.489,1.4748166666666667,33.19734656284962,auto,0.6750524689345049,1.2087949271379823
1kmN3329E4243,53.06749046238423,8.845353017590345,8733.0,31837.96,53.06837466638494,8.848888676013189,53.06837466638494,8.838785029201663,0.809,178.276,2.9712666666666667,16.336467051089322,bicycle,0.6750524689345049,1.198425362812044
1kmN3329E4243,53.06749046238423,8.845353017590345,8733.0,31837.96,53.06837466638494,8.848888676013189,53.06837466638494,8.838785029201663,0.816,88.489,1.4748166666666667,33.19734656284962,truck,0.6750524689345049,1.2087949271379823
1kmN3329E4243,53.06749046238423,8.845353017590345,8733.0,31837.96,53.06837466638494,8.848888676013189,53.06837466638494,8.843836852607424,0.436,43.115,0.7185833333333334,36.4049634697901,auto,0.33752623467699,1.2917514409428015
1kmN3329E4243,53.06749046238423,8.845353017590345,8733.0,31837.96,53.06837466638494,8.848888676013189,53.06837466638494,8.843836852607424,0.436,97.168,1.6194666666666668,16.153466161699324,bicycle,0.33752623467699,1.2917514409428015
1kmN3329E4243,53.06749046238423,8.845353017590345,8733.0,31837.96,53.06837466638494,8.848888676013189,53.06837466638494,8.843836852607424,0.436,43.115,0.7185833333333334,36.4049634697901,truck,0.33752623467699,1.2917514409428015
1kmN3329E4243,53.06749046238423,8.845353017590345,8733.0,31837.96,53.06837466638494,8.848888676013189,53.07141734308759,8.838785029201663,1.058,114.395,1.9065833333333333,33.295161501813894,auto,0.7550701784790954,1.4011942600237277
1kmN3329E4243,53.06749046238423,8.845353017590345,8733.0,31837.96,53.06837466638494,8.848888676013189,53.07141734308759,8.838785029201663,1.003,228.583,3.8097166666666666,15.796450304703324,bicycle,0.7550701784790954,1.328353348585821
1kmN3329E4243,53.06749046238423,8.845353017590345,8733.0,31837.96,53.06837466638494,8.848888676013189,53.07141734308759,8.838785029201663,1.332,140.979,2.34965,34.01357649011555,truck,0.7550701784790954,1.7640744370052979
1kmN3329E4243,53.06749046238423,8.845353017590345,8733.0,31837.96,53.06837466638494,8.848888676013189,53.07141734308759,8.843836852607424,0.966,110.097,1.8349499999999999,31.586691735469632,auto,0.4778945944405157,2.021366241086955
1kmN3329E4243,53.06749046238423,8.845353017590345,8733.0,31837.96,53.06837466638494,8.848888676013189,53.07141734308759,8.843836852607424,0.734,163.189,2.7198166666666665,16.192267861191624,bicycle,0.4778945944405157,1.535903541364208
1kmN3329E4243,53.06749046238423,8.845353017590345,8733.0,31837.96,53.06837466638494,8.848888676013189,53.07141734308759,8.843836852607424,1.246,145.11,2.4185000000000003,30.911722141823443,truck,0.4778945944405157,2.6072694993730288
1kmN3329E4243,53.06749046238423,8.845353017590345,8733.0,31837.96,53.06837466638494,8.848888676013189,53.07141734308759,8.848888676013189,0.448,42.304,0.7050666666666667,38.12405446293495,auto,0.33833021275428965,1.3241501441828294
1kmN3329E4243,53.06749046238423,8.845353017590345,8733.0,31837.96,53.06837466638494,8.848888676013189,53.07141734308759,8.848888676013189,0.448,94.837,1.5806166666666668,17.006020856838575,bicycle,0.33833021275428965,1.3241501441828294
1kmN3329E4243,53.06749046238423,8.845353017590345,8733.0,31837.96,53.06837466638494,8.848888676013189,53.07141734308759,8.848888676013189,0.448,42.304,0.7050666666666667,38.12405446293495,truck,0.33833021275428965,1.3241501441828294
1kmN3329E4243,53.06749046238423,8.845353017590345,8733.0,31837.96,53.07141734308759,8.838785029201663,53.06533198968229,8.838785029201663,0.94,138.057,2.30095,24.511614767813295,auto,0.6766604255085794,1.3891753744775217
1kmN3329E4243,53.06749046238423,8.845353017590345,8733.0,31837.96,53.07141734308759,8.838785029201663,53.06533198968229,8.838785029201663,1.015,238.354,3.972566666666667,15.330139204712317,bicycle,0.6766604255085794,1.500013835207111
1kmN3329E4243,53.06749046238423,8.845353017590345,8733.0,31837.96,53.07141734308759,8.838785029201663,53.06533198968229,8.838785029201663,1.741,189.749,3.1624833333333333,33.031004115963725,truck,0.6766604255085794,2.5729301350695377
1kmN3329E4243,53.06749046238423,8.845353017590345,8733.0,31837.96,53.07141734308759,8.838785029201663,53.06533198968229,8.843836852607424,1.305,206.735,3.4455833333333334,22.72474423779234,auto,0.7561701461104942,1.7258020654643893
1kmN3329E4243,53.06749046238423,8.845353017590345,8733.0,31837.96,53.07141734308759,8.838785029201663,53.06533198968229,8.843836852607424,1.5,338.552,5.642533333333334,15.95028237907323,bicycle,0.7561701461104942,1.9836805350165396
1kmN3329E4243,53.06749046238423,8.845353017590345,8733.0,31837.96,53.07141734308759,8.838785029201663,53.06533198968229,8.843836852607424,2.106,258.427,4.307116666666667,29.337491825544543,truck,0.7561701461104942,2.7850874711632216
1kmN3329E4243,53.06749046238423,8.845353017590345,8733.0,31837.96,53.07141734308759,8.838785029201663,53.06533198968229,8.848888676013189,1.305,143.646,2.3941,32.705400776909904,auto,0.9558060287324175,1.36533978733183
1kmN3329E4243,53.06749046238423,8.845353017590345,8733.0,31837.96,53.07141734308759,8.838785029201663,53.06533198968229,8.848888676013189,1.644,371.131,6.1855166666666666,15.946929790289683,bicycle,0.9558060287324175,1.7200142608226272
1kmN3329E4243,53.06749046238423,8.845353017590345,8733.0,31837.96,53.07141734308759,8.838785029201663,53.06533198968229,8.848888676013189,1.327,146.322,2.4387,32.64854225612006,truck,0.9558060287324175,1.3883570098002593
1kmN3329E4243,53.06749046238423,8.845353017590345,8733.0,31837.96,53.07141734308759,8.838785029201663,53.06837466638494,8.838785029201663,0.525,82.243,1.3707166666666666,22.980679206741,auto,0.33833021275428965,1.5517384502142533
1kmN3329E4243,53.06749046238423,8.845353017590345,8733.0,31837.96,53.07141734308759,8.838785029201663,53.06837466638494,8.838785029201663,0.525,122.002,2.0333666666666668,15.491549318863626,bicycle,0.33833021275428965,1.5517384502142533
1kmN3329E4243,53.06749046238423,8.845353017590345,8733.0,31837.96,53.07141734308759,8.838785029201663,53.06837466638494,8.838785029201663,0.525,82.243,1.3707166666666666,22.980679206741,truck,0.33833021275428965,1.5517384502142533
1kmN3329E4243,53.06749046238423,8.845353017590345,8733.0,31837.96,53.07141734308759,8.838785029201663,53.06837466638494,8.843836852607424,0.719,87.669,1.46115,29.524689456934606,auto,0.4778945944402906,1.504515866813877
1kmN3329E4243,53.06749046238423,8.845353017590345,8733.0,31837.96,53.07141734308759,8.838785029201663,53.06837466638494,8.843836852607424,0.67,152.944,2.5490666666666666,15.770478083481537,bicycle,0.4778945944402906,1.401982796613766
1kmN3329E4243,53.06749046238423,8.845353017590345,8733.0,31837.96,53.07141734308759,8.838785029201663,53.06837466638494,8.843836852607424,0.719,87.669,1.46115,29.524689456934606,truck,0.4778945944402906,1.504515866813877
1kmN3329E4243,53.06749046238423,8.845353017590345,8733.0,31837.96,53.07141734308759,8.838785029201663,53.06837466638494,8.848888676013189,1.058,108.43,1.8071666666666668,35.12680992345292,auto,0.7550701784790954,1.4011942600237277
1kmN3329E4243,53.06749046238423,8.845353017590345,8733.0,31837.96,53.07141734308759,8.838785029201663,53.06837466638494,8.848888676013189,0.961,219.076,3.6512666666666664,15.791780021545035,bicycle,0.7550701784790954,1.2727293798514199
1kmN3329E4243,53.06749046238423,8.845353017590345,8733.0,31837.96,53.07141734308759,8.838785029201663,53.06837466638494,8.848888676013189,1.058,108.43,1.8071666666666668,35.12680992345292,truck,0.7550701784790954,1.4011942600237277
1kmN3329E4243,53.06749046238423,8.845353017590345,8733.0,31837.96,53.07141734308759,8.838785029201663,53.07141734308759,8.843836852607424,0.869,118.829,1.9804833333333332,26.326906731521767,auto,0.3375023887801447,2.5747965907467476
1kmN3329E4243,53.06749046238423,8.845353017590345,8733.0,31837.96,53.07141734308759,8.838785029201663,53.07141734308759,8.843836852607424,0.568,126.065,2.1010833333333334,16.220203863086503,bicycle,0.3375023887801447,1.682951051259094
1kmN3329E4243,53.06749046238423,8.845353017590345,8733.0,31837.96,53.07141734308759,8.838785029201663,53.07141734308759,8.843836852607424,1.005,131.058,2.1843,27.60609806345282,truck,0.3375023887801447,2.9777567016116007
1kmN3329E4243,53.06749046238423,8.845353017590345,8733.0,31837.96,53.07141734308759,8.838785029201663,53.07141734308759,8.848888676013189,0.954,116.265,1.93775,29.53941426912656,auto,0.6750047771414481,1.4133233308956095
1kmN3329E4243,53.06749046238423,8.845353017590345,8733.0,31837.96,53.07141734308759,8.838785029201663,53.07141734308759,8.848888676013189,0.869,207.388,3.4564666666666666,15.084768646209039,bicycle,0.6750047771414481,1.2873982961722061
1kmN3329E4243,53.06749046238423,8.845353017590345,8733.0,31837.96,53.07141734308759,8.838785029201663,53.07141734308759,8.848888676013189,0.954,116.265,1.93775,29.53941426912656,truck,0.6750047771414481,1.4133233308956095
1kmN3329E4243,53.06749046238423,8.845353017590345,8733.0,31837.96,53.07141734308759,8.843836852607424,53.06533198968229,8.838785029201663,1.29,174.162,2.9027000000000003,26.66482929686154,auto,0.7561701461104942,1.7059652601142241
1kmN3329E4243,53.06749046238423,8.845353017590345,8733.0,31837.96,53.07141734308759,8.843836852607424,53.06533198968229,8.838785029201663,1.146,269.075,4.484583333333333,15.33252810554678,bicycle,0.7561701461104942,1.515531928752636
1kmN3329E4243,53.06749046238423,8.845353017590345,8733.0,31837.96,53.07141734308759,8.843836852607424,53.06533198968229,8.838785029201663,1.926,189.434,3.157233333333333,36.60166601560438,truck,0.7561701461104942,2.5470458069612367
1kmN3329E4243,53.06749046238423,8.845353017590345,8733.0,31837.96,53.07141734308759,8.843836852607424,53.06533198968229,8.843836852607424,1.654,242.84,4.0473333333333334,24.519848459891282,auto,0.6766604255085794,2.4443575206232135
1kmN3329E4243,53.06749046238423,8.845353017590345,8733.0,31837.96,53.07141734308759,8.843836852607424,53.06533198968229,8.843836852607424,1.457,322.558,5.375966666666667,16.26126154056015,bicycle,0.6766604255085794,2.1532218304401587
1kmN3329E4243,53.06749046238423,8.845353017590345,8733.0,31837.96,53.07141734308759,8.843836852607424,53.06533198968229,8.843836852607424,2.29,258.112,4.301866666666667,31.939623109347874,truck,0.6766604255085794,3.384267667610133
1kmN3329E4243,53.06749046238423,8.845353017590345,8733.0,31837.96,53.07141734308759,8.843836852607424,53.06533198968229,8.848888676013189,1.366,157.34,2.622333333333333,31.254607855599343,auto,0.7561701461106365,1.8064717405547221
1kmN3329E4243,53.06749046238423,8.845353017590345,8733.0,31837.96,53.07141734308759,8.843836852607424,53.06533198968229,8.848888676013189,1.601,355.137,5.91895,16.229229846509938,bicycle,0.7561701461106365,2.117248357707255
1kmN3329E4243,53.06749046238423,8.845353017590345,8733.0,31837.96,53.07141734308759,8.843836852607424,53.06533198968229,8.848888676013189,1.179,140.199,2.33665,30.27411037168596,truck,0.7561701461106365,1.5591729005227069
1kmN3329E4243,53.06749046238423,8.845353017590345,8733.0,31837.96,53.07141734308759,8.843836852607424,53.06837466638494,8.838785029201663,0.77,105.444,1.7574,26.288835780129737,auto,0.4778945944402906,1.6112339602874621
1kmN3329E4243,53.06749046238423,8.845353017590345,8733.0,31837.96,53.07141734308759,8.843836852607424,53.06837466638494,8.838785029201663,0.627,138.908,2.3151333333333333,16.249604054482106,bicycle,0.4778945944402906,1.3120047962340764
1kmN3329E4243,53.06749046238423,8.845353017590345,8733.0,31837.96,53.07141734308759,8.843836852607424,53.06837466638494,8.838785029201663,1.464,146.29,2.4381666666666666,36.02706951944767,truck,0.4778945944402906,3.063437036182915
1kmN3329E4243,53.06749046238423,8.845353017590345,8733.0,31837.96,53.07141734308759,8.843836852607424,53.06837466638494,8.843836852607424,0.507,78.436,1.3072666666666668,23.269927074302615,auto,0.33833021275428965,1.4985359890640504
1kmN3329E4243,53.06749046238423,8.845353017590345,8733.0,31837.96,53.07141734308759,8.843836852607424,53.06837466638494,8.843836852607424,0.402,92.25,1.5375,15.687804878048782,bicycle,0.33833021275428965,1.1881882990211996
1kmN3329E4243,53.06749046238423,8.845353017590345,8733.0,31837.96,53.07141734308759,8.843836852607424,53.06837466638494,8.843836852607424,1.261,140.994,2.3499,32.19711477084131,truck,0.33833021275428965,3.72712797280033
1kmN3329E4243,53.06749046238423,8.845353017590345,8733.0,31837.96,53.07141734308759,8.843836852607424,53.06837466638494,8.848888676013189,0.825,97.878,1.6313,30.343897505057317,auto,0.4778945944405157,1.726322100307182
1kmN3329E4243,53.06749046238423,8.845353017590345,8733.0,31837.96,53.07141734308759,8.843836852607424,53.06837466638494,8.848888676013189,0.692,154.281,2.5713500000000002,16.1471600521127,bicycle,0.4778945944405157,1.448018052621297
1kmN3329E4243,53.06749046238423,8.845353017590345,8733.0,31837.96,53.07141734308759,8.843836852607424,53.06837466638494,8.848888676013189,0.825,97.878,1.6313,30.343897505057317,truck,0.4778945944405157,1.726322100307182
1kmN3329E4243,53.06749046238423,8.845353017590345,8733.0,31837.96,53.07141734308759,8.843836852607424,53.07141734308759,8.838785029201663,0.625,68.406,1.1401000000000001,32.89185159196562,auto,0.3375023887801447,1.851838744783334
1kmN3329E4243,53.06749046238423,8.845353017590345,8733.0,31837.96,53.07141734308759,8.843836852607424,53.07141734308759,8.838785029201663,0.568,130.865,2.1810833333333335,15.625262675276046,bicycle,0.3375023887801447,1.682951051259094
1kmN3329E4243,53.06749046238423,8.845353017590345,8733.0,31837.96,53.07141734308759,8.843836852607424,53.07141734308759,8.838785029201663,0.625,68.406,1.1401000000000001,32.89185159196562,truck,0.3375023887801447,1.851838744783334
1kmN3329E4243,53.06749046238423,8.845353017590345,8733.0,31837.96,53.07141734308759,8.843836852607424,53.07141734308759,8.848888676013189,0.376,52.171,0.8695166666666666,25.945448620881333,auto,0.33750238878046346,1.1140661888606016
1kmN3329E4243,53.06749046238423,8.845353017590345,8733.0,31837.96,53.07141734308759,8.843836852607424,53.07141734308759,8.848888676013189,0.376,86.372,1.4395333333333333,15.671745473069976,bicycle,0.33750238878046346,1.1140661888606016
1kmN3329E4243,53.06749046238423,8.845353017590345,8733.0,31837.96,53.07141734308759,8.843836852607424,53.07141734308759,8.848888676013189,0.376,52.171,0.8695166666666666,25.945448620881333,truck,0.33750238878046346,1.1140661888606016
1kmN3329E4243,53.06749046238423,8.845353017590345,8733.0,31837.96,53.07141734308759,8.848888676013189,53.06533198968229,8.838785029201663,1.792,210.342,3.5057,30.67005163020224,auto,0.9558060287324175,1.874857393792061
1kmN3329E4243,53.06749046238423,8.845353017590345,8733.0,31837.96,53.07141734308759,8.848888676013189,53.06533198968229,8.838785029201663,1.548,356.297,5.938283333333334,15.640883869356182,bicycle,0.9558060287324175,1.6195754718694813
1kmN3329E4243,53.06749046238423,8.845353017590345,8733.0,31837.96,53.07141734308759,8.848888676013189,53.06533198968229,8.838785029201663,1.792,210.342,3.5057,30.67005163020224,truck,0.9558060287324175,1.874857393792061
1kmN3329E4243,53.06749046238423,8.845353017590345,8733.0,31837.96,53.07141734308759,8.848888676013189,53.06533198968229,8.843836852607424,2.157,279.02,4.650333333333333,27.830263063579675,auto,0.7561701461106365,2.852532609353247
1kmN3329E4243,53.06749046238423,8.845353017590345,8733.0,31837.96,53.07141734308759,8.848888676013189,53.06533198968229,8.843836852607424,1.033,233.764,3.896066666666667,15.908352013141457,bicycle,0.7561701461106365,1.3660946617811331
1kmN3329E4243,53.06749046238423,8.845353017590345,8733.0,31837.96,53.07141734308759,8.848888676013189,53.06533198968229,8.843836852607424,2.157,279.02,4.650333333333333,27.830263063579675,truck,0.7561701461106365,2.852532609353247
1kmN3329E4243,53.06749046238423,8.845353017590345,8733.0,31837.96,53.07141734308759,8.848888676013189,53.06533198968229,8.848888676013189,0.803,88.027,1.4671166666666666,32.839924114192236,auto,0.6766604255085794,1.1867104528781383
1kmN3329E4243,53.06749046238423,8.845353017590345,8733.0,31837.96,53.07141734308759,8.848888676013189,53.06533198968229,8.848888676013189,1.205,270.989,4.5164833333333325,16.008029846229924,bicycle,0.6766604255085794,1.780804602388738
1kmN3329E4243,53.06749046238423,8.845353017590345,8733.0,31837.96,53.07141734308759,8.848888676013189,53.06533198968229,8.848888676013189,0.803,88.027,1.4671166666666666,32.839924114192236,truck,0.6766604255085794,1.1867104528781383
1kmN3329E4243,53.06749046238423,8.845353017590345,8733.0,31837.96,53.07141734308759,8.848888676013189,53.06837466638494,8.838785029201663,0.989,128.598,2.1433000000000004,27.686278169178365,auto,0.7550701784790954,1.309812025674354
1kmN3329E4243,53.06749046238423,8.845353017590345,8733.0,31837.96,53.07141734308759,8.848888676013189,53.06837466638494,8.838785029201663,1.028,226.13,3.7688333333333333,16.365807278998805,bicycle,0.7550701784790954,1.3614628537848696
1kmN3329E4243,53.06749046238423,8.845353017590345,8733.0,31837.96,53.07141734308759,8.848888676013189,53.06837466638494,8.838785029201663,1.264,134.195,2.2365833333333334,33.90886396661575,truck,0.7550701784790954,1.6740165828638862
1kmN3329E4243,53.06749046238423,8.845353017590345,8733.0,31837.96,53.07141734308759,8.848888676013189,53.06837466638494,8.843836852607424,0.885,88.822,1.4803666666666666,35.86949179257391,auto,0.4778945944405157,1.8518727985113408
1kmN3329E4243,53.06749046238423,8.845353017590345,8733.0,31837.96,53.07141734308759,8.848888676013189,53.06837466638494,8.843836852607424,0.651,145.772,2.429533333333333,16.07716159481931,bicycle,0.4778945944405157,1.362225075515122
1kmN3329E4243,53.06749046238423,8.845353017590345,8733.0,31837.96,53.07141734308759,8.848888676013189,53.06837466638494,8.843836852607424,0.885,88.822,1.4803666666666666,35.86949179257391,truck,0.4778945944405157,1.8518727985113408
1kmN3329E4243,53.06749046238423,8.845353017590345,8733.0,31837.96,53.07141734308759,8.848888676013189,53.06837466638494,8.848888676013189,0.448,45.706,0.7617666666666667,35.286395659213234,auto,0.33833021275428965,1.3241501441828294
1kmN3329E4243,53.06749046238423,8.845353017590345,8733.0,31837.96,53.07141734308759,8.848888676013189,53.06837466638494,8.848888676013189,0.448,96.937,1.6156166666666667,16.63760999411989,bicycle,0.33833021275428965,1.3241501441828294
1kmN3329E4243,53.06749046238423,8.845353017590345,8733.0,31837.96,53.07141734308759,8.848888676013189,53.06837466638494,8.848888676013189,0.448,45.706,0.7617666666666667,35.286395659213234,truck,0.33833021275428965,1.3241501441828294
1kmN3329E4243,53.06749046238423,8.845353017590345,8733.0,31837.96,53.07141734308759,8.848888676013189,53.07141734308759,8.838785029201663,0.884,98.675,1.6445833333333333,32.25133012414492,auto,0.6750047771414481,1.309620361123395
1kmN3329E4243,53.06749046238423,8.845353017590345,8733.0,31837.96,53.07141734308759,8.848888676013189,53.07141734308759,8.838785029201663,0.856,196.038,3.2673,15.719401340556422,bicycle,0.6750047771414481,1.268139173214509
1kmN3329E4243,53.06749046238423,8.845353017590345,8733.0,31837.96,53.07141734308759,8.848888676013189,53.07141734308759,8.838785029201663,0.884,98.675,1.6445833333333333,32.25133012414492,truck,0.6750047771414481,1.309620361123395
1kmN3329E4243,53.06749046238423,8.845353017590345,8733.0,31837.96,53.07141734308759,8.848888676013189,53.07141734308759,8.843836852607424,0.798,102.805,1.7134166666666668,27.944166139779192,auto,0.33750238878046346,2.364427709337128
1kmN3329E4243,53.06749046238423,8.845353017590345,8733.0,31837.96,53.07141734308759,8.848888676013189,53.07141734308759,8.843836852607424,0.376,83.272,1.3878666666666668,16.25516380055721,bicycle,0.33750238878046346,1.1140661888606016
1kmN3329E4243,53.06749046238423,8.845353017590345,8733.0,31837.96,53.07141734308759,8.848888676013189,53.07141734308759,8.843836852607424,0.798,102.805,1.7134166666666668,27.944166139779192,truck,0.33750238878046346,2.364427709337128
1kmN3328E4240,53.05806869705076,8.800855208240892,8381.0,31585.9,53.055907863932035,8.794284717362935,53.055907863932035,8.799338466033657,1.066,218.096,3.6349333333333336,17.5959210622845,auto,0.3377525983522805,3.156156326259103
1kmN3328E4240,53.05806869705076,8.800855208240892,8381.0,31585.9,53.055907863932035,8.794284717362935,53.055907863932035,8.799338466033657,0.594,192.523,3.2087166666666667,11.107244329248973,bicycle,0.3377525983522805,1.7586837315177366
1kmN3328E4240,53.05806869705076,8.800855208240892,8381.0,31585.9,53.055907863932035,8.794284717362935,53.055907863932035,8.799338466033657,1.066,218.096,3.6349333333333336,17.5959210622845,truck,0.3377525983522805,3.156156326259103
1kmN3328E4240,53.05806869705076,8.800855208240892,8381.0,31585.9,53.055907863932035,8.794284717362935,53.055907863932035,8.804392214704379,1.493,253.905,4.23175,21.168547291309743,auto,0.675505196284835,2.2101976538615085
1kmN3328E4240,53.05806869705076,8.800855208240892,8381.0,31585.9,53.055907863932035,8.794284717362935,53.055907863932035,8.804392214704379,1.042,305.895,5.098249999999999,12.263031432354241,bicycle,0.675505196284835,1.542549199814931
1kmN3328E4240,53.05806869705076,8.800855208240892,8381.0,31585.9,53.055907863932035,8.794284717362935,53.055907863932035,8.804392214704379,1.493,253.905,4.23175,21.168547291309743,truck,0.675505196284835,2.2101976538615085
1kmN3328E4240,53.05806869705076,8.800855208240892,8381.0,31585.9,53.055907863932035,8.794284717362935,53.058952341635774,8.794284717362935,1.363,222.609,3.71015,22.042235489131166,auto,0.338530474937871,4.026225409249036
1kmN3328E4240,53.05806869705076,8.800855208240892,8381.0,31585.9,53.055907863932035,8.794284717362935,53.058952341635774,8.794284717362935,0.871,238.805,3.9800833333333334,13.130378342162015,bicycle,0.338530474937871,2.5728850560938445
1kmN3328E4240,53.05806869705076,8.800855208240892,8381.0,31585.9,53.055907863932035,8.794284717362935,53.058952341635774,8.799338466033657,1.462,277.619,4.6269833333333334,18.95835659663063,auto,0.4781962355305943,3.057322269335312
1kmN3328E4240,53.05806869705076,8.800855208240892,8381.0,31585.9,53.055907863932035,8.794284717362935,53.058952341635774,8.799338466033657,1.024,279.586,4.659766666666667,13.185209559849206,bicycle,0.4781962355305943,2.1413803035563337
1kmN3328E4240,53.05806869705076,8.800855208240892,8381.0,31585.9,53.055907863932035,8.794284717362935,53.058952341635774,8.799338466033657,1.462,277.619,4.6269833333333334,18.95835659663063,truck,0.4781962355305943,3.057322269335312
1kmN3328E4240,53.05806869705076,8.800855208240892,8381.0,31585.9,53.055907863932035,8.794284717362935,53.058952341635774,8.804392214704379,1.476,237.093,3.9515499999999997,22.4114587946502,auto,0.7555646304258216,1.9535059484827328
1kmN3328E4240,53.05806869705076,8.800855208240892,8381.0,31585.9,53.055907863932035,8.794284717362935,53.058952341635774,8.804392214704379,1.004,278.878,4.647966666666666,12.960506027725385,bicycle,0.7555646304258216,1.3288075692931327
1kmN3328E4240,53.05806869705076,8.800855208240892,8381.0,31585.9,53.055907863932035,8.794284717362935,53.058952341635774,8.804392214704379,1.476,237.093,3.9515499999999997,22.4114587946502,truck,0.7555646304258216,1.9535059484827328
1kmN3328E4240,53.05806869705076,8.800855208240892,8381.0,31585.9,53.055907863932035,8.794284717362935,53.06199681933952,8.794284717362935,2.386,306.351,5.10585,28.03842651076706,auto,0.6770609498771565,3.5240549620132535
1kmN3328E4240,53.05806869705076,8.800855208240892,8381.0,31585.9,53.055907863932035,8.794284717362935,53.06199681933952,8.794284717362935,1.385,363.823,6.063716666666666,13.704466182731714,bicycle,0.6770609498771565,2.0456060864997303
1kmN3328E4240,53.05806869705076,8.800855208240892,8381.0,31585.9,53.055907863932035,8.794284717362935,53.06199681933952,8.794284717362935,3.036,357.944,5.9657333333333336,30.53438526696913,truck,0.6770609498771565,4.484086699359697
1kmN3328E4240,53.05806869705076,8.800855208240892,8381.0,31585.9,53.055907863932035,8.794284717362935,53.06199681933952,8.799338466033657,2.05,309.768,5.1628,23.824281397691173,auto,0.7566189439658884,2.7094219836140168
1kmN3328E4240,53.05806869705076,8.800855208240892,8381.0,31585.9,53.055907863932035,8.794284717362935,53.06199681933952,8.799338466033657,1.451,384.37,6.406166666666667,13.590030439420351,bicycle,0.7566189439658884,1.9177420966946044
1kmN3328E4240,53.05806869705076,8.800855208240892,8381.0,31585.9,53.055907863932035,8.794284717362935,53.06199681933952,8.799338466033657,2.05,309.768,5.1628,23.824281397691173,truck,0.7566189439658884,2.7094219836140168
1kmN3328E4240,53.05806869705076,8.800855208240892,8381.0,31585.9,53.055907863932035,8.794284717362935,53.06199681933952,8.804392214704379,1.961,292.26,4.8709999999999996,24.155204270170398,auto,0.9563756141597989,2.050449604701381
1kmN3328E4240,53.05806869705076,8.800855208240892,8381.0,31585.9,53.055907863932035,8.794284717362935,53.06199681933952,8.804392214704379,1.489,384.621,6.410349999999999,13.936836522186777,bicycle,0.9563756141597989,1.5569196641511251
1kmN3328E4240,53.05806869705076,8.800855208240892,8381.0,31585.9,53.055907863932035,8.794284717362935,53.06199681933952,8.804392214704379,4.046,393.764,6.562733333333333,36.990684775652426,truck,0.9563756141597989,4.230555380225287
1kmN3328E4240,53.05806869705076,8.800855208240892,8381.0,31585.9,53.055907863932035,8.799338466033657,53.055907863932035,8.794284717362935,0.83,151.09,2.5181666666666667,19.77629227612681,auto,0.3377525983522805,2.4574200288884196
1kmN3328E4240,53.05806869705076,8.800855208240892,8381.0,31585.9,53.055907863932035,8.799338466033657,53.055907863932035,8.794284717362935,0.603,193.023,3.21705,11.246328157784305,bicycle,0.3377525983522805,1.7853304547225508
1kmN3328E4240,53.05806869705076,8.800855208240892,8381.0,31585.9,53.055907863932035,8.799338466033657,53.055907863932035,8.794284717362935,0.83,151.09,2.5181666666666667,19.77629227612681,truck,0.3377525983522805,2.4574200288884196
1kmN3328E4240,53.05806869705076,8.800855208240892,8381.0,31585.9,53.055907863932035,8.799338466033657,53.055907863932035,8.804392214704379,0.532,65.508,1.0917999999999999,29.236123832203702,auto,0.33775259835217414,1.5751174161072905
1kmN3328E4240,53.05806869705076,8.800855208240892,8381.0,31585.9,53.055907863932035,8.799338466033657,53.055907863932035,8.804392214704379,0.674,167.388,2.7898,14.495662771524842,bicycle,0.33775259835217414,1.9955434933389358
1kmN3328E4240,53.05806869705076,8.800855208240892,8381.0,31585.9,53.055907863932035,8.799338466033657,53.055907863932035,8.804392214704379,0.532,65.508,1.0917999999999999,29.236123832203702,truck,0.33775259835217414,1.5751174161072905
1kmN3328E4240,53.05806869705076,8.800855208240892,8381.0,31585.9,53.055907863932035,8.799338466033657,53.058952341635774,8.794284717362935,0.554,54.232,0.9038666666666667,36.77533559522054,auto,0.4781962355305943,1.1585202032912196
1kmN3328E4240,53.05806869705076,8.800855208240892,8381.0,31585.9,53.055907863932035,8.799338466033657,53.058952341635774,8.794284717362935,0.535,113.547,1.89245,16.962139026130153,bicycle,0.4781962355305943,1.1187875609400766
1kmN3328E4240,53.05806869705076,8.800855208240892,8381.0,31585.9,53.055907863932035,8.799338466033657,53.058952341635774,8.794284717362935,0.554,54.232,0.9038666666666667,36.77533559522054,truck,0.4781962355305943,1.1585202032912196
1kmN3328E4240,53.05806869705076,8.800855208240892,8381.0,31585.9,53.055907863932035,8.799338466033657,53.058952341635774,8.799338466033657,0.501,89.221,1.4870166666666667,20.214971811569026,auto,0.338530474937871,1.4799258474202253
1kmN3328E4240,53.05806869705076,8.800855208240892,8381.0,31585.9,53.055907863932035,8.799338466033657,53.058952341635774,8.799338466033657,0.535,116.678,1.9446333333333332,16.50696789454739,bicycle,0.338530474937871,1.5803599368659091
1kmN3328E4240,53.05806869705076,8.800855208240892,8381.0,31585.9,53.055907863932035,8.799338466033657,53.058952341635774,8.799338466033657,0.501,89.221,1.4870166666666667,20.214971811569026,truck,0.338530474937871,1.4799258474202253
1kmN3328E4240,53.05806869705076,8.800855208240892,8381.0,31585.9,53.055907863932035,8.799338466033657,53.058952341635774,8.804392214704379,0.515,48.696,0.8116,38.072942336126175,auto,0.47819623553051926,1.076963726886411
1kmN3328E4240,53.05806869705076,8.800855208240892,8381.0,31585.9,53.055907863932035,8.799338466033657,53.058952341635774,8.804392214704379,0.515,115.97,1.9328333333333334,15.986893162024662,bicycle,0.47819623553051926,1.076963726886411
1kmN3328E4240,53.05806869705076,8.800855208240892,8381.0,31585.9,53.055907863932035,8.799338466033657,53.058952341635774,8.804392214704379,0.515,48.696,0.8116,38.072942336126175,truck,0.47819623553051926,1.076963726886411
1kmN3328E4240,53.05806869705076,8.800855208240892,8381.0,31585.9,53.055907863932035,8.799338466033657,53.06199681933952,8.794284717362935,0.896,125.647,2.094116666666667,25.671922131049687,auto,0.7566189439658884,1.1842156572283704
1kmN3328E4240,53.05806869705076,8.800855208240892,8381.0,31585.9,53.055907863932035,8.799338466033657,53.06199681933952,8.794284717362935,0.896,200.915,3.348583333333333,16.054550431774633,bicycle,0.7566189439658884,1.1842156572283704
1kmN3328E4240,53.05806869705076,8.800855208240892,8381.0,31585.9,53.055907863932035,8.799338466033657,53.06199681933952,8.794284717362935,1.626,171.651,2.86085,34.101752975514266,truck,0.7566189439658884,2.1490342172470203
1kmN3328E4240,53.05806869705076,8.800855208240892,8381.0,31585.9,53.055907863932035,8.799338466033657,53.06199681933952,8.799338466033657,1.089,121.371,2.02285,32.30096151469461,auto,0.6770609498771565,1.6084224030311958
1kmN3328E4240,53.05806869705076,8.800855208240892,8381.0,31585.9,53.055907863932035,8.799338466033657,53.06199681933952,8.799338466033657,0.962,221.462,3.691033333333333,15.63789724648021,bicycle,0.6770609498771565,1.4208469712727367
1kmN3328E4240,53.05806869705076,8.800855208240892,8381.0,31585.9,53.055907863932035,8.799338466033657,53.06199681933952,8.799338466033657,1.089,121.371,2.02285,32.30096151469461,truck,0.6770609498771565,1.6084224030311958
1kmN3328E4240,53.05806869705076,8.800855208240892,8381.0,31585.9,53.055907863932035,8.799338466033657,53.06199681933952,8.804392214704379,1.0,103.863,1.73105,34.6610438751047,auto,0.756618943965841,1.3216692602996032
1kmN3328E4240,53.05806869705076,8.800855208240892,8381.0,31585.9,53.055907863932035,8.799338466033657,53.06199681933952,8.804392214704379,1.0,221.713,3.6952166666666666,16.237207561126322,bicycle,0.756618943965841,1.3216692602996032
1kmN3328E4240,53.05806869705076,8.800855208240892,8381.0,31585.9,53.055907863932035,8.799338466033657,53.06199681933952,8.804392214704379,1.0,103.863,1.73105,34.6610438751047,truck,0.756618943965841,1.3216692602996032
1kmN3328E4240,53.05806869705076,8.800855208240892,8381.0,31585.9,53.055907863932035,8.804392214704379,53.055907863932035,8.794284717362935,1.257,183.575,3.0595833333333333,24.65041536156884,auto,0.675505196284835,1.8608295049590864
1kmN3328E4240,53.05806869705076,8.800855208240892,8381.0,31585.9,53.055907863932035,8.804392214704379,53.055907863932035,8.794284717362935,1.051,306.395,5.106583333333333,12.348765482465446,bicycle,0.675505196284835,1.5558725614256164
1kmN3328E4240,53.05806869705076,8.800855208240892,8381.0,31585.9,53.055907863932035,8.804392214704379,53.055907863932035,8.794284717362935,1.257,183.575,3.0595833333333333,24.65041536156884,truck,0.675505196284835,1.8608295049590864
1kmN3328E4240,53.05806869705076,8.800855208240892,8381.0,31585.9,53.055907863932035,8.804392214704379,53.055907863932035,8.799338466033657,0.532,55.633,0.9272166666666667,34.42561069868603,auto,0.33775259835217414,1.5751174161072905
1kmN3328E4240,53.05806869705076,8.800855208240892,8381.0,31585.9,53.055907863932035,8.804392214704379,53.055907863932035,8.799338466033657,0.627,145.035,2.41725,15.563139931740615,bicycle,0.33775259835217414,1.8563883832693067
1kmN3328E4240,53.05806869705076,8.800855208240892,8381.0,31585.9,53.055907863932035,8.804392214704379,53.055907863932035,8.799338466033657,0.532,55.633,0.9272166666666667,34.42561069868603,truck,0.33775259835217414,1.5751174161072905
1kmN3328E4240,53.05806869705076,8.800855208240892,8381.0,31585.9,53.055907863932035,8.804392214704379,53.058952341635774,8.794284717362935,0.981,86.718,1.4453,40.72510897391545,auto,0.7555646304258216,1.2983667584427918
1kmN3328E4240,53.05806869705076,8.800855208240892,8381.0,31585.9,53.055907863932035,8.804392214704379,53.058952341635774,8.794284717362935,0.986,230.519,3.8419833333333333,15.398296886590694,bicycle,0.7555646304258216,1.3049843260189529
1kmN3328E4240,53.05806869705076,8.800855208240892,8381.0,31585.9,53.055907863932035,8.804392214704379,53.058952341635774,8.794284717362935,0.981,86.718,1.4453,40.72510897391545,truck,0.7555646304258216,1.2983667584427918
1kmN3328E4240,53.05806869705076,8.800855208240892,8381.0,31585.9,53.055907863932035,8.804392214704379,53.058952341635774,8.799338466033657,0.898,119.303,1.9883833333333334,27.097390677518586,auto,0.47819623553051926,1.87789014901747
1kmN3328E4240,53.05806869705076,8.800855208240892,8381.0,31585.9,53.055907863932035,8.804392214704379,53.058952341635774,8.799338466033657,0.506,120.697,2.011616666666667,15.092338666246883,bicycle,0.47819623553051926,1.0581430015621824
1kmN3328E4240,53.05806869705076,8.800855208240892,8381.0,31585.9,53.055907863932035,8.804392214704379,53.058952341635774,8.799338466033657,0.898,119.303,1.9883833333333334,27.097390677518586,truck,0.47819623553051926,1.87789014901747
1kmN3328E4240,53.05806869705076,8.800855208240892,8381.0,31585.9,53.055907863932035,8.804392214704379,53.058952341635774,8.804392214704379,0.381,39.861,0.66435,34.409573267103184,auto,0.338530474937871,1.1254525905531054
1kmN3328E4240,53.05806869705076,8.800855208240892,8381.0,31585.9,53.055907863932035,8.804392214704379,53.058952341635774,8.804392214704379,0.529,143.614,2.3935666666666666,13.260545629256201,bicycle,0.338530474937871,1.5626362740225532
1kmN3328E4240,53.05806869705076,8.800855208240892,8381.0,31585.9,53.055907863932035,8.804392214704379,53.058952341635774,8.804392214704379,0.381,39.861,0.66435,34.409573267103184,truck,0.338530474937871,1.1254525905531054
1kmN3328E4240,53.05806869705076,8.800855208240892,8381.0,31585.9,53.055907863932035,8.804392214704379,53.06199681933952,8.794284717362935,1.039,135.478,2.257966666666667,27.608910671843397,auto,0.9563756141597989,1.086393237779059
1kmN3328E4240,53.05806869705076,8.800855208240892,8381.0,31585.9,53.055907863932035,8.804392214704379,53.06199681933952,8.794284717362935,1.134,265.134,4.4189,15.397497114666542,bicycle,0.9563756141597989,1.185726594457606
1kmN3328E4240,53.05806869705076,8.800855208240892,8381.0,31585.9,53.055907863932035,8.804392214704379,53.06199681933952,8.794284717362935,1.491,162.817,2.713616666666667,32.967073462844795,truck,0.9563756141597989,1.5590108927127788
1kmN3328E4240,53.05806869705076,8.800855208240892,8381.0,31585.9,53.055907863932035,8.804392214704379,53.06199681933952,8.799338466033657,0.954,112.536,1.8756,30.518234165067174,auto,0.756618943965841,1.2608724743258215
1kmN3328E4240,53.05806869705076,8.800855208240892,8381.0,31585.9,53.055907863932035,8.804392214704379,53.06199681933952,8.799338466033657,0.922,222.581,3.709683333333333,14.912324052816729,bicycle,0.756618943965841,1.2185790579962343
1kmN3328E4240,53.05806869705076,8.800855208240892,8381.0,31585.9,53.055907863932035,8.804392214704379,53.06199681933952,8.799338466033657,0.954,112.536,1.8756,30.518234165067174,truck,0.756618943965841,1.2608724743258215
1kmN3328E4240,53.05806869705076,8.800855208240892,8381.0,31585.9,53.055907863932035,8.804392214704379,53.06199681933952,8.804392214704379,0.865,95.028,1.5838,32.76928905164793,auto,0.6770609498771565,1.2775806966225751
1kmN3328E4240,53.05806869705076,8.800855208240892,8381.0,31585.9,53.055907863932035,8.804392214704379,53.06199681933952,8.804392214704379,0.943,221.053,3.6842166666666665,15.357402975756944,bicycle,0.6770609498771565,1.3927845051041483
1kmN3328E4240,53.05806869705076,8.800855208240892,8381.0,31585.9,53.055907863932035,8.804392214704379,53.06199681933952,8.804392214704379,0.865,95.028,1.5838,32.76928905164793,truck,0.6770609498771565,1.2775806966225751
1kmN3328E4240,53.05806869705076,8.800855208240892,8381.0,31585.9,53.058952341635774,8.794284717362935,53.055907863932035,8.794284717362935,0.626,120.606,2.0101,18.685637530471123,auto,0.338530474937871,1.8491688233234749
1kmN3328E4240,53.05806869705076,8.800855208240892,8381.0,31585.9,53.058952341635774,8.794284717362935,53.055907863932035,8.794284717362935,0.88,245.505,4.09175,12.904014174864056,bicycle,0.338530474937871,2.5994705503588786
1kmN3328E4240,53.05806869705076,8.800855208240892,8381.0,31585.9,53.058952341635774,8.794284717362935,53.055907863932035,8.794284717362935,0.626,120.606,2.0101,18.685637530471123,truck,0.338530474937871,1.8491688233234749
1kmN3328E4240,53.05806869705076,8.800855208240892,8381.0,31585.9,53.058952341635774,8.794284717362935,53.055907863932035,8.799338466033657,1.55,133.455,2.22425,41.81184668989547,auto,0.4781962355305943,3.2413471391721846
1kmN3328E4240,53.05806869705076,8.800855208240892,8381.0,31585.9,53.058952341635774,8.794284717362935,53.055907863932035,8.799338466033657,0.535,113.547,1.89245,16.962139026130153,bicycle,0.4781962355305943,1.1187875609400766
1kmN3328E4240,53.05806869705076,8.800855208240892,8381.0,31585.9,53.058952341635774,8.794284717362935,53.055907863932035,8.799338466033657,1.55,133.455,2.22425,41.81184668989547,truck,0.4781962355305943,3.2413471391721846
1kmN3328E4240,53.05806869705076,8.800855208240892,8381.0,31585.9,53.058952341635774,8.794284717362935,53.055907863932035,8.804392214704379,1.978,169.265,2.821083333333333,42.06894514518655,auto,0.7555646304258216,2.617909733129299
1kmN3328E4240,53.05806869705076,8.800855208240892,8381.0,31585.9,53.058952341635774,8.794284717362935,53.055907863932035,8.804392214704379,0.986,230.519,3.8419833333333333,15.398296886590694,bicycle,0.7555646304258216,1.3049843260189529
1kmN3328E4240,53.05806869705076,8.800855208240892,8381.0,31585.9,53.058952341635774,8.794284717362935,53.055907863932035,8.804392214704379,1.978,169.265,2.821083333333333,42.06894514518655,truck,0.7555646304258216,2.617909733129299
1kmN3328E4240,53.05806869705076,8.800855208240892,8381.0,31585.9,53.058952341635774,8.794284717362935,53.058952341635774,8.799338466033657,1.631,194.542,3.242366666666667,30.18165743130018,auto,0.3377287331519446,4.829319628147276
1kmN3328E4240,53.05806869705076,8.800855208240892,8381.0,31585.9,53.058952341635774,8.794284717362935,53.058952341635774,8.799338466033657,0.966,200.609,3.3434833333333334,17.335214272540114,bicycle,0.3377287331519446,2.860283728258902
1kmN3328E4240,53.05806869705076,8.800855208240892,8381.0,31585.9,53.058952341635774,8.794284717362935,53.058952341635774,8.804392214704379,1.961,152.453,2.5408833333333334,46.30673059893869,auto,0.6754574658841593,2.9032175955492523
1kmN3328E4240,53.05806869705076,8.800855208240892,8381.0,31585.9,53.058952341635774,8.794284717362935,53.058952341635774,8.804392214704379,0.946,199.901,3.3316833333333333,17.036433034352,bicycle,0.6754574658841593,1.4005323025954066
1kmN3328E4240,53.05806869705076,8.800855208240892,8381.0,31585.9,53.058952341635774,8.794284717362935,53.058952341635774,8.804392214704379,1.961,152.453,2.5408833333333334,46.30673059893869,truck,0.6754574658841593,2.9032175955492523
1kmN3328E4240,53.05806869705076,8.800855208240892,8381.0,31585.9,53.058952341635774,8.794284717362935,53.06199681933952,8.794284717362935,1.345,147.286,2.4547666666666665,32.87481498580992,auto,0.3385304749392856,3.9730544207023653
1kmN3328E4240,53.05806869705076,8.800855208240892,8381.0,31585.9,53.058952341635774,8.794284717362935,53.06199681933952,8.794284717362935,0.847,190.455,3.1742500000000002,16.01008112152477,bicycle,0.3385304749392856,2.5019904047099653
1kmN3328E4240,53.05806869705076,8.800855208240892,8381.0,31585.9,53.058952341635774,8.794284717362935,53.06199681933952,8.799338466033657,2.022,188.547,3.1424499999999997,38.60681951980143,auto,0.47817937996821375,4.228538671271039
1kmN3328E4240,53.05806869705076,8.800855208240892,8381.0,31585.9,53.058952341635774,8.794284717362935,53.06199681933952,8.799338466033657,1.438,321.701,5.361683333333334,16.091961168911503,bicycle,0.47817937996821375,3.007239668292658
1kmN3328E4240,53.05806869705076,8.800855208240892,8381.0,31585.9,53.058952341635774,8.794284717362935,53.06199681933952,8.799338466033657,2.022,188.547,3.1424499999999997,38.60681951980143,truck,0.47817937996821375,4.228538671271039
1kmN3328E4240,53.05806869705076,8.800855208240892,8381.0,31585.9,53.058952341635774,8.794284717362935,53.06199681933952,8.804392214704379,2.278,200.836,3.347266666666667,40.83331673604334,auto,0.7555219584845198,3.01513407309746
1kmN3328E4240,53.05806869705076,8.800855208240892,8381.0,31585.9,53.058952341635774,8.794284717362935,53.06199681933952,8.804392214704379,1.43,305.644,5.0940666666666665,16.843124681001427,bicycle,0.7555219584845198,1.8927312223570534
1kmN3328E4240,53.05806869705076,8.800855208240892,8381.0,31585.9,53.058952341635774,8.794284717362935,53.06199681933952,8.804392214704379,2.445,207.62,3.4603333333333333,42.39475965706579,truck,0.7555219584845198,3.236173313750346
1kmN3328E4240,53.05806869705076,8.800855208240892,8381.0,31585.9,53.058952341635774,8.799338466033657,53.055907863932035,8.794284717362935,1.226,214.787,3.5797833333333333,20.548729671721286,auto,0.4781962355305943,2.5638010275000633
1kmN3328E4240,53.05806869705076,8.800855208240892,8381.0,31585.9,53.058952341635774,8.799338466033657,53.055907863932035,8.794284717362935,1.033,285.986,4.7664333333333335,13.003433734518472,bicycle,0.4781962355305943,2.160201028880559
1kmN3328E4240,53.05806869705076,8.800855208240892,8381.0,31585.9,53.058952341635774,8.799338466033657,53.055907863932035,8.794284717362935,1.226,214.787,3.5797833333333333,20.548729671721286,truck,0.4781962355305943,2.5638010275000633
1kmN3328E4240,53.05806869705076,8.800855208240892,8381.0,31585.9,53.058952341635774,8.799338466033657,53.055907863932035,8.799338466033657,0.501,86.844,1.4473999999999998,20.768274146745892,auto,0.338530474937871,1.4799258474202253
1kmN3328E4240,53.05806869705076,8.800855208240892,8381.0,31585.9,53.058952341635774,8.799338466033657,53.055907863932035,8.799338466033657,0.535,116.678,1.9446333333333332,16.50696789454739,bicycle,0.338530474937871,1.5803599368659091
1kmN3328E4240,53.05806869705076,8.800855208240892,8381.0,31585.9,53.058952341635774,8.799338466033657,53.055907863932035,8.799338466033657,0.501,86.844,1.4473999999999998,20.768274146745892,truck,0.338530474937871,1.4799258474202253
1kmN3328E4240,53.05806869705076,8.800855208240892,8381.0,31585.9,53.058952341635774,8.799338466033657,53.055907863932035,8.804392214704379,0.899,120.229,2.003816666666667,26.918630280547955,auto,0.47819623553051926,1.879981340720162
1kmN3328E4240,53.05806869705076,8.800855208240892,8381.0,31585.9,53.058952341635774,8.799338466033657,53.055907863932035,8.804392214704379,0.506,122.797,2.0466166666666665,14.834238621464696,bicycle,0.47819623553051926,1.0581430015621824
1kmN3328E4240,53.05806869705076,8.800855208240892,8381.0,31585.9,53.058952341635774,8.799338466033657,53.055907863932035,8.804392214704379,0.899,120.229,2.003816666666667,26.918630280547955,truck,0.47819623553051926,1.879981340720162
1kmN3328E4240,53.05806869705076,8.800855208240892,8381.0,31585.9,53.058952341635774,8.799338466033657,53.058952341635774,8.794284717362935,0.95,117.929,1.9654833333333335,29.000500301028584,auto,0.3377287331519446,2.8129084284119634
1kmN3328E4240,53.05806869705076,8.800855208240892,8381.0,31585.9,53.058952341635774,8.799338466033657,53.058952341635774,8.794284717362935,0.966,206.509,3.4418166666666665,16.839944021810187,bicycle,0.3377287331519446,2.860283728258902
1kmN3328E4240,53.05806869705076,8.800855208240892,8381.0,31585.9,53.058952341635774,8.799338466033657,53.058952341635774,8.794284717362935,0.95,117.929,1.9654833333333335,29.000500301028584,truck,0.3377287331519446,2.8129084284119634
1kmN3328E4240,53.05806869705076,8.800855208240892,8381.0,31585.9,53.058952341635774,8.799338466033657,53.058952341635774,8.804392214704379,0.882,103.416,1.7236,30.7031793919703,auto,0.3377287331518384,2.6115634040632973
1kmN3328E4240,53.05806869705076,8.800855208240892,8381.0,31585.9,53.058952341635774,8.799338466033657,53.058952341635774,8.804392214704379,0.394,85.733,1.4288833333333335,16.544387808661774,bicycle,0.3377287331518384,1.1666167587312235
1kmN3328E4240,53.05806869705076,8.800855208240892,8381.0,31585.9,53.058952341635774,8.799338466033657,53.058952341635774,8.804392214704379,0.882,103.416,1.7236,30.7031793919703,truck,0.3377287331518384,2.6115634040632973
1kmN3328E4240,53.05806869705076,8.800855208240892,8381.0,31585.9,53.058952341635774,8.799338466033657,53.06199681933952,8.794284717362935,0.754,120.194,2.003233333333333,22.583490024460456,auto,0.47817937996821375,1.5768141237083895
1kmN3328E4240,53.05806869705076,8.800855208240892,8381.0,31585.9,53.058952341635774,8.799338466033657,53.06199681933952,8.794284717362935,0.629,141.528,2.3588,15.999660844497203,bicycle,0.47817937996821375,1.3154059467010306
1kmN3328E4240,53.05806869705076,8.800855208240892,8381.0,31585.9,53.058952341635774,8.799338466033657,53.06199681933952,8.794284717362935,0.779,121.787,2.0297833333333335,23.027088277073904,truck,0.47817937996821375,1.6290957591098614
1kmN3328E4240,53.05806869705076,8.800855208240892,8381.0,31585.9,53.058952341635774,8.799338466033657,53.06199681933952,8.799338466033657,0.677,119.117,1.9852833333333335,20.460555588203196,auto,0.3385304749392856,1.9998199574836442
1kmN3328E4240,53.05806869705076,8.800855208240892,8381.0,31585.9,53.058952341635774,8.799338466033657,53.06199681933952,8.799338466033657,0.417,98.975,1.6495833333333332,15.167466531952513,bicycle,0.3385304749392856,1.231794567608094
1kmN3328E4240,53.05806869705076,8.800855208240892,8381.0,31585.9,53.058952341635774,8.799338466033657,53.06199681933952,8.799338466033657,1.455,176.092,2.9348666666666667,29.745814687776843,truck,0.3385304749392856,4.297988239495868
1kmN3328E4240,53.05806869705076,8.800855208240892,8381.0,31585.9,53.058952341635774,8.799338466033657,53.06199681933952,8.804392214704379,1.366,158.584,2.643066666666667,31.009433486354236,auto,0.47817937996813864,2.8566685583368683
1kmN3328E4240,53.05806869705076,8.800855208240892,8381.0,31585.9,53.058952341635774,8.799338466033657,53.06199681933952,8.804392214704379,0.49,112.315,1.8719166666666667,15.705827360548458,bicycle,0.47817937996813864,1.0247200538690082
1kmN3328E4240,53.05806869705076,8.800855208240892,8381.0,31585.9,53.058952341635774,8.799338466033657,53.06199681933952,8.804392214704379,1.366,158.584,2.643066666666667,31.009433486354236,truck,0.47817937996813864,2.8566685583368683
1kmN3328E4240,53.05806869705076,8.800855208240892,8381.0,31585.9,53.058952341635774,8.804392214704379,53.055907863932035,8.794284717362935,1.24,173.342,2.8890333333333333,25.752558525919856,auto,0.7555646304258216,1.6411567588879328
1kmN3328E4240,53.05806869705076,8.800855208240892,8381.0,31585.9,53.058952341635774,8.804392214704379,53.055907863932035,8.794284717362935,1.013,282.178,4.702966666666667,12.923757344654792,bicycle,0.7555646304258216,1.3407191909302223
1kmN3328E4240,53.05806869705076,8.800855208240892,8381.0,31585.9,53.058952341635774,8.804392214704379,53.055907863932035,8.794284717362935,1.24,173.342,2.8890333333333333,25.752558525919856,truck,0.7555646304258216,1.6411567588879328
1kmN3328E4240,53.05806869705076,8.800855208240892,8381.0,31585.9,53.058952341635774,8.804392214704379,53.055907863932035,8.799338466033657,0.515,45.399,0.75665,40.837903918588516,auto,0.47819623553051926,1.076963726886411
1kmN3328E4240,53.05806869705076,8.800855208240892,8381.0,31585.9,53.058952341635774,8.804392214704379,53.055907863932035,8.799338466033657,0.515,112.87,1.8811666666666667,16.425976787454594,bicycle,0.47819623553051926,1.076963726886411
1kmN3328E4240,53.05806869705076,8.800855208240892,8381.0,31585.9,53.058952341635774,8.804392214704379,53.055907863932035,8.799338466033657,0.515,45.399,0.75665,40.837903918588516,truck,0.47819623553051926,1.076963726886411
1kmN3328E4240,53.05806869705076,8.800855208240892,8381.0,31585.9,53.058952341635774,8.804392214704379,53.055907863932035,8.804392214704379,0.381,39.86,0.6643333333333333,34.410436527847466,auto,0.338530474937871,1.1254525905531054
1kmN3328E4240,53.05806869705076,8.800855208240892,8381.0,31585.9,53.058952341635774,8.804392214704379,53.055907863932035,8.804392214704379,0.476,117.089,1.9514833333333332,14.635021223172117,bicycle,0.338530474937871,1.4060772522395752
1kmN3328E4240,53.05806869705076,8.800855208240892,8381.0,31585.9,53.058952341635774,8.804392214704379,53.055907863932035,8.804392214704379,0.381,39.86,0.6643333333333333,34.410436527847466,truck,0.338530474937871,1.1254525905531054
1kmN3328E4240,53.05806869705076,8.800855208240892,8381.0,31585.9,53.058952341635774,8.804392214704379,53.058952341635774,8.794284717362935,0.964,76.484,1.2747333333333333,45.374195910255736,auto,0.6754574658841593,1.427180908775869
1kmN3328E4240,53.05806869705076,8.800855208240892,8381.0,31585.9,53.058952341635774,8.804392214704379,53.058952341635774,8.794284717362935,0.946,202.701,3.3783499999999997,16.801101129249485,bicycle,0.6754574658841593,1.4005323025954066
1kmN3328E4240,53.05806869705076,8.800855208240892,8381.0,31585.9,53.058952341635774,8.804392214704379,53.058952341635774,8.794284717362935,0.964,76.484,1.2747333333333333,45.374195910255736,truck,0.6754574658841593,1.427180908775869
1kmN3328E4240,53.05806869705076,8.800855208240892,8381.0,31585.9,53.058952341635774,8.804392214704379,53.058952341635774,8.799338466033657,0.882,109.069,1.8178166666666666,29.11184662919803,auto,0.3377287331518384,2.6115634040632973
1kmN3328E4240,53.05806869705076,8.800855208240892,8381.0,31585.9,53.058952341635774,8.804392214704379,53.058952341635774,8.799338466033657,0.394,88.533,1.47555,16.021144657924165,bicycle,0.3377287331518384,1.1666167587312235
1kmN3328E4240,53.05806869705076,8.800855208240892,8381.0,31585.9,53.058952341635774,8.804392214704379,53.058952341635774,8.799338466033657,0.882,109.069,1.8178166666666666,29.11184662919803,truck,0.3377287331518384,2.6115634040632973
1kmN3328E4240,53.05806869705076,8.800855208240892,8381.0,31585.9,53.058952341635774,8.804392214704379,53.06199681933952,8.794284717362935,1.11,122.955,2.04925,32.49969501036965,auto,0.7555219584845198,1.469182976794636
1kmN3328E4240,53.05806869705076,8.800855208240892,8381.0,31585.9,53.058952341635774,8.804392214704379,53.06199681933952,8.794284717362935,0.894,202.87,3.3811666666666667,15.864346625918076,bicycle,0.7555219584845198,1.183287911040004
1kmN3328E4240,53.05806869705076,8.800855208240892,8381.0,31585.9,53.058952341635774,8.804392214704379,53.06199681933952,8.794284717362935,1.11,122.955,2.04925,32.49969501036965,truck,0.7555219584845198,1.469182976794636
1kmN3328E4240,53.05806869705076,8.800855208240892,8381.0,31585.9,53.058952341635774,8.804392214704379,53.06199681933952,8.799338466033657,0.573,72.675,1.21125,28.383900928792567,auto,0.47817937996813864,1.198295083401922
1kmN3328E4240,53.05806869705076,8.800855208240892,8381.0,31585.9,53.058952341635774,8.804392214704379,53.06199681933952,8.799338466033657,0.682,160.317,2.6719500000000003,15.31465783416606,bicycle,0.47817937996813864,1.426243013752375
1kmN3328E4240,53.05806869705076,8.800855208240892,8381.0,31585.9,53.058952341635774,8.804392214704379,53.06199681933952,8.799338466033657,0.573,72.675,1.21125,28.383900928792567,truck,0.47817937996813864,1.198295083401922
1kmN3328E4240,53.05806869705076,8.800855208240892,8381.0,31585.9,53.058952341635774,8.804392214704379,53.06199681933952,8.804392214704379,0.484,55.167,0.91945,31.584099189732992,auto,0.3385304749392856,1.4297088026914087
1kmN3328E4240,53.05806869705076,8.800855208240892,8381.0,31585.9,53.058952341635774,8.804392214704379,53.06199681933952,8.804392214704379,0.484,105.742,1.7623666666666666,16.477842295398233,bicycle,0.3385304749392856,1.4297088026914087
1kmN3328E4240,53.05806869705076,8.800855208240892,8381.0,31585.9,53.058952341635774,8.804392214704379,53.06199681933952,8.804392214704379,0.484,55.167,0.91945,31.584099189732992,truck,0.3385304749392856,1.4297088026914087
1kmN3328E4240,53.05806869705076,8.800855208240892,8381.0,31585.9,53.06199681933952,8.794284717362935,53.055907863932035,8.794284717362935,1.621,255.559,4.259316666666667,22.834648750386407,auto,0.6770609498771565,2.39417145575167
1kmN3328E4240,53.05806869705076,8.800855208240892,8381.0,31585.9,53.06199681933952,8.794284717362935,53.055907863932035,8.794284717362935,1.377,365.907,6.09845,13.54770474464823,bicycle,0.6770609498771565,2.0337903112708506
1kmN3328E4240,53.05806869705076,8.800855208240892,8381.0,31585.9,53.06199681933952,8.794284717362935,53.055907863932035,8.794284717362935,2.654,317.277,5.2879499999999995,30.113749184466567,truck,0.6770609498771565,3.9198834321807103
1kmN3328E4240,53.05806869705076,8.800855208240892,8381.0,31585.9,53.06199681933952,8.794284717362935,53.055907863932035,8.799338466033657,0.896,127.616,2.126933333333333,25.27582748244734,auto,0.7566189439658884,1.1842156572283704
1kmN3328E4240,53.05806869705076,8.800855208240892,8381.0,31585.9,53.06199681933952,8.794284717362935,53.055907863932035,8.799338466033657,0.879,196.6,3.2766666666666664,16.095625635808748,bicycle,0.7566189439658884,1.1617472798032784
1kmN3328E4240,53.05806869705076,8.800855208240892,8381.0,31585.9,53.06199681933952,8.794284717362935,53.055907863932035,8.799338466033657,1.891,200.829,3.34715,33.89749488370703,truck,0.7566189439658884,2.4992765712263934
1kmN3328E4240,53.05806869705076,8.800855208240892,8381.0,31585.9,53.06199681933952,8.794284717362935,53.055907863932035,8.804392214704379,1.039,140.535,2.34225,26.615433877681717,auto,0.9563756141597989,1.086393237779059
1kmN3328E4240,53.05806869705076,8.800855208240892,8381.0,31585.9,53.06199681933952,8.794284717362935,53.055907863932035,8.804392214704379,1.134,270.334,4.505566666666667,15.101319108954108,bicycle,0.9563756141597989,1.185726594457606
1kmN3328E4240,53.05806869705076,8.800855208240892,8381.0,31585.9,53.06199681933952,8.794284717362935,53.055907863932035,8.804392214704379,1.756,195.29,3.254833333333333,32.37032106098623,truck,0.9563756141597989,1.8360986771318841
1kmN3328E4240,53.05806869705076,8.800855208240892,8381.0,31585.9,53.06199681933952,8.794284717362935,53.058952341635774,8.794284717362935,1.345,158.701,2.6450166666666663,30.510204724607913,auto,0.3385304749392856,3.9730544207023653
1kmN3328E4240,53.05806869705076,8.800855208240892,8381.0,31585.9,53.06199681933952,8.794284717362935,53.058952341635774,8.794284717362935,0.83,184.539,3.07565,16.191699315591826,bicycle,0.3385304749392856,2.451773359987333
1kmN3328E4240,53.05806869705076,8.800855208240892,8381.0,31585.9,53.06199681933952,8.794284717362935,53.058952341635774,8.799338466033657,0.754,118.682,1.9780333333333333,22.871202035692015,auto,0.47817937996821375,1.5768141237083895
1kmN3328E4240,53.05806869705076,8.800855208240892,8381.0,31585.9,53.06199681933952,8.794284717362935,53.058952341635774,8.799338466033657,0.628,144.587,2.409783333333333,15.636260521347012,bicycle,0.47817937996821375,1.3133146812849716
1kmN3328E4240,53.05806869705076,8.800855208240892,8381.0,31585.9,53.06199681933952,8.794284717362935,53.058952341635774,8.799338466033657,0.779,119.616,1.9936,23.445024077046547,truck,0.47817937996821375,1.6290957591098614
1kmN3328E4240,53.05806869705076,8.800855208240892,8381.0,31585.9,53.06199681933952,8.794284717362935,53.058952341635774,8.804392214704379,0.894,113.063,1.8843833333333333,28.465545757674928,auto,0.7555219584845198,1.183287911040004
1kmN3328E4240,53.05806869705076,8.800855208240892,8381.0,31585.9,53.06199681933952,8.794284717362935,53.058952341635774,8.804392214704379,0.894,202.17,3.3695,15.919275856952071,bicycle,0.7555219584845198,1.183287911040004
1kmN3328E4240,53.05806869705076,8.800855208240892,8381.0,31585.9,53.06199681933952,8.794284717362935,53.058952341635774,8.804392214704379,1.375,155.43,2.5905,31.847133757961778,truck,0.7555219584845198,1.8199338676510128
1kmN3328E4240,53.05806869705076,8.800855208240892,8381.0,31585.9,53.06199681933952,8.794284717362935,53.06199681933952,8.799338466033657,0.735,109.692,1.8281999999999998,24.122087298982606,auto,0.33770486699804797,2.1764566395907123
1kmN3328E4240,53.05806869705076,8.800855208240892,8381.0,31585.9,53.06199681933952,8.794284717362935,53.06199681933952,8.799338466033657,0.735,168.612,2.8102,15.69283325030247,bicycle,0.33770486699804797,2.1764566395907123
1kmN3328E4240,53.05806869705076,8.800855208240892,8381.0,31585.9,53.06199681933952,8.794284717362935,53.06199681933952,8.799338466033657,1.159,157.318,2.621966666666667,26.52207630404658,truck,0.33770486699804797,3.43199080991243
1kmN3328E4240,53.05806869705076,8.800855208240892,8381.0,31585.9,53.06199681933952,8.794284717362935,53.06199681933952,8.804392214704379,1.123,154.813,2.5802166666666664,26.114086026367296,auto,0.6754097335763621,1.662694427060745
1kmN3328E4240,53.05806869705076,8.800855208240892,8381.0,31585.9,53.06199681933952,8.794284717362935,53.06199681933952,8.804392214704379,0.964,219.452,3.6575333333333333,15.81393653281811,bicycle,0.6754097335763621,1.4272817699791258
1kmN3328E4240,53.05806869705076,8.800855208240892,8381.0,31585.9,53.06199681933952,8.794284717362935,53.06199681933952,8.804392214704379,1.415,169.607,2.826783333333333,30.034137741956407,truck,0.6754097335763621,2.095024589751518
1kmN3328E4240,53.05806869705076,8.800855208240892,8381.0,31585.9,53.06199681933952,8.799338466033657,53.055907863932035,8.794284717362935,1.814,249.195,4.15325,26.2059832661169,auto,0.7566189439658884,2.39750803818333
1kmN3328E4240,53.05806869705076,8.800855208240892,8381.0,31585.9,53.06199681933952,8.799338466033657,53.055907863932035,8.794284717362935,1.46,390.17,6.502833333333333,13.47105108029833,bicycle,0.7566189439658884,1.9296371200373
1kmN3328E4240,53.05806869705076,8.800855208240892,8381.0,31585.9,53.06199681933952,8.799338466033657,53.055907863932035,8.794284717362935,1.814,249.195,4.15325,26.2059832661169,truck,0.7566189439658884,2.39750803818333
1kmN3328E4240,53.05806869705076,8.800855208240892,8381.0,31585.9,53.06199681933952,8.799338466033657,53.055907863932035,8.799338466033657,1.089,121.253,2.0208833333333334,32.332395899482904,auto,0.6770609498771565,1.6084224030311958
1kmN3328E4240,53.05806869705076,8.800855208240892,8381.0,31585.9,53.06199681933952,8.799338466033657,53.055907863932035,8.799338466033657,0.962,220.862,3.681033333333333,15.68037960355335,bicycle,0.6770609498771565,1.4208469712727367
1kmN3328E4240,53.05806869705076,8.800855208240892,8381.0,31585.9,53.06199681933952,8.799338466033657,53.055907863932035,8.799338466033657,1.089,121.253,2.0208833333333334,32.332395899482904,truck,0.6770609498771565,1.6084224030311958
1kmN3328E4240,53.05806869705076,8.800855208240892,8381.0,31585.9,53.06199681933952,8.799338466033657,53.055907863932035,8.804392214704379,0.954,115.714,1.9285666666666665,29.680073284131566,auto,0.756618943965841,1.2608724743258215
1kmN3328E4240,53.05806869705076,8.800855208240892,8381.0,31585.9,53.06199681933952,8.799338466033657,53.055907863932035,8.804392214704379,0.922,225.081,3.75135,14.74669119117118,bicycle,0.756618943965841,1.2185790579962343
1kmN3328E4240,53.05806869705076,8.800855208240892,8381.0,31585.9,53.06199681933952,8.799338466033657,53.055907863932035,8.804392214704379,0.954,115.714,1.9285666666666665,29.680073284131566,truck,0.756618943965841,1.2608724743258215
1kmN3328E4240,53.05806869705076,8.800855208240892,8381.0,31585.9,53.06199681933952,8.799338466033657,53.058952341635774,8.794284717362935,1.538,152.338,2.5389666666666666,36.3454948863711,auto,0.47817937996821375,3.2163662098985455
1kmN3328E4240,53.05806869705076,8.800855208240892,8381.0,31585.9,53.06199681933952,8.799338466033657,53.058952341635774,8.794284717362935,1.438,320.101,5.335016666666666,16.17239558764265,bicycle,0.47817937996821375,3.007239668292658
1kmN3328E4240,53.05806869705076,8.800855208240892,8381.0,31585.9,53.06199681933952,8.799338466033657,53.058952341635774,8.794284717362935,1.538,152.338,2.5389666666666666,36.3454948863711,truck,0.47817937996821375,3.2163662098985455
1kmN3328E4240,53.05806869705076,8.800855208240892,8381.0,31585.9,53.06199681933952,8.799338466033657,53.058952341635774,8.799338466033657,0.677,115.393,1.9232166666666666,21.12086521712756,auto,0.3385304749392856,1.9998199574836442
1kmN3328E4240,53.05806869705076,8.800855208240892,8381.0,31585.9,53.06199681933952,8.799338466033657,53.058952341635774,8.799338466033657,0.417,104.575,1.7429166666666667,14.355247430074108,bicycle,0.3385304749392856,1.231794567608094
1kmN3328E4240,53.05806869705076,8.800855208240892,8381.0,31585.9,53.06199681933952,8.799338466033657,53.058952341635774,8.799338466033657,0.677,115.393,1.9232166666666666,21.12086521712756,truck,0.3385304749392856,1.9998199574836442
1kmN3328E4240,53.05806869705076,8.800855208240892,8381.0,31585.9,53.06199681933952,8.799338466033657,53.058952341635774,8.804392214704379,0.573,75.853,1.2642166666666665,27.19470554889062,auto,0.47817937996813864,1.198295083401922
1kmN3328E4240,53.05806869705076,8.800855208240892,8381.0,31585.9,53.06199681933952,8.799338466033657,53.058952341635774,8.804392214704379,0.682,156.917,2.615283333333333,15.646488270869314,bicycle,0.47817937996813864,1.426243013752375
1kmN3328E4240,53.05806869705076,8.800855208240892,8381.0,31585.9,53.06199681933952,8.799338466033657,53.058952341635774,8.804392214704379,0.573,75.853,1.2642166666666665,27.19470554889062,truck,0.47817937996813864,1.198295083401922
1kmN3328E4240,53.05806869705076,8.800855208240892,8381.0,31585.9,53.06199681933952,8.799338466033657,53.06199681933952,8.794284717362935,0.894,122.435,2.040583333333333,26.286601053620284,auto,0.33770486699804797,2.6472819534613565
1kmN3328E4240,53.05806869705076,8.800855208240892,8381.0,31585.9,53.06199681933952,8.799338466033657,53.06199681933952,8.794284717362935,0.735,170.112,2.8352,15.554458239277652,bicycle,0.33770486699804797,2.1764566395907123
1kmN3328E4240,53.05806869705076,8.800855208240892,8381.0,31585.9,53.06199681933952,8.799338466033657,53.06199681933952,8.794284717362935,0.894,122.435,2.040583333333333,26.286601053620284,truck,0.33770486699804797,2.6472819534613565
1kmN3328E4240,53.05806869705076,8.800855208240892,8381.0,31585.9,53.06199681933952,8.799338466033657,53.06199681933952,8.804392214704379,0.613,90.031,1.5005166666666667,24.511557130321776,auto,0.3377048669979417,1.8151944490741858
1kmN3328E4240,53.05806869705076,8.800855208240892,8381.0,31585.9,53.06199681933952,8.799338466033657,53.06199681933952,8.804392214704379,0.493,111.699,1.86165,15.889130609942793,bicycle,0.3377048669979417,1.4598545895490596
1kmN3328E4240,53.05806869705076,8.800855208240892,8381.0,31585.9,53.06199681933952,8.799338466033657,53.06199681933952,8.804392214704379,0.613,90.031,1.5005166666666667,24.511557130321776,truck,0.3377048669979417,1.8151944490741858
1kmN3328E4240,53.05806869705076,8.800855208240892,8381.0,31585.9,53.06199681933952,8.804392214704379,53.055907863932035,8.794284717362935,1.705,225.716,3.7619333333333334,27.193464353435292,auto,0.9563756141597989,1.7827723488097167
1kmN3328E4240,53.05806869705076,8.800855208240892,8381.0,31585.9,53.06199681933952,8.804392214704379,53.055907863932035,8.794284717362935,1.498,393.121,6.552016666666666,13.717913822970537,bicycle,0.9563756141597989,1.5663301926785664
1kmN3328E4240,53.05806869705076,8.800855208240892,8381.0,31585.9,53.06199681933952,8.804392214704379,53.055907863932035,8.794284717362935,1.705,225.716,3.7619333333333334,27.193464353435292,truck,0.9563756141597989,1.7827723488097167
1kmN3328E4240,53.05806869705076,8.800855208240892,8381.0,31585.9,53.06199681933952,8.804392214704379,53.055907863932035,8.799338466033657,0.98,97.774,1.6295666666666666,36.083212305930005,auto,0.756618943965841,1.2952358750936113
1kmN3328E4240,53.05806869705076,8.800855208240892,8381.0,31585.9,53.06199681933952,8.804392214704379,53.055907863932035,8.799338466033657,1.0,223.813,3.7302166666666663,16.084856554355646,bicycle,0.756618943965841,1.3216692602996032
1kmN3328E4240,53.05806869705076,8.800855208240892,8381.0,31585.9,53.06199681933952,8.804392214704379,53.055907863932035,8.799338466033657,0.98,97.774,1.6295666666666666,36.083212305930005,truck,0.756618943965841,1.2952358750936113
1kmN3328E4240,53.05806869705076,8.800855208240892,8381.0,31585.9,53.06199681933952,8.804392214704379,53.055907863932035,8.804392214704379,0.845,92.235,1.53725,32.98097251585624,auto,0.6770609498771565,1.2480412585503768
1kmN3328E4240,53.05806869705076,8.800855208240892,8381.0,31585.9,53.06199681933952,8.804392214704379,53.055907863932035,8.804392214704379,0.943,226.953,3.78255,14.958163143910852,bicycle,0.6770609498771565,1.3927845051041483
1kmN3328E4240,53.05806869705076,8.800855208240892,8381.0,31585.9,53.06199681933952,8.804392214704379,53.055907863932035,8.804392214704379,0.845,92.235,1.53725,32.98097251585624,truck,0.6770609498771565,1.2480412585503768
1kmN3328E4240,53.05806869705076,8.800855208240892,8381.0,31585.9,53.06199681933952,8.804392214704379,53.058952341635774,8.794284717362935,1.429,128.858,2.1476333333333333,39.92301603315278,auto,0.7555219584845198,1.8914076340896708
1kmN3328E4240,53.05806869705076,8.800855208240892,8381.0,31585.9,53.06199681933952,8.804392214704379,53.058952341635774,8.794284717362935,1.676,360.802,6.013366666666667,16.722745439326832,bicycle,0.7555219584845198,2.218333936133162
1kmN3328E4240,53.05806869705076,8.800855208240892,8381.0,31585.9,53.06199681933952,8.804392214704379,53.058952341635774,8.794284717362935,1.429,128.858,2.1476333333333333,39.92301603315278,truck,0.7555219584845198,1.8914076340896708
1kmN3328E4240,53.05806869705076,8.800855208240892,8381.0,31585.9,53.06199681933952,8.804392214704379,53.058952341635774,8.799338466033657,0.946,142.099,2.3683166666666664,23.966389629765164,auto,0.47817937996813864,1.9783370835920036
1kmN3328E4240,53.05806869705076,8.800855208240892,8381.0,31585.9,53.06199681933952,8.804392214704379,53.058952341635774,8.799338466033657,0.49,115.415,1.9235833333333334,15.28397521985877,bicycle,0.47817937996813864,1.0247200538690082
1kmN3328E4240,53.05806869705076,8.800855208240892,8381.0,31585.9,53.06199681933952,8.804392214704379,53.058952341635774,8.799338466033657,1.346,161.444,2.690733333333333,30.014122544040042,truck,0.47817937996813864,2.814843250015684
1kmN3328E4240,53.05806869705076,8.800855208240892,8381.0,31585.9,53.06199681933952,8.804392214704379,53.058952341635774,8.804392214704379,0.464,52.374,0.8729,31.8936877076412,auto,0.3385304749392856,1.3706299265471358
1kmN3328E4240,53.05806869705076,8.800855208240892,8381.0,31585.9,53.06199681933952,8.804392214704379,53.058952341635774,8.804392214704379,0.484,110.942,1.8490333333333333,15.70550377674821,bicycle,0.3385304749392856,1.4297088026914087
1kmN3328E4240,53.05806869705076,8.800855208240892,8381.0,31585.9,53.06199681933952,8.804392214704379,53.058952341635774,8.804392214704379,0.464,52.374,0.8729,31.8936877076412,truck,0.3385304749392856,1.3706299265471358
1kmN3328E4240,53.05806869705076,8.800855208240892,8381.0,31585.9,53.06199681933952,8.804392214704379,53.06199681933952,8.794284717362935,1.031,127.851,2.13085,29.030668512565406,auto,0.6754097335763621,1.526480814158173
1kmN3328E4240,53.05806869705076,8.800855208240892,8381.0,31585.9,53.06199681933952,8.804392214704379,53.06199681933952,8.794284717362935,0.964,219.452,3.6575333333333333,15.81393653281811,bicycle,0.6754097335763621,1.4272817699791258
1kmN3328E4240,53.05806869705076,8.800855208240892,8381.0,31585.9,53.06199681933952,8.804392214704379,53.06199681933952,8.794284717362935,1.031,127.851,2.13085,29.030668512565406,truck,0.6754097335763621,1.526480814158173
1kmN3328E4240,53.05806869705076,8.800855208240892,8381.0,31585.9,53.06199681933952,8.804392214704379,53.06199681933952,8.799338466033657,0.493,77.571,1.29285,22.879684418145956,auto,0.3377048669979417,1.4598545895490596
1kmN3328E4240,53.05806869705076,8.800855208240892,8381.0,31585.9,53.06199681933952,8.804392214704379,53.06199681933952,8.799338466033657,0.493,113.399,1.8899833333333333,15.650931666064075,bicycle,0.3377048669979417,1.4598545895490596
1kmN3328E4240,53.05806869705076,8.800855208240892,8381.0,31585.9,53.06199681933952,8.804392214704379,53.06199681933952,8.799338466033657,0.493,77.571,1.29285,22.879684418145956,truck,0.3377048669979417,1.4598545895490596
1kmN3333E4239,53.10284361501675,8.784683909646972,7916.0,36192.65,53.10068192074819,8.778105144837141,53.10068192074819,8.783165256879371,0.466,73.225,1.2204166666666665,22.910208262205533,auto,0.3378263605943508,1.379406862093735
1kmN3333E4239,53.10284361501675,8.784683909646972,7916.0,36192.65,53.10068192074819,8.778105144837141,53.10068192074819,8.783165256879371,0.462,116.241,1.93735,14.308204506155315,bicycle,0.3378263605943508,1.3675664598440034
1kmN3333E4239,53.10284361501675,8.784683909646972,7916.0,36192.65,53.10068192074819,8.778105144837141,53.10068192074819,8.783165256879371,0.626,86.641,1.4440166666666667,26.010780115649634,truck,0.3378263605943508,1.8530229520830002
1kmN3333E4239,53.10284361501675,8.784683909646972,7916.0,36192.65,53.10068192074819,8.778105144837141,53.10068192074819,8.788225368921605,0.983,154.213,2.5702166666666666,22.947481729815255,auto,0.6756527207676504,1.4548894273424275
1kmN3333E4239,53.10284361501675,8.784683909646972,7916.0,36192.65,53.10068192074819,8.778105144837141,53.10068192074819,8.788225368921605,0.982,243.849,4.06415,14.49749640146156,bicycle,0.6756527207676504,1.4534093770602887
1kmN3333E4239,53.10284361501675,8.784683909646972,7916.0,36192.65,53.10068192074819,8.778105144837141,53.10372705078072,8.778105144837141,0.457,67.201,1.1200166666666667,24.48177854496213,auto,0.33860301059032677,1.349663132655725
1kmN3333E4239,53.10284361501675,8.784683909646972,7916.0,36192.65,53.10068192074819,8.778105144837141,53.10372705078072,8.778105144837141,0.457,102.261,1.70435,16.08824478540206,bicycle,0.33860301059032677,1.349663132655725
1kmN3333E4239,53.10284361501675,8.784683909646972,7916.0,36192.65,53.10068192074819,8.778105144837141,53.10372705078072,8.778105144837141,0.457,67.201,1.1200166666666667,24.48177854496213,truck,0.33860301059032677,1.349663132655725
1kmN3333E4239,53.10284361501675,8.784683909646972,7916.0,36192.65,53.10068192074819,8.778105144837141,53.10372705078072,8.783165256879371,0.776,118.336,1.9722666666666666,23.607355327203898,auto,0.4782996653037931,1.6224138469909275
1kmN3333E4239,53.10284361501675,8.784683909646972,7916.0,36192.65,53.10068192074819,8.778105144837141,53.10372705078072,8.783165256879371,0.776,177.935,2.9655833333333335,15.700115210610617,bicycle,0.4782996653037931,1.6224138469909275
1kmN3333E4239,53.10284361501675,8.784683909646972,7916.0,36192.65,53.10068192074819,8.778105144837141,53.10372705078072,8.783165256879371,1.276,148.943,2.4823833333333334,30.841328561933086,truck,0.4782996653037931,2.667783593763432
1kmN3333E4239,53.10284361501675,8.784683909646972,7916.0,36192.65,53.10068192074819,8.778105144837141,53.10372705078072,8.788225368921605,1.379,152.461,2.5410166666666667,32.5617698952519,auto,0.7557289741748902,1.8247282387255315
1kmN3333E4239,53.10284361501675,8.784683909646972,7916.0,36192.65,53.10068192074819,8.778105144837141,53.10372705078072,8.788225368921605,0.946,255.203,4.253383333333334,13.344670713118575,bicycle,0.7557289741748902,1.2517715111199077
1kmN3333E4239,53.10284361501675,8.784683909646972,7916.0,36192.65,53.10068192074819,8.778105144837141,53.10677218081326,8.778105144837141,1.024,134.394,2.2399,27.429795973034512,auto,0.6772060211820684,1.512095238333233
1kmN3333E4239,53.10284361501675,8.784683909646972,7916.0,36192.65,53.10068192074819,8.778105144837141,53.10677218081326,8.778105144837141,1.024,235.707,3.9284499999999998,15.63975613791699,bicycle,0.6772060211820684,1.512095238333233
1kmN3333E4239,53.10284361501675,8.784683909646972,7916.0,36192.65,53.10068192074819,8.778105144837141,53.10677218081326,8.778105144837141,1.024,134.394,2.2399,27.429795973034512,truck,0.6772060211820684,1.512095238333233
1kmN3333E4239,53.10284361501675,8.784683909646972,7916.0,36192.65,53.10068192074819,8.778105144837141,53.10677218081326,8.783165256879371,1.424,233.026,3.883766666666667,21.999261884939873,auto,0.7567816640852802,1.8816523544094907
1kmN3333E4239,53.10284361501675,8.784683909646972,7916.0,36192.65,53.10068192074819,8.778105144837141,53.10677218081326,8.783165256879371,1.23,321.397,5.356616666666667,13.777353242251795,bicycle,0.7567816640852802,1.6253036488228045
1kmN3333E4239,53.10284361501675,8.784683909646972,7916.0,36192.65,53.10068192074819,8.778105144837141,53.10677218081326,8.788225368921605,1.251,131.019,2.18365,34.37364046436013,auto,0.9565824389136913,1.307780646089064
1kmN3333E4239,53.10284361501675,8.784683909646972,7916.0,36192.65,53.10068192074819,8.778105144837141,53.10677218081326,8.788225368921605,1.354,388.167,6.469449999999999,12.557481702463116,bicycle,0.9565824389136913,1.4154556313386035
1kmN3333E4239,53.10284361501675,8.784683909646972,7916.0,36192.65,53.10068192074819,8.783165256879371,53.10068192074819,8.778105144837141,0.626,79.383,1.3230499999999998,28.388949775140777,auto,0.3378263605943508,1.8530229520830002
1kmN3333E4239,53.10284361501675,8.784683909646972,7916.0,36192.65,53.10068192074819,8.783165256879371,53.10068192074819,8.778105144837141,0.466,121.391,2.0231833333333333,13.819805422148265,bicycle,0.3378263605943508,1.379406862093735
1kmN3333E4239,53.10284361501675,8.784683909646972,7916.0,36192.65,53.10068192074819,8.783165256879371,53.10068192074819,8.778105144837141,0.626,79.383,1.3230499999999998,28.388949775140777,truck,0.3378263605943508,1.8530229520830002
1kmN3333E4239,53.10284361501675,8.784683909646972,7916.0,36192.65,53.10068192074819,8.783165256879371,53.10068192074819,8.788225368921605,0.686,132.016,2.2002666666666664,18.7068234153436,auto,0.3378263605945631,2.0306289858276987
1kmN3333E4239,53.10284361501675,8.784683909646972,7916.0,36192.65,53.10068192074819,8.783165256879371,53.10068192074819,8.788225368921605,0.662,159.608,2.6601333333333335,14.931582376823217,bicycle,0.3378263605945631,1.9595865723293533
1kmN3333E4239,53.10284361501675,8.784683909646972,7916.0,36192.65,53.10068192074819,8.783165256879371,53.10372705078072,8.778105144837141,0.635,101.781,1.69635,22.459987620479264,auto,0.4782996653037931,1.3276195784010811
1kmN3333E4239,53.10284361501675,8.784683909646972,7916.0,36192.65,53.10068192074819,8.783165256879371,53.10372705078072,8.778105144837141,0.635,157.969,2.6328166666666664,14.471193715222608,bicycle,0.4782996653037931,1.3276195784010811
1kmN3333E4239,53.10284361501675,8.784683909646972,7916.0,36192.65,53.10068192074819,8.783165256879371,53.10372705078072,8.778105144837141,1.0,131.838,2.1973,27.306239475720204,truck,0.4782996653037931,2.09073949354501
1kmN3333E4239,53.10284361501675,8.784683909646972,7916.0,36192.65,53.10068192074819,8.783165256879371,53.10372705078072,8.783165256879371,1.323,134.192,2.2365333333333335,35.49242875879337,auto,0.33860301059032677,3.9072304693731374
1kmN3333E4239,53.10284361501675,8.784683909646972,7916.0,36192.65,53.10068192074819,8.783165256879371,53.10372705078072,8.783165256879371,0.608,148.394,2.4732333333333334,14.749922503605266,bicycle,0.33860301059032677,1.7956130955244654
1kmN3333E4239,53.10284361501675,8.784683909646972,7916.0,36192.65,53.10068192074819,8.783165256879371,53.10372705078072,8.783165256879371,1.323,134.192,2.2365333333333335,35.49242875879337,truck,0.33860301059032677,3.9072304693731374
1kmN3333E4239,53.10284361501675,8.784683909646972,7916.0,36192.65,53.10068192074819,8.783165256879371,53.10372705078072,8.788225368921605,1.082,130.264,2.171066666666667,29.902352146410365,auto,0.4782996653039431,2.2621801320149912
1kmN3333E4239,53.10284361501675,8.784683909646972,7916.0,36192.65,53.10068192074819,8.783165256879371,53.10372705078072,8.788225368921605,0.626,170.961,2.8493500000000003,13.181953778932035,bicycle,0.4782996653039431,1.3088029229587657
1kmN3333E4239,53.10284361501675,8.784683909646972,7916.0,36192.65,53.10068192074819,8.783165256879371,53.10677218081326,8.778105144837141,1.018,117.722,1.9620333333333333,31.130969572382398,auto,0.7567816640852802,1.345170011789931
1kmN3333E4239,53.10284361501675,8.784683909646972,7916.0,36192.65,53.10068192074819,8.783165256879371,53.10677218081326,8.778105144837141,1.014,232.866,3.8811000000000004,15.675968153358582,bicycle,0.7567816640852802,1.339884471468556
1kmN3333E4239,53.10284361501675,8.784683909646972,7916.0,36192.65,53.10068192074819,8.783165256879371,53.10677218081326,8.778105144837141,1.018,117.722,1.9620333333333333,31.130969572382398,truck,0.7567816640852802,1.345170011789931
1kmN3333E4239,53.10284361501675,8.784683909646972,7916.0,36192.65,53.10068192074819,8.783165256879371,53.10677218081326,8.783165256879371,1.127,210.829,3.5138166666666666,19.24403189314563,auto,0.6772060211820684,1.6641907554702668
1kmN3333E4239,53.10284361501675,8.784683909646972,7916.0,36192.65,53.10068192074819,8.783165256879371,53.10677218081326,8.783165256879371,0.911,237.156,3.9526,13.828872134797349,bicycle,0.6772060211820684,1.3452331661343506
1kmN3333E4239,53.10284361501675,8.784683909646972,7916.0,36192.65,53.10068192074819,8.783165256879371,53.10677218081326,8.788225368921605,0.954,108.821,1.8136833333333333,31.56008491008169,auto,0.7567816640853751,1.2606013666477733
1kmN3333E4239,53.10284361501675,8.784683909646972,7916.0,36192.65,53.10068192074819,8.783165256879371,53.10677218081326,8.788225368921605,1.034,303.926,5.065433333333333,12.24771819456052,bicycle,0.7567816640853751,1.3663121730752597
1kmN3333E4239,53.10284361501675,8.784683909646972,7916.0,36192.65,53.10068192074819,8.788225368921605,53.10068192074819,8.778105144837141,0.986,135.712,2.2618666666666667,26.15538788021693,auto,0.6756527207676504,1.459329578188844
1kmN3333E4239,53.10284361501675,8.784683909646972,7916.0,36192.65,53.10068192074819,8.788225368921605,53.10068192074819,8.778105144837141,0.988,238.583,3.976383333333333,14.908019431392848,bicycle,0.6756527207676504,1.4622896787531214
1kmN3333E4239,53.10284361501675,8.784683909646972,7916.0,36192.65,53.10068192074819,8.788225368921605,53.10068192074819,8.778105144837141,0.986,135.712,2.2618666666666667,26.15538788021693,truck,0.6756527207676504,1.459329578188844
1kmN3333E4239,53.10284361501675,8.784683909646972,7916.0,36192.65,53.10068192074819,8.788225368921605,53.10068192074819,8.783165256879371,0.689,114.19,1.9031666666666667,21.72169191698047,auto,0.3378263605945631,2.039509287514991
1kmN3333E4239,53.10284361501675,8.784683909646972,7916.0,36192.65,53.10068192074819,8.788225368921605,53.10068192074819,8.783165256879371,0.689,166.342,2.772366666666667,14.911447499729471,bicycle,0.3378263605945631,2.039509287514991
1kmN3333E4239,53.10284361501675,8.784683909646972,7916.0,36192.65,53.10068192074819,8.788225368921605,53.10068192074819,8.783165256879371,0.689,114.19,1.9031666666666667,21.72169191698047,truck,0.3378263605945631,2.039509287514991
1kmN3333E4239,53.10284361501675,8.784683909646972,7916.0,36192.65,53.10068192074819,8.788225368921605,53.10372705078072,8.778105144837141,1.155,168.663,2.8110500000000003,24.652709841518295,auto,0.7557289741748902,1.5283256821812827
1kmN3333E4239,53.10284361501675,8.784683909646972,7916.0,36192.65,53.10068192074819,8.788225368921605,53.10372705078072,8.778105144837141,1.157,274.561,4.576016666666666,15.17039929196062,bicycle,0.7557289741748902,1.5309721335789992
1kmN3333E4239,53.10284361501675,8.784683909646972,7916.0,36192.65,53.10068192074819,8.788225368921605,53.10372705078072,8.778105144837141,1.36,188.168,3.1361333333333334,26.019301900429404,truck,0.7557289741748902,1.7995869504472248
1kmN3333E4239,53.10284361501675,8.784683909646972,7916.0,36192.65,53.10068192074819,8.788225368921605,53.10372705078072,8.783165256879371,1.45,163.416,2.7236,31.943016595682185,auto,0.4782996653039431,3.0315722656393134
1kmN3333E4239,53.10284361501675,8.784683909646972,7916.0,36192.65,53.10068192074819,8.788225368921605,53.10372705078072,8.783165256879371,0.739,170.236,2.8372666666666664,15.627716816654527,bicycle,0.4782996653039431,1.5450564857292777
1kmN3333E4239,53.10284361501675,8.784683909646972,7916.0,36192.65,53.10068192074819,8.788225368921605,53.10372705078072,8.783165256879371,1.45,163.416,2.7236,31.943016595682185,truck,0.4782996653039431,3.0315722656393134
1kmN3333E4239,53.10284361501675,8.784683909646972,7916.0,36192.65,53.10068192074819,8.788225368921605,53.10372705078072,8.788225368921605,1.21,165.039,2.75065,26.39376147456056,auto,0.33860301059032677,3.573506324974676
1kmN3333E4239,53.10284361501675,8.784683909646972,7916.0,36192.65,53.10068192074819,8.788225368921605,53.10372705078072,8.788225368921605,0.757,191.803,3.1967166666666667,14.208328336887327,bicycle,0.33860301059032677,2.2356564363684543
1kmN3333E4239,53.10284361501675,8.784683909646972,7916.0,36192.65,53.10068192074819,8.788225368921605,53.10677218081326,8.778105144837141,1.145,146.945,2.4490833333333333,28.05131171526762,auto,0.9565824389136913,1.1969694962206063
1kmN3333E4239,53.10284361501675,8.784683909646972,7916.0,36192.65,53.10068192074819,8.788225368921605,53.10677218081326,8.778105144837141,1.145,254.708,4.245133333333333,16.183237275625423,bicycle,0.9565824389136913,1.1969694962206063
1kmN3333E4239,53.10284361501675,8.784683909646972,7916.0,36192.65,53.10068192074819,8.788225368921605,53.10677218081326,8.778105144837141,1.145,146.945,2.4490833333333333,28.05131171526762,truck,0.9565824389136913,1.1969694962206063
1kmN3333E4239,53.10284361501675,8.784683909646972,7916.0,36192.65,53.10068192074819,8.788225368921605,53.10677218081326,8.783165256879371,1.255,245.604,4.0934,18.395465871891336,auto,0.7567816640853751,1.6583382758311902
1kmN3333E4239,53.10284361501675,8.784683909646972,7916.0,36192.65,53.10068192074819,8.788225368921605,53.10677218081326,8.783165256879371,1.042,258.998,4.316633333333333,14.483509525170078,bicycle,0.7567816640853751,1.3768832537180085
1kmN3333E4239,53.10284361501675,8.784683909646972,7916.0,36192.65,53.10068192074819,8.788225368921605,53.10677218081326,8.788225368921605,1.082,143.596,2.393266666666667,27.126103791191955,auto,0.6772060211820684,1.5977412576919512
1kmN3333E4239,53.10284361501675,8.784683909646972,7916.0,36192.65,53.10068192074819,8.788225368921605,53.10677218081326,8.788225368921605,1.166,324.768,5.4128,12.924918711203075,bicycle,0.6772060211820684,1.7217803202114739
1kmN3333E4239,53.10284361501675,8.784683909646972,7916.0,36192.65,53.10372705078072,8.778105144837141,53.10068192074819,8.778105144837141,0.457,69.445,1.1574166666666665,23.69069047447621,auto,0.33860301059032677,1.349663132655725
1kmN3333E4239,53.10284361501675,8.784683909646972,7916.0,36192.65,53.10372705078072,8.778105144837141,53.10068192074819,8.778105144837141,0.457,104.961,1.74935,15.674393346099981,bicycle,0.33860301059032677,1.349663132655725
1kmN3333E4239,53.10284361501675,8.784683909646972,7916.0,36192.65,53.10372705078072,8.778105144837141,53.10068192074819,8.778105144837141,0.457,69.445,1.1574166666666665,23.69069047447621,truck,0.33860301059032677,1.349663132655725
1kmN3333E4239,53.10284361501675,8.784683909646972,7916.0,36192.65,53.10372705078072,8.778105144837141,53.10068192074819,8.783165256879371,0.635,95.254,1.5875666666666668,23.998992168307893,auto,0.4782996653037931,1.3276195784010811
1kmN3333E4239,53.10284361501675,8.784683909646972,7916.0,36192.65,53.10372705078072,8.778105144837141,53.10068192074819,8.783165256879371,0.635,152.769,2.54615,14.963768827445358,bicycle,0.4782996653037931,1.3276195784010811
1kmN3333E4239,53.10284361501675,8.784683909646972,7916.0,36192.65,53.10372705078072,8.778105144837141,53.10068192074819,8.783165256879371,1.0,135.54,2.259,26.56042496679947,truck,0.4782996653037931,2.09073949354501
1kmN3333E4239,53.10284361501675,8.784683909646972,7916.0,36192.65,53.10372705078072,8.778105144837141,53.10068192074819,8.788225368921605,1.06,168.376,2.8062666666666667,22.663562502969548,auto,0.7557289741748902,1.4026192407897486
1kmN3333E4239,53.10284361501675,8.784683909646972,7916.0,36192.65,53.10372705078072,8.778105144837141,53.10068192074819,8.788225368921605,1.059,247.477,4.124616666666666,15.405067945708083,bicycle,0.7557289741748902,1.4012960150908904
1kmN3333E4239,53.10284361501675,8.784683909646972,7916.0,36192.65,53.10372705078072,8.778105144837141,53.10372705078072,8.783165256879371,0.434,68.372,1.1395333333333333,22.85145966184988,auto,0.33780244618682204,1.2847745920702296
1kmN3333E4239,53.10284361501675,8.784683909646972,7916.0,36192.65,53.10372705078072,8.778105144837141,53.10372705078072,8.783165256879371,0.434,102.614,1.7102333333333335,15.225992554622175,bicycle,0.33780244618682204,1.2847745920702296
1kmN3333E4239,53.10284361501675,8.784683909646972,7916.0,36192.65,53.10372705078072,8.778105144837141,53.10372705078072,8.783165256879371,0.434,68.372,1.1395333333333333,22.85145966184988,truck,0.33780244618682204,1.2847745920702296
1kmN3333E4239,53.10284361501675,8.784683909646972,7916.0,36192.65,53.10372705078072,8.778105144837141,53.10372705078072,8.788225368921605,1.456,166.624,2.777066666666667,31.45765315920876,auto,0.6756048919525891,2.1551057686867305
1kmN3333E4239,53.10284361501675,8.784683909646972,7916.0,36192.65,53.10372705078072,8.778105144837141,53.10372705078072,8.788225368921605,0.843,205.857,3.43095,14.742272548419534,bicycle,0.6756048919525891,1.247770716348155
1kmN3333E4239,53.10284361501675,8.784683909646972,7916.0,36192.65,53.10372705078072,8.778105144837141,53.10677218081326,8.778105144837141,0.929,130.737,2.17895,25.5811285252071,auto,0.3386030105917414,2.743625930485624
1kmN3333E4239,53.10284361501675,8.784683909646972,7916.0,36192.65,53.10372705078072,8.778105144837141,53.10677218081326,8.778105144837141,0.566,140.036,2.3339333333333334,14.55054414579108,bicycle,0.3386030105917414,1.6715740329976996
1kmN3333E4239,53.10284361501675,8.784683909646972,7916.0,36192.65,53.10372705078072,8.778105144837141,53.10677218081326,8.778105144837141,0.929,130.737,2.17895,25.5811285252071,truck,0.3386030105917414,2.743625930485624
1kmN3333E4239,53.10284361501675,8.784683909646972,7916.0,36192.65,53.10372705078072,8.778105144837141,53.10677218081326,8.783165256879371,1.501,247.189,4.119816666666667,21.86019604432236,auto,0.4782827749539206,3.1383108039895675
1kmN3333E4239,53.10284361501675,8.784683909646972,7916.0,36192.65,53.10372705078072,8.778105144837141,53.10677218081326,8.783165256879371,0.756,202.576,3.3762666666666665,13.434957744254008,bicycle,0.4782827749539206,1.5806548752938796
1kmN3333E4239,53.10284361501675,8.784683909646972,7916.0,36192.65,53.10372705078072,8.778105144837141,53.10677218081326,8.788225368921605,1.328,145.181,2.4196833333333334,32.92992884743871,auto,0.7556862142160606,1.7573431604513925
1kmN3333E4239,53.10284361501675,8.784683909646972,7916.0,36192.65,53.10372705078072,8.778105144837141,53.10677218081326,8.788225368921605,1.106,305.996,5.099933333333333,13.01193479653329,bicycle,0.7556862142160606,1.463570433327741
1kmN3333E4239,53.10284361501675,8.784683909646972,7916.0,36192.65,53.10372705078072,8.783165256879371,53.10068192074819,8.778105144837141,0.805,93.93,1.5655000000000001,30.8527626956244,auto,0.4782996653037931,1.683045292303733
1kmN3333E4239,53.10284361501675,8.784683909646972,7916.0,36192.65,53.10372705078072,8.783165256879371,53.10068192074819,8.778105144837141,0.787,184.885,3.0814166666666667,15.324120399167052,bicycle,0.4782996653037931,1.6454119814199226
1kmN3333E4239,53.10284361501675,8.784683909646972,7916.0,36192.65,53.10372705078072,8.783165256879371,53.10068192074819,8.778105144837141,0.805,93.93,1.5655000000000001,30.8527626956244,truck,0.4782996653037931,1.683045292303733
1kmN3333E4239,53.10284361501675,8.784683909646972,7916.0,36192.65,53.10372705078072,8.783165256879371,53.10068192074819,8.783165256879371,0.508,72.407,1.2067833333333333,25.257226511248916,auto,0.33860301059032677,1.5002819942868888
1kmN3333E4239,53.10284361501675,8.784683909646972,7916.0,36192.65,53.10372705078072,8.783165256879371,53.10068192074819,8.783165256879371,0.506,125.994,2.0999,14.457831325301205,bicycle,0.33860301059032677,1.4943753722621373
1kmN3333E4239,53.10284361501675,8.784683909646972,7916.0,36192.65,53.10372705078072,8.783165256879371,53.10068192074819,8.783165256879371,0.508,72.407,1.2067833333333333,25.257226511248916,truck,0.33860301059032677,1.5002819942868888
1kmN3333E4239,53.10284361501675,8.784683909646972,7916.0,36192.65,53.10372705078072,8.783165256879371,53.10068192074819,8.788225368921605,0.669,126.199,2.1033166666666667,19.084144882289085,auto,0.4782996653039431,1.398704721181173
1kmN3333E4239,53.10284361501675,8.784683909646972,7916.0,36192.65,53.10372705078072,8.783165256879371,53.10068192074819,8.788225368921605,0.668,161.302,2.6883666666666666,14.908680611523728,bicycle,0.4782996653039431,1.3966139816876286
1kmN3333E4239,53.10284361501675,8.784683909646972,7916.0,36192.65,53.10372705078072,8.783165256879371,53.10372705078072,8.778105144837141,0.974,126.881,2.1146833333333332,27.635343353220737,auto,0.33780244618682204,2.883342056858073
1kmN3333E4239,53.10284361501675,8.784683909646972,7916.0,36192.65,53.10372705078072,8.783165256879371,53.10372705078072,8.778105144837141,0.747,173.514,2.8919,15.49846121926761,bicycle,0.33780244618682204,2.2113516596231833
1kmN3333E4239,53.10284361501675,8.784683909646972,7916.0,36192.65,53.10372705078072,8.783165256879371,53.10372705078072,8.778105144837141,1.179,146.386,2.4397666666666664,28.994575984042193,truck,0.33780244618682204,3.4902056314534584
1kmN3333E4239,53.10284361501675,8.784683909646972,7916.0,36192.65,53.10372705078072,8.783165256879371,53.10372705078072,8.788225368921605,1.065,124.447,2.074116666666667,30.808295901066316,auto,0.3378024461870343,3.1527302777740434
1kmN3333E4239,53.10284361501675,8.784683909646972,7916.0,36192.65,53.10372705078072,8.783165256879371,53.10372705078072,8.788225368921605,0.583,141.156,2.3526000000000002,14.86865595511349,bicycle,0.3378024461870343,1.7258607999457907
1kmN3333E4239,53.10284361501675,8.784683909646972,7916.0,36192.65,53.10372705078072,8.783165256879371,53.10677218081326,8.778105144837141,1.0,111.905,1.8650833333333334,32.17014431884188,auto,0.4782827749539206,2.0908133271083065
1kmN3333E4239,53.10284361501675,8.784683909646972,7916.0,36192.65,53.10372705078072,8.783165256879371,53.10677218081326,8.778105144837141,1.0,226.411,3.7735166666666666,15.900287530199504,bicycle,0.4782827749539206,2.0908133271083065
1kmN3333E4239,53.10284361501675,8.784683909646972,7916.0,36192.65,53.10372705078072,8.783165256879371,53.10677218081326,8.778105144837141,1.0,111.905,1.8650833333333334,32.17014431884188,truck,0.4782827749539206,2.0908133271083065
1kmN3333E4239,53.10284361501675,8.784683909646972,7916.0,36192.65,53.10372705078072,8.783165256879371,53.10677218081326,8.783165256879371,1.11,205.012,3.4168666666666665,19.4915419585195,auto,0.3386030105917414,3.2781752237234043
1kmN3333E4239,53.10284361501675,8.784683909646972,7916.0,36192.65,53.10372705078072,8.783165256879371,53.10677218081326,8.783165256879371,0.897,230.701,3.8450166666666665,13.99733854643023,bicycle,0.3386030105917414,2.649119978089994
1kmN3333E4239,53.10284361501675,8.784683909646972,7916.0,36192.65,53.10372705078072,8.783165256879371,53.10677218081326,8.788225368921605,0.937,103.005,1.71675,32.7479248580166,auto,0.47828277495407057,1.9590920874998687
1kmN3333E4239,53.10284361501675,8.784683909646972,7916.0,36192.65,53.10372705078072,8.783165256879371,53.10677218081326,8.788225368921605,0.992,274.12,4.568666666666667,13.027871005399096,bicycle,0.47828277495407057,2.0740868204907894
1kmN3333E4239,53.10284361501675,8.784683909646972,7916.0,36192.65,53.10372705078072,8.788225368921605,53.10068192074819,8.778105144837141,0.889,90.977,1.5162833333333334,35.178121942908646,auto,0.7557289741748902,1.1763476462849873
1kmN3333E4239,53.10284361501675,8.784683909646972,7916.0,36192.65,53.10372705078072,8.788225368921605,53.10068192074819,8.778105144837141,0.878,220.553,3.675883333333333,14.331249178202066,bicycle,0.7557289741748902,1.1617921635975466
1kmN3333E4239,53.10284361501675,8.784683909646972,7916.0,36192.65,53.10372705078072,8.788225368921605,53.10068192074819,8.783165256879371,0.592,69.454,1.1575666666666666,30.68505773605552,auto,0.4782996653039431,1.2377177801782575
1kmN3333E4239,53.10284361501675,8.784683909646972,7916.0,36192.65,53.10372705078072,8.788225368921605,53.10068192074819,8.783165256879371,0.597,161.661,2.69435,13.294486610870896,bicycle,0.4782996653039431,1.2481714776459794
1kmN3333E4239,53.10284361501675,8.784683909646972,7916.0,36192.65,53.10372705078072,8.788225368921605,53.10068192074819,8.788225368921605,0.513,104.593,1.7432166666666666,17.657013375656113,auto,0.33860301059032677,1.5150485493487678
1kmN3333E4239,53.10284361501675,8.784683909646972,7916.0,36192.65,53.10372705078072,8.788225368921605,53.10068192074819,8.788225368921605,0.556,142.969,2.3828166666666664,14.000237813791802,bicycle,0.33860301059032677,1.6420409228809258
1kmN3333E4239,53.10284361501675,8.784683909646972,7916.0,36192.65,53.10372705078072,8.788225368921605,53.10372705078072,8.778105144837141,1.057,123.927,2.0654500000000002,30.70517320680723,auto,0.6756048919525891,1.5645238993831552
1kmN3333E4239,53.10284361501675,8.784683909646972,7916.0,36192.65,53.10372705078072,8.788225368921605,53.10372705078072,8.778105144837141,1.046,256.531,4.275516666666666,14.678927692949392,bicycle,0.6756048919525891,1.5482421937131319
1kmN3333E4239,53.10284361501675,8.784683909646972,7916.0,36192.65,53.10372705078072,8.788225368921605,53.10372705078072,8.783165256879371,1.353,130.364,2.1727333333333334,37.36307569574422,auto,0.3378024461870343,4.005299592327024
1kmN3333E4239,53.10284361501675,8.784683909646972,7916.0,36192.65,53.10372705078072,8.788225368921605,53.10372705078072,8.783165256879371,0.526,127.782,2.1297,14.818988589942247,bicycle,0.3378024461870343,1.55712312310718
1kmN3333E4239,53.10284361501675,8.784683909646972,7916.0,36192.65,53.10372705078072,8.788225368921605,53.10677218081326,8.778105144837141,1.048,113.894,1.8982333333333334,33.12553778074349,auto,0.7556862142160606,1.3868190001152556
1kmN3333E4239,53.10284361501675,8.784683909646972,7916.0,36192.65,53.10372705078072,8.788225368921605,53.10677218081326,8.778105144837141,0.91,209.204,3.4867333333333335,15.659356417659318,bicycle,0.7556862142160606,1.204203521092445
1kmN3333E4239,53.10284361501675,8.784683909646972,7916.0,36192.65,53.10372705078072,8.788225368921605,53.10677218081326,8.783165256879371,0.721,181.092,3.0182,14.333046186468755,auto,0.47828277495407057,1.507476408844616
1kmN3333E4239,53.10284361501675,8.784683909646972,7916.0,36192.65,53.10372705078072,8.788225368921605,53.10677218081326,8.783165256879371,0.673,202.801,3.3800166666666667,11.94668665341887,bicycle,0.47828277495407057,1.4071173691434489
1kmN3333E4239,53.10284361501675,8.784683909646972,7916.0,36192.65,53.10372705078072,8.788225368921605,53.10677218081326,8.783165256879371,0.609,158.258,2.6376333333333335,13.853328109795397,truck,0.47828277495407057,1.2733053162085592
1kmN3333E4239,53.10284361501675,8.784683909646972,7916.0,36192.65,53.10372705078072,8.788225368921605,53.10677218081326,8.788225368921605,0.405,55.592,0.9265333333333333,26.22679522233415,auto,0.3386030105917414,1.196090960007188
1kmN3333E4239,53.10284361501675,8.784683909646972,7916.0,36192.65,53.10372705078072,8.788225368921605,53.10677218081326,8.788225368921605,0.461,143.788,2.396466666666667,11.541992377667121,bicycle,0.3386030105917414,1.36147637669954
1kmN3333E4239,53.10284361501675,8.784683909646972,7916.0,36192.65,53.10677218081326,8.778105144837141,53.10068192074819,8.778105144837141,1.314,141.023,2.3503833333333333,33.54346454124505,auto,0.6772060211820684,1.9403253351268241
1kmN3333E4239,53.10284361501675,8.784683909646972,7916.0,36192.65,53.10677218081326,8.778105144837141,53.10068192074819,8.778105144837141,0.953,224.557,3.7426166666666663,15.278080843616543,bicycle,0.6772060211820684,1.407252697394112
1kmN3333E4239,53.10284361501675,8.784683909646972,7916.0,36192.65,53.10677218081326,8.778105144837141,53.10068192074819,8.778105144837141,1.314,141.023,2.3503833333333333,33.54346454124505,truck,0.6772060211820684,1.9403253351268241
1kmN3333E4239,53.10284361501675,8.784683909646972,7916.0,36192.65,53.10677218081326,8.778105144837141,53.10068192074819,8.783165256879371,1.017,119.5,1.9916666666666667,30.637656903765688,auto,0.7567816640852802,1.343848626709587
1kmN3333E4239,53.10284361501675,8.784683909646972,7916.0,36192.65,53.10677218081326,8.778105144837141,53.10068192074819,8.783165256879371,1.015,236.766,3.9461,15.432959124198575,bicycle,0.7567816640852802,1.3412058565488996
1kmN3333E4239,53.10284361501675,8.784683909646972,7916.0,36192.65,53.10677218081326,8.778105144837141,53.10068192074819,8.783165256879371,1.017,119.5,1.9916666666666667,30.637656903765688,truck,0.7567816640852802,1.343848626709587
1kmN3333E4239,53.10284361501675,8.784683909646972,7916.0,36192.65,53.10677218081326,8.778105144837141,53.10068192074819,8.788225368921605,1.177,173.292,2.8882,24.451215289799876,auto,0.9565824389136913,1.230421918822405
1kmN3333E4239,53.10284361501675,8.784683909646972,7916.0,36192.65,53.10677218081326,8.778105144837141,53.10068192074819,8.788225368921605,1.176,272.074,4.534566666666667,15.560472518505994,bicycle,0.9565824389136913,1.2293765306160986
1kmN3333E4239,53.10284361501675,8.784683909646972,7916.0,36192.65,53.10677218081326,8.778105144837141,53.10372705078072,8.778105144837141,0.804,110.258,1.8376333333333332,26.25115637867547,auto,0.3386030105917414,2.3744620539401953
1kmN3333E4239,53.10284361501675,8.784683909646972,7916.0,36192.65,53.10677218081326,8.778105144837141,53.10372705078072,8.778105144837141,0.559,143.336,2.3889333333333336,14.039738795557291,bicycle,0.3386030105917414,1.6509008559111558
1kmN3333E4239,53.10284361501675,8.784683909646972,7916.0,36192.65,53.10677218081326,8.778105144837141,53.10372705078072,8.778105144837141,0.804,110.258,1.8376333333333332,26.25115637867547,truck,0.3386030105917414,2.3744620539401953
1kmN3333E4239,53.10284361501675,8.784683909646972,7916.0,36192.65,53.10677218081326,8.778105144837141,53.10372705078072,8.783165256879371,0.551,73.288,1.2214666666666667,27.065822508459778,auto,0.4782827749539206,1.1520381432366769
1kmN3333E4239,53.10284361501675,8.784683909646972,7916.0,36192.65,53.10677218081326,8.778105144837141,53.10372705078072,8.783165256879371,0.551,127.211,2.1201833333333333,15.592991172147064,bicycle,0.4782827749539206,1.1520381432366769
1kmN3333E4239,53.10284361501675,8.784683909646972,7916.0,36192.65,53.10677218081326,8.778105144837141,53.10372705078072,8.783165256879371,0.551,73.288,1.2214666666666667,27.065822508459778,truck,0.4782827749539206,1.1520381432366769
1kmN3333E4239,53.10284361501675,8.784683909646972,7916.0,36192.65,53.10677218081326,8.778105144837141,53.10372705078072,8.788225368921605,1.574,171.54,2.859,33.032528856243445,auto,0.7556862142160606,2.0828751013181415
1kmN3333E4239,53.10284361501675,8.784683909646972,7916.0,36192.65,53.10677218081326,8.778105144837141,53.10372705078072,8.788225368921605,0.961,230.454,3.8409,15.012106537530265,bicycle,0.7556862142160606,1.271691850296527
1kmN3333E4239,53.10284361501675,8.784683909646972,7916.0,36192.65,53.10677218081326,8.778105144837141,53.10677218081326,8.783165256879371,1.619,252.105,4.20175,23.11893853751413,auto,0.33777853082511566,4.793081419488543
1kmN3333E4239,53.10284361501675,8.784683909646972,7916.0,36192.65,53.10677218081326,8.778105144837141,53.10677218081326,8.783165256879371,0.643,164.723,2.7453833333333337,14.052682381938162,bicycle,0.33777853082511566,1.9036141771038502
1kmN3333E4239,53.10284361501675,8.784683909646972,7916.0,36192.65,53.10677218081326,8.778105144837141,53.10677218081326,8.788225368921605,1.445,150.097,2.5016166666666666,34.65758809303317,auto,0.6755570612291726,2.138975495823891
1kmN3333E4239,53.10284361501675,8.784683909646972,7916.0,36192.65,53.10677218081326,8.778105144837141,53.10677218081326,8.788225368921605,1.126,281.042,4.684033333333333,14.423466955117028,bicycle,0.6755570612291726,1.6667726008980628
1kmN3333E4239,53.10284361501675,8.784683909646972,7916.0,36192.65,53.10677218081326,8.783165256879371,53.10068192074819,8.778105144837141,1.203,213.441,3.55735,20.2903846964735,auto,0.7567816640852802,1.5896262516535236
1kmN3333E4239,53.10284361501675,8.784683909646972,7916.0,36192.65,53.10677218081326,8.783165256879371,53.10068192074819,8.778105144837141,1.218,328.105,5.468416666666667,13.364014568507033,bicycle,0.7567816640852802,1.6094470278586797
1kmN3333E4239,53.10284361501675,8.784683909646972,7916.0,36192.65,53.10677218081326,8.783165256879371,53.10068192074819,8.783165256879371,0.906,191.918,3.1986333333333334,16.994758177971843,auto,0.6772060211820684,1.3378498886034267
1kmN3333E4239,53.10284361501675,8.784683909646972,7916.0,36192.65,53.10677218081326,8.783165256879371,53.10068192074819,8.783165256879371,0.938,269.213,4.486883333333334,12.543227853038298,bicycle,0.6772060211820684,1.3851028648013402
1kmN3333E4239,53.10284361501675,8.784683909646972,7916.0,36192.65,53.10677218081326,8.783165256879371,53.10068192074819,8.788225368921605,0.828,227.058,3.7843,13.127923261897841,auto,0.7567816640853751,1.0941068465244825
1kmN3333E4239,53.10284361501675,8.784683909646972,7916.0,36192.65,53.10677218081326,8.783165256879371,53.10068192074819,8.788225368921605,0.876,266.621,4.443683333333333,11.828025549375331,bicycle,0.7567816640853751,1.1575333303809743
1kmN3333E4239,53.10284361501675,8.784683909646972,7916.0,36192.65,53.10677218081326,8.783165256879371,53.10372705078072,8.778105144837141,1.372,246.392,4.106533333333333,20.046105393032242,auto,0.4782827749539206,2.8685958847925965
1kmN3333E4239,53.10284361501675,8.784683909646972,7916.0,36192.65,53.10677218081326,8.783165256879371,53.10372705078072,8.778105144837141,0.814,219.126,3.6521,13.373127789490976,bicycle,0.4782827749539206,1.7019220482661612
1kmN3333E4239,53.10284361501675,8.784683909646972,7916.0,36192.65,53.10677218081326,8.783165256879371,53.10372705078072,8.783165256879371,1.668,252.828,4.2138,23.75053395984622,auto,0.3386030105917414,4.926122768622196
1kmN3333E4239,53.10284361501675,8.784683909646972,7916.0,36192.65,53.10677218081326,8.783165256879371,53.10372705078072,8.783165256879371,0.474,159.658,2.6609666666666665,10.68784526926305,bicycle,0.3386030105917414,1.3998694198602644
1kmN3333E4239,53.10284361501675,8.784683909646972,7916.0,36192.65,53.10677218081326,8.783165256879371,53.10372705078072,8.788225368921605,0.524,146.114,2.4352333333333336,12.910467169470413,auto,0.47828277495407057,1.095586183404409
1kmN3333E4239,53.10284361501675,8.784683909646972,7916.0,36192.65,53.10677218081326,8.783165256879371,53.10372705078072,8.788225368921605,0.673,199.451,3.324183333333333,12.147344460544195,bicycle,0.47828277495407057,1.4071173691434489
1kmN3333E4239,53.10284361501675,8.784683909646972,7916.0,36192.65,53.10677218081326,8.783165256879371,53.10372705078072,8.788225368921605,0.524,146.114,2.4352333333333336,12.910467169470413,truck,0.47828277495407057,1.095586183404409
1kmN3333E4239,53.10284361501675,8.784683909646972,7916.0,36192.65,53.10677218081326,8.783165256879371,53.10677218081326,8.778105144837141,1.363,236.358,3.9393000000000002,20.760033508491354,auto,0.33777853082511566,4.035188372305673
1kmN3333E4239,53.10284361501675,8.784683909646972,7916.0,36192.65,53.10677218081326,8.783165256879371,53.10677218081326,8.778105144837141,0.545,150.473,2.5078833333333335,13.03888405228845,bicycle,0.33777853082511566,1.6134832449791576
1kmN3333E4239,53.10284361501675,8.784683909646972,7916.0,36192.65,53.10677218081326,8.783165256879371,53.10677218081326,8.788225368921605,0.681,163.57,2.7261666666666664,14.988078498502173,auto,0.337778530825328,2.01611392629379
1kmN3333E4239,53.10284361501675,8.784683909646972,7916.0,36192.65,53.10677218081326,8.783165256879371,53.10677218081326,8.788225368921605,0.936,299.59,4.993166666666666,11.247371407590375,bicycle,0.337778530825328,2.771046453760628
1kmN3333E4239,53.10284361501675,8.784683909646972,7916.0,36192.65,53.10677218081326,8.788225368921605,53.10068192074819,8.778105144837141,1.434,165.931,2.765516666666667,31.11172716370057,auto,0.9565824389136913,1.4990866878431
1kmN3333E4239,53.10284361501675,8.784683909646972,7916.0,36192.65,53.10677218081326,8.788225368921605,53.10068192074819,8.778105144837141,1.353,369.067,6.151116666666667,13.197603687135397,bicycle,0.9565824389136913,1.4144102431322971
1kmN3333E4239,53.10284361501675,8.784683909646972,7916.0,36192.65,53.10677218081326,8.788225368921605,53.10068192074819,8.783165256879371,1.137,144.409,2.4068166666666664,28.344493764239076,auto,0.7567816640853751,1.5024148363506482
1kmN3333E4239,53.10284361501675,8.784683909646972,7916.0,36192.65,53.10677218081326,8.788225368921605,53.10068192074819,8.783165256879371,1.072,310.176,5.1696,12.44196843082637,bicycle,0.7567816640853751,1.4165248061283158
1kmN3333E4239,53.10284361501675,8.784683909646972,7916.0,36192.65,53.10677218081326,8.788225368921605,53.10068192074819,8.788225368921605,1.059,179.548,2.9924666666666666,21.233319223828726,auto,0.6772060211820684,1.5637781810497007
1kmN3333E4239,53.10284361501675,8.784683909646972,7916.0,36192.65,53.10677218081326,8.788225368921605,53.10068192074819,8.788225368921605,1.032,291.484,4.858066666666667,12.745811090831744,bicycle,0.6772060211820684,1.5239084823827111
1kmN3333E4239,53.10284361501675,8.784683909646972,7916.0,36192.65,53.10677218081326,8.788225368921605,53.10372705078072,8.778105144837141,1.603,198.882,3.3147,29.016200561136753,auto,0.7556862142160606,2.121250817924384
1kmN3333E4239,53.10284361501675,8.784683909646972,7916.0,36192.65,53.10677218081326,8.788225368921605,53.10372705078072,8.778105144837141,1.522,405.046,6.750766666666666,13.52735244885766,bicycle,0.7556862142160606,2.01406347154143
1kmN3333E4239,53.10284361501675,8.784683909646972,7916.0,36192.65,53.10677218081326,8.788225368921605,53.10372705078072,8.783165256879371,1.899,205.319,3.421983333333333,33.29648011143635,auto,0.47828277495407057,3.9704545081774287
1kmN3333E4239,53.10284361501675,8.784683909646972,7916.0,36192.65,53.10677218081326,8.788225368921605,53.10372705078072,8.783165256879371,0.789,231.12,3.852,12.289719626168223,bicycle,0.47828277495407057,1.6496517150879364
1kmN3333E4239,53.10284361501675,8.784683909646972,7916.0,36192.65,53.10677218081326,8.788225368921605,53.10372705078072,8.788225368921605,0.545,74.954,1.2492333333333332,26.176054646850073,auto,0.3386030105917414,1.6095545017380677
1kmN3333E4239,53.10284361501675,8.784683909646972,7916.0,36192.65,53.10677218081326,8.788225368921605,53.10372705078072,8.788225368921605,0.475,148.514,2.4752333333333336,11.51406601397848,bicycle,0.3386030105917414,1.4028227308726278
1kmN3333E4239,53.10284361501675,8.784683909646972,7916.0,36192.65,53.10677218081326,8.788225368921605,53.10677218081326,8.778105144837141,1.928,246.556,4.109266666666667,28.151008290205873,auto,0.6755570612291726,2.8539410075767897
1kmN3333E4239,53.10284361501675,8.784683909646972,7916.0,36192.65,53.10677218081326,8.788225368921605,53.10677218081326,8.778105144837141,1.126,284.142,4.7357,14.266106383428003,bicycle,0.6755570612291726,1.6667726008980628
1kmN3333E4239,53.10284361501675,8.784683909646972,7916.0,36192.65,53.10677218081326,8.788225368921605,53.10677218081326,8.783165256879371,0.732,179.012,2.9835333333333334,14.720800840167138,auto,0.337778530825328,2.1671004317871576
1kmN3333E4239,53.10284361501675,8.784683909646972,7916.0,36192.65,53.10677218081326,8.788225368921605,53.10677218081326,8.783165256879371,1.268,332.783,5.546383333333334,13.717046844340004,bicycle,0.337778530825328,3.7539389993252947
